# Blender 4.5.12 LTS
# www.blender.org
mtllib goat.mtl
o goat
v -0.077591 0.474570 0.431815
v -0.076563 0.475946 0.432944
v -0.076933 0.474966 0.433119
v -0.078503 0.474539 0.431327
v -0.076968 0.475710 0.431436
v -0.078630 0.474188 0.433301
v -0.076431 0.474278 0.440093
v -0.074826 0.475467 0.452146
v -0.075707 0.472583 0.459746
v -0.075673 0.478605 0.439482
v -0.075862 0.476444 0.435521
v -0.077372 0.476900 0.431717
v -0.076171 0.475263 0.435781
v -0.073500 0.477333 0.460235
v -0.074736 0.479953 0.452199
v -0.076752 0.479764 0.439442
v -0.079411 0.477083 0.432669
v -0.078840 0.476594 0.431304
v -0.077283 0.475648 0.429867
v -0.079691 0.480067 0.439263
v -0.078353 0.481733 0.445025
v -0.085536 0.479152 0.460425
v -0.086794 0.475076 0.469977
v -0.086538 0.476537 0.481886
v -0.084588 0.476705 0.451971
v -0.083112 0.478631 0.444953
v -0.079532 0.474017 0.435873
v -0.079411 0.477083 0.432669
v -0.083282 0.481420 0.451997
v -0.078515 0.483621 0.460793
v -0.081324 0.473588 0.445135
v -0.083077 0.471529 0.459758
v -0.080113 0.472028 0.451917
v -0.080667 0.468550 0.468562
v -0.083668 0.466868 0.478941
v -0.079275 0.462137 0.488202
v -0.082823 0.463167 0.489340
v -0.077114 0.457227 0.497825
v -0.077820 0.452289 0.509158
v -0.070137 0.444646 0.515298
v -0.076171 0.475263 0.435781
v -0.077656 0.474196 0.434004
v -0.076431 0.474278 0.440093
v -0.075707 0.472583 0.459746
v -0.073859 0.468171 0.478098
v -0.072230 0.464855 0.487727
v -0.069441 0.460323 0.496860
v -0.069731 0.452240 0.505608
v -0.061265 0.448267 0.513261
v -0.060972 0.438454 0.520855
v -0.051031 0.433588 0.526417
v -0.044465 0.406853 0.543738
v -0.041651 0.417844 0.537049
v -0.035923 0.404135 0.543916
v -0.043020 0.399369 0.546450
v -0.049827 0.405391 0.547339
v -0.048679 0.397292 0.550357
v -0.061019 0.429511 0.529344
v -0.069713 0.438088 0.525963
v -0.056571 0.414415 0.545692
v -0.053590 0.405651 0.551301
v -0.058437 0.416734 0.550260
v -0.055000 0.409945 0.560169
v -0.058580 0.420049 0.554792
v -0.053390 0.414456 0.564693
v -0.060784 0.432815 0.551828
v -0.052151 0.396433 0.554937
v -0.053573 0.396849 0.559295
v -0.053521 0.397738 0.565233
v -0.050991 0.404903 0.570403
v -0.046491 0.409516 0.573471
v -0.056949 0.436908 0.553849
v -0.040690 0.412555 0.574327
v -0.070843 0.448773 0.536410
v -0.067350 0.452812 0.537858
v -0.075624 0.456295 0.527152
v -0.076769 0.466509 0.517660
v -0.082930 0.468576 0.505418
v -0.083056 0.476598 0.494503
v -0.086396 0.469433 0.492458
v -0.081073 0.481636 0.482611
v -0.084525 0.481223 0.470983
v -0.075353 0.479275 0.493802
v -0.076517 0.474208 0.506161
v -0.075130 0.481919 0.470600
v -0.068287 0.469990 0.516152
v -0.068086 0.462895 0.528130
v -0.068486 0.473967 0.503342
v -0.069489 0.475047 0.490881
v -0.061590 0.466305 0.510916
v -0.059055 0.463167 0.523442
v -0.057552 0.457201 0.535546
v -0.057030 0.448181 0.546021
v -0.047125 0.449237 0.540084
v -0.046078 0.441791 0.551730
v -0.047159 0.431427 0.561333
v -0.037308 0.423888 0.566388
v -0.035921 0.433197 0.554949
v -0.038357 0.439109 0.542346
v -0.050628 0.453828 0.528021
v -0.044278 0.442630 0.530963
v -0.055999 0.456525 0.516703
v -0.052392 0.445304 0.521455
v -0.034281 0.414265 0.572532
v -0.028476 0.414841 0.568172
v -0.028160 0.422685 0.555042
v -0.033031 0.427081 0.542686
v -0.041288 0.430150 0.533396
v -0.029028 0.408419 0.545391
v -0.041651 0.417844 0.537049
v -0.035923 0.404135 0.543916
v -0.051031 0.433588 0.526417
v -0.061265 0.448267 0.513261
v -0.022786 0.411154 0.552564
v -0.024347 0.414314 0.561419
v -0.057745 0.452156 0.514315
v -0.066693 0.463652 0.497599
v -0.069441 0.460323 0.496860
v -0.072230 0.464855 0.487727
v -0.071020 0.474369 0.479362
v -0.073859 0.468171 0.478098
v -0.065415 0.467528 0.499079
v 0.140733 0.392163 0.529177
v 0.145600 0.389550 0.527583
v 0.148801 0.391748 0.526019
v 0.146307 0.382555 0.523952
v 0.142343 0.380061 0.520797
v 0.149813 0.389847 0.522529
v 0.149402 0.393227 0.523889
v 0.145465 0.394208 0.525573
v 0.140101 0.393957 0.527413
v 0.134252 0.393668 0.529510
v 0.128645 0.391048 0.533557
v 0.127953 0.393636 0.531966
v 0.121414 0.390560 0.535868
v 0.113084 0.390348 0.540039
v 0.122091 0.375154 0.529813
v 0.129498 0.377705 0.527423
v 0.120664 0.393644 0.534942
v 0.102324 0.393729 0.543278
v 0.093203 0.389574 0.550579
v 0.091366 0.392538 0.547965
v 0.105630 0.360821 0.542930
v 0.116434 0.361366 0.537061
v 0.106478 0.363995 0.544871
v 0.094644 0.361107 0.547513
v 0.096086 0.363391 0.551098
v 0.104239 0.372219 0.541539
v 0.094565 0.371968 0.547936
v 0.104172 0.385896 0.544831
v 0.113209 0.377745 0.536026
v 0.072074 0.384716 0.557928
v 0.080528 0.389028 0.551796
v 0.070658 0.384991 0.554167
v 0.082429 0.387369 0.555142
v 0.084010 0.383622 0.556277
v 0.085851 0.367210 0.555799
v 0.084970 0.363407 0.553619
v 0.073352 0.363364 0.543458
v 0.084101 0.361650 0.549931
v 0.074369 0.360560 0.550675
v 0.074677 0.361962 0.554625
v 0.074717 0.369386 0.559738
v 0.074276 0.378254 0.561292
v 0.073529 0.382189 0.560550
v 0.065619 0.362135 0.558717
v 0.064861 0.373085 0.563279
v 0.064541 0.378210 0.563360
v 0.064139 0.381975 0.561848
v 0.062955 0.384069 0.559012
v 0.061362 0.384628 0.555415
v 0.060970 0.373122 0.537590
v 0.068924 0.379086 0.540156
v 0.070273 0.374908 0.538507
v 0.062691 0.368168 0.537774
v 0.071492 0.370530 0.539171
v 0.065122 0.360124 0.541859
v 0.065574 0.358090 0.545998
v 0.065778 0.358633 0.555081
v 0.082829 0.364642 0.542488
v 0.081163 0.372201 0.537617
v 0.080069 0.376807 0.536548
v 0.089356 0.383152 0.534493
v 0.078451 0.385484 0.540314
v 0.099681 0.391687 0.535727
v 0.088938 0.391010 0.539972
v 0.090077 0.378078 0.533900
v 0.099437 0.383608 0.530924
v 0.109041 0.387948 0.529362
v 0.118234 0.391362 0.528711
v 0.117705 0.383937 0.525088
v 0.125367 0.388599 0.524649
v 0.127285 0.377809 0.521849
v 0.132297 0.383710 0.521083
v 0.109240 0.378699 0.527175
v 0.099871 0.378432 0.530611
v 0.091034 0.373240 0.535180
v 0.101695 0.369025 0.533831
v 0.111247 0.369635 0.529308
v 0.119180 0.375314 0.524382
v 0.133371 0.368829 0.523572
v 0.137746 0.375884 0.520703
v 0.139959 0.374149 0.522242
v 0.126286 0.364323 0.530989
v 0.135009 0.368560 0.526851
v 0.124267 0.364888 0.527848
v 0.114230 0.362850 0.533649
v 0.103936 0.362286 0.539300
v 0.092682 0.365052 0.540133
v 0.116434 0.361366 0.537061
v 0.105630 0.360821 0.542930
v 0.082365 -0.323238 -0.296164
v 0.082183 -0.309957 -0.295529
v 0.089300 -0.310592 -0.294157
v 0.086402 -0.297661 -0.296271
v 0.081713 -0.284961 -0.298612
v 0.071979 -0.333568 -0.291147
v 0.077720 -0.308858 -0.292736
v 0.077900 -0.296310 -0.293795
v 0.079231 -0.272145 -0.299658
v 0.081537 -0.260080 -0.303054
v 0.078806 -0.246889 -0.304384
v 0.084397 -0.247669 -0.305372
v 0.081277 -0.234541 -0.309709
v 0.088350 -0.234790 -0.308698
v 0.073884 -0.307435 -0.287032
v 0.067532 -0.331609 -0.282823
v 0.068729 -0.345424 -0.286540
v 0.071365 -0.346538 -0.290542
v 0.075525 -0.233161 -0.304764
v 0.072806 -0.243793 -0.293462
v 0.075450 -0.270698 -0.294649
v 0.074341 -0.294813 -0.288028
v 0.071050 -0.305815 -0.278364
v 0.068917 -0.318241 -0.278068
v 0.066886 -0.330622 -0.277575
v 0.067674 -0.229283 -0.280833
v 0.065078 -0.217727 -0.279673
v 0.071207 -0.231030 -0.295050
v 0.069013 -0.241771 -0.281514
v 0.069771 -0.254779 -0.281562
v 0.070410 -0.267793 -0.281148
v 0.071385 -0.293208 -0.279233
v 0.056517 -0.172672 -0.272742
v 0.061727 -0.169974 -0.290501
v 0.059936 -0.183724 -0.284741
v 0.060088 -0.196053 -0.276331
v 0.064116 -0.194347 -0.295257
v 0.062435 -0.206810 -0.278067
v 0.065991 -0.206645 -0.296659
v 0.070482 -0.219608 -0.302903
v 0.076035 -0.220640 -0.312008
v 0.071501 -0.206349 -0.308432
v 0.070234 -0.192719 -0.306997
v 0.078774 -0.205911 -0.314753
v 0.084514 -0.220895 -0.315189
v 0.083329 -0.205767 -0.315477
v 0.065759 -0.180753 -0.299765
v 0.072799 -0.178894 -0.308598
v 0.077757 -0.191631 -0.313255
v 0.082359 -0.191452 -0.313667
v 0.091411 -0.192207 -0.308963
v 0.086427 -0.178666 -0.309178
v 0.096759 -0.158219 -0.294710
v 0.081761 -0.178259 -0.310903
v 0.076818 -0.166081 -0.307637
v 0.069761 -0.144748 -0.296416
v 0.097826 -0.124670 -0.289988
v 0.105129 -0.113901 -0.284085
v 0.103405 -0.125378 -0.283444
v 0.102659 -0.148274 -0.286362
v 0.096722 -0.147145 -0.292047
v 0.086230 -0.156191 -0.301371
v 0.082211 -0.144997 -0.300064
v 0.078030 -0.144708 -0.300030
v 0.108399 -0.126292 -0.274405
v 0.109895 -0.114516 -0.274570
v 0.078712 -0.123366 -0.299533
v 0.083315 -0.123641 -0.299824
v 0.115842 -0.102514 -0.264731
v 0.113072 -0.102663 -0.276419
v 0.113812 -0.115009 -0.263559
v 0.112603 -0.127328 -0.263811
v 0.112720 -0.151247 -0.269087
v 0.112936 -0.175519 -0.276624
v 0.102589 -0.171115 -0.292442
v 0.115218 -0.189561 -0.269556
v 0.115230 -0.140960 -0.254823
v 0.117008 -0.115480 -0.251836
v 0.117973 -0.102417 -0.252463
v 0.118154 -0.089255 -0.253589
v 0.117930 -0.076742 -0.267910
v 0.119002 -0.076190 -0.255061
v 0.117332 -0.089940 -0.240327
v 0.115300 -0.079947 -0.227367
v 0.120695 -0.062824 -0.243966
v 0.120046 0.015980 -0.185794
v 0.120985 0.003056 -0.181533
v 0.122654 0.009938 -0.217482
v 0.122595 -0.017779 -0.206563
v 0.122465 -0.024322 -0.225863
v 0.117550 -0.051613 -0.208782
v 0.112783 -0.075621 -0.210889
v 0.107593 -0.092310 -0.202825
v 0.117605 -0.103096 -0.239705
v 0.121043 -0.023967 -0.181081
v 0.118633 -0.038312 -0.183396
v 0.107017 -0.102696 -0.206109
v 0.118438 -0.116441 -0.239651
v 0.119077 0.005021 -0.171375
v 0.118642 -0.007344 -0.167172
v 0.117026 -0.019191 -0.162758
v 0.114719 -0.047258 -0.176167
v 0.108984 -0.075572 -0.193495
v 0.103558 -0.096104 -0.195181
v 0.116336 -0.005739 -0.157708
v 0.103756 -0.079551 -0.185772
v 0.103955 -0.067943 -0.175341
v 0.104099 -0.117240 -0.202647
v 0.099797 -0.097969 -0.190780
v 0.098678 -0.081292 -0.181851
v 0.096842 -0.069506 -0.173553
v 0.092055 -0.060841 -0.166082
v 0.100846 -0.056060 -0.162725
v 0.109432 -0.054187 -0.169921
v 0.074059 -0.063355 -0.181043
v 0.082739 -0.066105 -0.172476
v 0.070761 -0.067534 -0.179637
v 0.084783 -0.065216 -0.173462
v 0.087119 -0.066737 -0.175079
v 0.091164 -0.074657 -0.179129
v 0.095006 -0.098097 -0.190058
v 0.100124 -0.119103 -0.198648
v 0.090096 -0.106957 -0.197091
v 0.083087 -0.094086 -0.198727
v 0.070200 -0.065092 -0.192348
v 0.066084 -0.065925 -0.190793
v 0.078703 -0.064881 -0.183378
v 0.085921 -0.079568 -0.187734
v 0.071780 -0.076926 -0.204147
v 0.069049 -0.090263 -0.215849
v 0.073528 -0.068013 -0.193340
v 0.066240 -0.068307 -0.202724
v 0.062159 -0.071410 -0.213510
v 0.058699 -0.074974 -0.225369
v 0.056192 -0.065607 -0.211056
v 0.059534 -0.066736 -0.200113
v 0.056657 -0.070550 -0.199931
v 0.063026 -0.069956 -0.190277
v 0.053896 -0.086741 -0.250981
v 0.055689 -0.080110 -0.237941
v 0.052875 -0.073009 -0.251107
v 0.053290 -0.067729 -0.237934
v 0.053563 -0.065462 -0.224123
v 0.052726 -0.065321 -0.208822
v 0.049150 -0.067225 -0.206244
v 0.049006 -0.064211 -0.222673
v 0.048628 -0.064643 -0.237431
v 0.048431 -0.068900 -0.264721
v 0.051865 -0.073255 -0.264350
v 0.044620 -0.064530 -0.220344
v 0.037044 -0.064504 -0.234628
v 0.038990 -0.065336 -0.250772
v 0.032140 -0.065782 -0.250037
v 0.043276 -0.066735 -0.264815
v 0.036833 -0.066552 -0.264807
v 0.053538 -0.079294 -0.263994
v 0.054557 -0.096409 -0.263799
v 0.056035 -0.120279 -0.253861
v 0.055331 -0.120680 -0.264860
v 0.055754 -0.133650 -0.266109
v 0.055860 -0.159569 -0.259797
v 0.056517 -0.172672 -0.272742
v 0.057627 -0.183953 -0.253007
v 0.058302 -0.146031 -0.246666
v 0.059206 -0.107924 -0.240983
v 0.058073 -0.096581 -0.239304
v 0.060727 -0.081367 -0.225929
v 0.070534 -0.099704 -0.217396
v 0.064185 -0.121012 -0.231552
v 0.059962 -0.183370 -0.243715
v 0.057865 -0.196096 -0.245555
v 0.058128 -0.196059 -0.254541
v 0.059511 -0.210162 -0.242945
v 0.065737 -0.222395 -0.244662
v 0.063903 -0.211280 -0.237786
v 0.064424 -0.198525 -0.232375
v 0.068103 -0.185588 -0.230197
v 0.077738 -0.125022 -0.215241
v 0.072540 -0.233064 -0.246134
v 0.077829 -0.222931 -0.237566
v 0.070040 -0.211991 -0.234014
v 0.070573 -0.200085 -0.228176
v 0.073790 -0.187396 -0.225876
v 0.078225 -0.163369 -0.219335
v 0.089385 -0.129428 -0.205161
v 0.078204 -0.201098 -0.226246
v 0.087439 -0.189363 -0.223223
v 0.093982 -0.201295 -0.226230
v 0.095014 -0.177236 -0.220526
v 0.100622 -0.188260 -0.226172
v 0.101624 -0.200395 -0.228310
v 0.084658 -0.164820 -0.216779
v 0.094575 -0.130627 -0.202618
v 0.097129 -0.153885 -0.212185
v 0.100882 -0.164402 -0.219395
v 0.105768 -0.174703 -0.227396
v 0.108467 -0.198740 -0.232500
v 0.102576 -0.140776 -0.210870
v 0.110688 -0.160615 -0.229592
v 0.112638 -0.196344 -0.239792
v 0.115544 -0.132170 -0.230512
v 0.114567 -0.170162 -0.241601
v 0.115745 -0.205820 -0.252123
v 0.113335 -0.208280 -0.243548
v 0.111718 -0.219690 -0.248633
v 0.107142 -0.221598 -0.242258
v 0.115786 -0.179750 -0.255387
v 0.115912 -0.203373 -0.261962
v 0.113692 -0.201028 -0.272591
v 0.111459 -0.187392 -0.279792
v 0.089091 -0.220755 -0.313553
v 0.091856 -0.206044 -0.310484
v 0.100387 -0.194701 -0.298134
v 0.099611 -0.207231 -0.300133
v 0.098993 -0.220358 -0.300395
v 0.094123 -0.234028 -0.302194
v 0.105260 -0.235216 -0.280055
v 0.098982 -0.246622 -0.286023
v 0.104064 -0.249197 -0.273743
v 0.101348 -0.261472 -0.273986
v 0.087046 -0.247653 -0.303991
v 0.098098 -0.273134 -0.278933
v 0.086518 -0.260287 -0.301356
v 0.099749 -0.298704 -0.270852
v 0.090435 -0.297818 -0.292277
v 0.088367 -0.285255 -0.296014
v 0.084120 -0.272813 -0.300790
v 0.091717 -0.310582 -0.291838
v 0.097089 -0.310841 -0.279335
v 0.079280 -0.349099 -0.294517
v 0.090593 -0.337327 -0.295306
v 0.097693 -0.336810 -0.291536
v 0.097512 -0.323202 -0.288481
v 0.100790 -0.323470 -0.278858
v 0.100814 -0.336395 -0.288246
v 0.104066 -0.336485 -0.278095
v 0.100478 -0.311424 -0.264113
v 0.101754 -0.323760 -0.267970
v 0.103555 -0.336457 -0.266115
v 0.100374 -0.323673 -0.257745
v 0.100823 -0.335349 -0.255729
v 0.099962 -0.311656 -0.259065
v 0.099808 -0.275304 -0.261864
v 0.102146 -0.262664 -0.267766
v 0.104518 -0.250823 -0.266903
v 0.097847 -0.264319 -0.256970
v 0.097008 -0.275786 -0.257224
v 0.097113 -0.311874 -0.255220
v 0.097418 -0.323593 -0.254044
v 0.089756 -0.254132 -0.249528
v 0.099610 -0.253238 -0.255420
v 0.105771 -0.241225 -0.257910
v 0.088717 -0.276712 -0.251389
v 0.088877 -0.265224 -0.251087
v 0.078975 -0.243392 -0.247798
v 0.091021 -0.243432 -0.246436
v 0.096855 -0.243214 -0.248532
v 0.104805 -0.232173 -0.247712
v 0.098962 -0.232978 -0.243699
v 0.092300 -0.233205 -0.241687
v 0.078601 -0.233042 -0.243294
v 0.073666 -0.243406 -0.250342
v 0.101548 -0.211837 -0.232739
v 0.093183 -0.222976 -0.236308
v 0.077503 -0.212399 -0.231611
v 0.143757 0.392713 0.520952
v 0.147779 0.393410 0.521989
v 0.147520 0.391216 0.520706
v 0.145465 0.394208 0.525573
v 0.140101 0.393957 0.527413
v 0.067702 0.382386 0.542989
v 0.078311 0.388214 0.543795
v 0.089784 0.392717 0.543905
v 0.110576 0.393788 0.535097
v 0.126750 0.393493 0.529005
v 0.132472 0.392098 0.524726
v 0.134252 0.393668 0.529510
v 0.127953 0.393636 0.531966
v 0.120664 0.393644 0.534942
v 0.102324 0.393729 0.543278
v 0.091366 0.392538 0.547965
v 0.080528 0.389028 0.551796
v 0.070658 0.384991 0.554167
v 0.068296 0.384144 0.546547
v 0.061362 0.384628 0.555415
v 0.057299 0.383678 0.547955
v 0.053627 0.382686 0.542977
v 0.058439 0.377990 0.539285
v 0.055509 0.364999 0.533795
v 0.053228 0.370954 0.533413
v 0.080683 -0.378824 -0.282273
v 0.079618 -0.374658 -0.290022
v 0.085325 -0.372553 -0.288739
v 0.085854 -0.376945 -0.282004
v 0.090243 -0.373613 -0.288461
v 0.091180 -0.378493 -0.281930
v 0.090877 -0.365101 -0.293885
v 0.092505 -0.350031 -0.293611
v 0.084852 -0.362739 -0.293324
v 0.083866 -0.349891 -0.294350
v 0.079132 -0.362968 -0.294808
v 0.072687 -0.374868 -0.289379
v 0.075498 -0.377671 -0.280550
v 0.081094 -0.379896 -0.275522
v 0.073402 -0.361864 -0.293453
v 0.068197 -0.371809 -0.285337
v 0.071602 -0.376392 -0.277861
v 0.076630 -0.381142 -0.274633
v 0.069880 -0.382127 -0.269849
v 0.069043 -0.374923 -0.274333
v 0.072800 -0.382075 -0.272845
v 0.065893 -0.368597 -0.280651
v 0.069377 -0.359911 -0.289711
v 0.066928 -0.342755 -0.276175
v 0.067170 -0.357940 -0.284916
v 0.064290 -0.365975 -0.275609
v 0.066941 -0.373566 -0.270244
v 0.066126 -0.353910 -0.273736
v 0.063889 -0.363366 -0.269870
v 0.066101 -0.371634 -0.265150
v 0.067931 -0.381461 -0.265798
v 0.066907 -0.380106 -0.260622
v 0.070084 -0.390247 -0.266746
v 0.066461 -0.399240 -0.260139
v 0.064780 -0.398853 -0.253709
v 0.065869 -0.408790 -0.257998
v 0.064757 -0.408580 -0.250587
v 0.065957 -0.416167 -0.256249
v 0.064597 -0.415900 -0.248306
v 0.063169 -0.420609 -0.247375
v 0.066218 -0.428199 -0.261622
v 0.062704 -0.428223 -0.255349
v 0.068881 -0.416093 -0.261907
v 0.071757 -0.408466 -0.267847
v 0.072643 -0.398975 -0.268317
v 0.073130 -0.389896 -0.269775
v 0.076764 -0.388900 -0.271695
v 0.076775 -0.398219 -0.269620
v 0.076320 -0.407968 -0.269736
v 0.076270 -0.415503 -0.267366
v 0.084955 -0.420223 -0.265061
v 0.075841 -0.428749 -0.265743
v 0.097345 -0.427351 -0.264899
v 0.092988 -0.427414 -0.266034
v 0.097930 -0.413432 -0.266986
v 0.093949 -0.414071 -0.269235
v 0.093180 -0.395218 -0.270205
v 0.085493 -0.406371 -0.268736
v 0.084841 -0.429641 -0.262353
v 0.105616 -0.432649 -0.224907
v 0.106443 -0.431865 -0.241557
v 0.108747 -0.428152 -0.233066
v 0.107451 -0.427896 -0.250032
v 0.102565 -0.430904 -0.255997
v 0.104430 -0.427619 -0.256706
v 0.100528 -0.419080 -0.261648
v 0.100450 -0.404270 -0.264334
v 0.099271 -0.394434 -0.265700
v 0.101783 -0.393500 -0.261394
v 0.105685 -0.401917 -0.252751
v 0.103632 -0.418877 -0.256446
v 0.104964 -0.411480 -0.250175
v 0.106725 -0.417366 -0.241027
v 0.108011 -0.420221 -0.223168
v 0.107113 -0.416031 -0.231572
v 0.104036 -0.407408 -0.235534
v 0.105945 -0.396938 -0.238201
v 0.104590 -0.389288 -0.248813
v 0.102535 -0.384600 -0.265045
v 0.104413 -0.411899 -0.225893
v 0.105594 -0.416800 -0.220058
v 0.104172 -0.394517 -0.232227
v 0.103355 -0.376969 -0.246820
v 0.099138 -0.403240 -0.227255
v 0.100788 -0.415380 -0.217949
v 0.105084 -0.425344 -0.211076
v 0.106906 -0.430632 -0.216342
v 0.104188 -0.430165 -0.209029
v 0.098690 -0.427951 -0.206988
v 0.099844 -0.424121 -0.209152
v 0.094995 -0.423829 -0.210438
v 0.094097 -0.427311 -0.209133
v 0.094648 -0.430863 -0.210089
v 0.090920 -0.427524 -0.213002
v 0.091285 -0.430595 -0.213365
v 0.087102 -0.428052 -0.216082
v 0.097690 -0.431086 -0.207971
v 0.097427 -0.432472 -0.212967
v 0.097690 -0.431086 -0.207971
v 0.093840 -0.432400 -0.215802
v 0.091285 -0.430595 -0.213365
v 0.087102 -0.428052 -0.216082
v 0.090920 -0.427524 -0.213002
v 0.074078 -0.431810 -0.209280
v 0.077268 -0.428528 -0.206850
v 0.073519 -0.427674 -0.205680
v 0.078108 -0.432106 -0.211568
v 0.082948 -0.428337 -0.214373
v 0.086729 -0.430870 -0.216490
v 0.073086 -0.423897 -0.207342
v 0.068909 -0.419595 -0.212226
v 0.068596 -0.424890 -0.208283
v 0.070063 -0.429898 -0.207205
v 0.070717 -0.432517 -0.213961
v 0.083248 -0.432921 -0.219667
v 0.092681 -0.433044 -0.221747
v 0.064414 -0.414985 -0.239751
v 0.062781 -0.419984 -0.238213
v 0.065428 -0.413451 -0.232630
v 0.064644 -0.417564 -0.223618
v 0.068676 -0.409710 -0.224608
v 0.065344 -0.421081 -0.215173
v 0.071302 -0.408412 -0.222461
v 0.073041 -0.419062 -0.211501
v 0.063182 -0.427110 -0.219969
v 0.061064 -0.427739 -0.237283
v 0.061211 -0.428103 -0.246590
v 0.062691 -0.432004 -0.255271
v 0.061568 -0.431809 -0.246351
v 0.062838 -0.431274 -0.228229
v 0.066826 -0.430856 -0.212517
v 0.065001 -0.426397 -0.212615
v 0.066356 -0.433077 -0.228671
v 0.065808 -0.433534 -0.254092
v 0.066754 -0.431603 -0.260966
v 0.071618 -0.431505 -0.263170
v 0.085433 -0.432101 -0.256351
v 0.077107 -0.433301 -0.245281
v 0.092738 -0.429625 -0.264250
v 0.095076 -0.432712 -0.253368
v 0.088383 -0.433360 -0.232462
v 0.102236 -0.433210 -0.233155
v 0.100206 -0.433098 -0.218188
v 0.103810 -0.432953 -0.217005
v 0.100784 -0.432322 -0.210810
v 0.098690 -0.427951 -0.206988
v 0.085801 -0.379357 -0.275979
v 0.090094 -0.379787 -0.275287
v 0.089585 -0.386091 -0.272710
v 0.099844 -0.385826 -0.268484
v 0.100644 -0.379451 -0.271718
v 0.095704 -0.379151 -0.278966
v 0.093817 -0.380076 -0.285693
v 0.095741 -0.375404 -0.291022
v 0.097433 -0.381436 -0.285421
v 0.099731 -0.379181 -0.278318
v 0.102305 -0.381015 -0.285323
v 0.100147 -0.374363 -0.291689
v 0.103885 -0.377715 -0.277968
v 0.106339 -0.377450 -0.284895
v 0.103847 -0.372498 -0.290790
v 0.099447 -0.361944 -0.292514
v 0.095893 -0.362704 -0.294111
v 0.098730 -0.349551 -0.289894
v 0.101231 -0.349327 -0.286651
v 0.105659 -0.368849 -0.289365
v 0.104114 -0.361146 -0.285767
v 0.105993 -0.361283 -0.280384
v 0.103901 -0.349493 -0.276637
v 0.107245 -0.361965 -0.273928
v 0.106511 -0.359655 -0.260531
v 0.105435 -0.372703 -0.263279
v 0.103380 -0.367474 -0.251191
v 0.104726 -0.375698 -0.270300
v 0.107983 -0.372225 -0.278221
v 0.107857 -0.370743 -0.285043
v 0.070826 -0.428774 -0.265178
v 0.072251 -0.415871 -0.265721
v 0.032140 -0.065782 -0.250037
v 0.036833 -0.066552 -0.264807
v 0.038990 -0.065336 -0.250772
v -0.040424 -0.066656 -0.294433
v -0.044139 -0.073086 -0.278797
v -0.049812 -0.068686 -0.292615
v -0.029716 -0.064938 -0.295228
v -0.024625 -0.071078 -0.280776
v -0.040414 -0.075450 -0.264086
v 0.000123 -0.069324 -0.265434
v 0.035955 -0.065418 -0.278516
v 0.003544 -0.068394 -0.251134
v 0.005773 -0.068571 -0.237223
v 0.016754 -0.067404 -0.235787
v 0.029181 -0.065722 -0.230998
v 0.037044 -0.064504 -0.234628
v -0.040926 -0.073160 -0.247955
v -0.023556 -0.068560 -0.243293
v -0.008344 -0.068440 -0.249881
v -0.015682 0.100369 -0.380579
v -0.009483 0.100511 -0.384062
v -0.010132 0.098406 -0.382043
v -0.022882 0.113711 -0.381462
v -0.025270 0.109258 -0.394140
v -0.020308 0.107229 -0.386209
v -0.019151 0.107576 -0.381906
v -0.023909 0.112333 -0.376946
v -0.020384 0.105385 -0.379222
v -0.015210 0.103172 -0.386525
v -0.009509 0.100362 -0.387391
v -0.010013 0.093488 -0.396751
v -0.017072 0.096448 -0.396843
v -0.026487 0.108396 -0.406078
v -0.025685 0.097446 -0.408844
v -0.022436 0.100337 -0.398483
v -0.022519 0.094051 -0.405087
v -0.022343 0.087052 -0.410809
v -0.024242 0.082327 -0.419732
v -0.020424 0.073707 -0.419474
v -0.019615 0.069891 -0.425380
v -0.016176 0.068968 -0.419906
v -0.014763 0.065239 -0.423629
v -0.013011 0.067423 -0.420319
v -0.016344 0.066139 -0.427065
v -0.012030 0.071305 -0.416792
v -0.013011 0.067423 -0.420319
v -0.007553 0.070863 -0.418087
v -0.006324 0.068207 -0.422658
v -0.010277 0.064729 -0.425281
v -0.011920 0.065913 -0.428616
v -0.016473 0.073260 -0.430439
v -0.021694 0.077517 -0.426918
v -0.010716 0.082501 -0.407607
v -0.005872 0.075796 -0.414163
v -0.001976 0.075994 -0.417704
v -0.003403 0.071945 -0.424345
v -0.007926 0.068741 -0.428786
v -0.009815 0.077277 -0.431119
v 0.002316 0.083655 -0.418740
v 0.000521 0.081842 -0.413512
v -0.001750 0.079052 -0.426166
v -0.004962 0.080950 -0.429010
v -0.009215 0.089196 -0.428892
v -0.014587 0.081186 -0.430919
v -0.015905 0.097200 -0.425626
v -0.008930 0.106080 -0.420574
v 0.003844 0.094175 -0.402611
v 0.002616 0.093729 -0.419451
v 0.006270 0.097512 -0.408454
v 0.008134 0.108560 -0.396605
v 0.003781 0.105050 -0.387375
v 0.009518 0.118534 -0.382944
v 0.003300 0.104794 -0.383311
v 0.012276 0.114190 -0.378386
v 0.004244 0.101120 -0.381642
v 0.019136 0.128684 -0.371892
v 0.005392 0.108328 -0.408276
v 0.007296 0.121864 -0.395572
v 0.007828 0.130263 -0.387271
v 0.012726 0.133198 -0.373412
v 0.007306 0.140080 -0.376011
v 0.017008 0.146174 -0.363278
v 0.000307 0.153719 -0.364233
v -0.007067 0.165328 -0.353389
v 0.002689 0.165198 -0.353557
v -0.016138 0.162847 -0.352226
v -0.016632 0.152261 -0.363737
v -0.024519 0.159363 -0.350737
v -0.008266 0.154781 -0.364552
v -0.000377 0.146089 -0.377933
v -0.000205 0.137719 -0.390119
v -0.000031 0.128708 -0.399320
v -0.000684 0.112468 -0.412724
v -0.009240 0.123085 -0.408044
v -0.010059 0.139969 -0.390530
v -0.009664 0.147820 -0.378186
v -0.017222 0.114539 -0.413887
v -0.018940 0.130071 -0.398306
v -0.019346 0.137276 -0.388511
v -0.018661 0.144690 -0.376817
v -0.023385 0.147409 -0.361530
v -0.024531 0.137773 -0.373509
v -0.025281 0.130482 -0.384459
v -0.025202 0.124899 -0.394035
v -0.024440 0.119208 -0.402684
v -0.026610 0.114238 -0.397949
v -0.026429 0.118334 -0.389801
v -0.025788 0.123004 -0.379709
v -0.027172 0.133252 -0.369116
v -0.029955 0.144712 -0.359561
v -0.027740 0.120986 -0.373046
v -0.032830 0.131227 -0.366525
v -0.020463 0.087184 -0.427419
v -0.022640 0.104186 -0.417813
v -0.023525 0.112219 -0.410666
v -0.025085 0.092933 -0.419668
v -0.025982 0.101035 -0.413538
v -0.077283 0.475648 0.429867
v -0.076968 0.475710 0.431436
v -0.078503 0.474539 0.431327
v -0.076563 0.475946 0.432944
v -0.077591 0.474570 0.431815
v -0.077283 0.475648 0.429867
v -0.077372 0.476900 0.431717
v -0.075862 0.476444 0.435521
v -0.076933 0.474966 0.433119
v -0.078630 0.474188 0.433301
v -0.079532 0.474017 0.435873
v -0.077656 0.474196 0.434004
v -0.076171 0.475263 0.435781
v -0.085835 -0.124293 0.206383
v -0.081785 -0.112291 0.206076
v -0.076576 -0.134872 0.208338
v -0.073371 -0.122082 0.210679
v -0.068803 -0.111260 0.214466
v -0.093411 -0.113391 0.205029
v -0.096829 -0.125640 0.207861
v -0.080272 -0.148128 0.206883
v -0.067779 -0.146256 0.210603
v -0.065505 -0.133624 0.214822
v -0.062609 -0.122117 0.220027
v -0.058391 -0.113315 0.227219
v -0.060019 -0.146201 0.217440
v -0.058568 -0.135127 0.224318
v -0.057768 -0.147061 0.222302
v -0.054471 -0.170378 0.212702
v -0.053141 -0.170962 0.217549
v -0.054067 -0.173329 0.229595
v -0.057052 -0.150394 0.235499
v -0.056821 -0.138970 0.238644
v -0.056026 -0.127697 0.241260
v -0.056765 -0.125535 0.233552
v -0.055628 -0.115274 0.234991
v -0.053579 -0.109278 0.244124
v -0.053166 -0.107879 0.235062
v -0.050339 -0.104716 0.244628
v -0.048391 -0.104141 0.234088
v -0.045132 -0.103505 0.244952
v -0.042019 -0.104097 0.232868
v -0.054992 -0.106478 0.226237
v -0.048914 -0.102610 0.223827
v -0.053018 -0.098917 0.214974
v -0.060585 -0.103722 0.219338
v -0.040377 -0.102320 0.220544
v -0.040707 -0.097244 0.207081
v -0.061340 -0.096591 0.208061
v -0.067183 -0.102876 0.212622
v -0.052306 -0.092349 0.200584
v -0.044202 -0.087904 0.191314
v -0.033196 -0.092380 0.194098
v -0.101770 -0.150025 0.213613
v -0.099193 -0.137865 0.211045
v -0.093099 -0.149505 0.208250
v -0.102938 -0.113732 0.208642
v -0.093792 -0.101798 0.201899
v -0.081744 -0.102535 0.203438
v -0.070574 -0.095121 0.203028
v -0.078646 -0.093793 0.198810
v -0.085704 -0.092077 0.196090
v -0.098276 -0.089778 0.198169
v -0.103748 -0.101482 0.205616
v -0.107412 -0.101115 0.209637
v -0.104519 -0.126038 0.213769
v -0.102047 -0.077781 0.197037
v -0.095834 -0.078076 0.193523
v -0.088484 -0.079133 0.191583
v -0.080449 -0.082232 0.190410
v -0.072188 -0.086534 0.191927
v -0.062928 -0.089571 0.195816
v -0.054587 -0.084328 0.187569
v 0.057901 -0.051729 -0.314736
v 0.054507 -0.030307 -0.325810
v 0.069036 -0.059908 -0.314176
v 0.062915 -0.061444 -0.311699
v 0.057901 -0.062635 -0.306389
v 0.051665 -0.054185 -0.308601
v 0.053395 -0.064416 -0.299142
v 0.040784 -0.035234 -0.322454
v 0.046309 -0.012722 -0.334008
v 0.063347 -0.018206 -0.332031
v 0.072899 -0.047518 -0.318832
v 0.075746 -0.058404 -0.314449
v 0.019700 -0.030966 -0.325879
v 0.028995 -0.008780 -0.338203
v 0.024505 -0.042665 -0.317910
v 0.040587 -0.048668 -0.312111
v 0.046583 -0.058248 -0.300692
v 0.049954 -0.066849 -0.289445
v 0.043589 -0.063028 -0.290461
v 0.036610 -0.055129 -0.302749
v 0.008246 -0.043709 -0.318097
v 0.024254 -0.053902 -0.305797
v -0.020646 -0.036668 -0.327073
v -0.045428 -0.046921 -0.318480
v -0.039222 -0.025248 -0.330781
v -0.030042 -0.047397 -0.319362
v -0.037039 -0.058007 -0.308838
v -0.007120 -0.035795 -0.326951
v 0.026055 -0.061244 -0.292953
v -0.049497 -0.059726 -0.307833
v -0.063404 -0.046753 -0.317391
v -0.067268 -0.032917 -0.324646
v 0.042950 -0.065673 -0.277995
v -0.049376 0.042494 -0.363359
v -0.064683 0.036970 -0.355814
v -0.054454 0.060694 -0.368410
v -0.055159 0.020236 -0.351128
v -0.028451 0.016098 -0.351015
v -0.001532 0.004510 -0.348777
v 0.003117 -0.024880 -0.333404
v -0.054512 -0.024244 -0.330424
v -0.069932 -0.010157 -0.334021
v -0.069279 0.012893 -0.344405
v -0.069236 -0.021476 -0.329294
v -0.082914 -0.015652 -0.325823
v -0.082764 -0.003618 -0.329725
v -0.079131 0.031988 -0.347274
v -0.075074 0.044697 -0.353068
v -0.063662 0.069198 -0.364224
v -0.020982 0.092178 -0.382022
v -0.011505 0.094809 -0.381754
v -0.016757 0.082489 -0.383965
v -0.025210 0.085674 -0.382493
v -0.027689 0.097404 -0.379483
v -0.033352 0.090918 -0.379133
v -0.040900 0.098050 -0.373676
v -0.049047 0.089773 -0.371899
v -0.040248 0.082075 -0.377532
v -0.047392 0.071788 -0.373694
v -0.037591 0.064744 -0.376113
v -0.021676 0.071514 -0.381903
v -0.033024 0.048334 -0.370389
v -0.031059 0.075882 -0.380672
v -0.012169 0.068957 -0.382621
v -0.008204 0.081257 -0.383600
v 0.011973 0.079331 -0.383303
v 0.043451 0.112696 -0.366536
v 0.064715 0.076468 -0.365565
v 0.050470 0.074318 -0.374948
v 0.028346 0.087529 -0.379623
v 0.034330 0.070899 -0.380769
v 0.019264 0.064173 -0.381044
v 0.005364 0.054500 -0.376226
v 0.000592 0.034213 -0.362862
v 0.012959 0.034320 -0.362715
v 0.026519 0.105919 -0.376091
v 0.053861 0.024787 -0.354602
v 0.070194 0.012397 -0.343932
v 0.058381 -0.000808 -0.340899
v 0.039797 0.021017 -0.353366
v 0.050396 0.041160 -0.364622
v 0.040224 0.055672 -0.374647
v 0.045587 0.063900 -0.377443
v 0.060302 0.065433 -0.370449
v 0.054490 0.055669 -0.372232
v 0.066589 0.029993 -0.353752
v 0.068048 0.055830 -0.364432
v 0.073386 0.066679 -0.361041
v 0.077567 0.078571 -0.354702
v 0.074155 0.098874 -0.348324
v 0.059507 0.117331 -0.354361
v 0.079710 0.028176 -0.344492
v 0.092899 0.056894 -0.343072
v 0.085890 0.046649 -0.346691
v 0.098015 0.065942 -0.337097
v 0.086529 0.095820 -0.334415
v 0.066469 0.127204 -0.342090
v 0.051097 0.124686 -0.356376
v 0.058071 0.135120 -0.343711
v 0.104402 0.075727 -0.316542
v 0.109330 0.058601 -0.322452
v 0.102071 0.072170 -0.328059
v 0.110745 0.062512 -0.311807
v 0.114274 0.044003 -0.315531
v 0.105333 0.052632 -0.330761
v 0.098495 0.044938 -0.336069
v 0.112656 0.025023 -0.317590
v 0.117152 0.029743 -0.308785
v 0.115232 0.048340 -0.305495
v 0.111988 0.070249 -0.274617
v 0.107152 0.087519 -0.251655
v 0.107246 0.084989 -0.264672
v 0.118415 0.038058 -0.288122
v 0.121848 0.002718 -0.296826
v 0.116756 -0.001252 -0.306243
v 0.098260 -0.007732 -0.319858
v 0.094692 0.014847 -0.329100
v 0.124165 0.013744 -0.265229
v 0.089791 -0.032590 -0.316416
v 0.079672 -0.034999 -0.321263
v 0.088870 -0.021898 -0.321125
v 0.075688 -0.014766 -0.329587
v 0.087348 -0.011270 -0.325290
v 0.085590 -0.000869 -0.329516
v 0.013186 -0.003462 -0.344022
v 0.081472 -0.045701 -0.316831
v -0.017174 0.078161 -0.413007
v -0.017227 0.084544 -0.408189
v -0.010716 0.082501 -0.407607
v -0.012030 0.071305 -0.416792
v -0.098173 -0.057686 0.189845
v -0.095834 -0.078076 0.193523
v -0.102047 -0.077781 0.197037
v -0.106203 -0.066469 0.199061
v -0.106072 -0.077167 0.203078
v -0.088929 -0.059182 0.187596
v -0.088484 -0.079133 0.191583
v -0.104083 -0.047092 0.189401
v -0.111610 -0.055318 0.202018
v -0.111333 -0.065756 0.206015
v -0.116785 -0.043366 0.220421
v -0.114130 -0.064986 0.215443
v -0.116630 -0.054352 0.224790
v -0.118877 -0.046112 0.237962
v -0.116017 -0.065474 0.226910
v -0.091748 -0.041099 0.179594
v -0.085537 -0.051666 0.183274
v -0.079656 -0.062367 0.184057
v -0.118485 -0.032708 0.269370
v -0.120122 -0.031234 0.233742
v -0.112834 -0.032559 0.198255
v -0.108671 -0.035399 0.188428
v -0.100818 -0.038355 0.182710
v -0.097445 -0.031862 0.172536
v -0.073657 -0.052820 0.173522
v -0.103668 -0.013545 0.169536
v -0.103483 -0.026558 0.178135
v -0.110282 -0.021971 0.185457
v -0.100545 -0.021072 0.163033
v -0.116761 -0.014612 0.211251
v -0.119512 -0.003392 0.237580
v -0.120711 0.000528 0.279697
v -0.109201 -0.007264 0.177737
v -0.113433 -0.000858 0.189416
v -0.115625 0.004616 0.202973
v -0.119982 0.030733 0.249460
v -0.120724 0.067529 0.286397
v -0.118683 0.056686 0.302201
v -0.119125 0.077093 0.296101
v -0.091779 0.133096 0.288297
v -0.107108 0.101335 0.305874
v -0.080888 0.142336 0.313473
v -0.114797 0.095581 0.294248
v -0.114431 0.085298 0.306437
v -0.118940 0.087393 0.282586
v -0.121646 0.068695 0.261773
v -0.114168 0.030852 0.208610
v -0.116200 0.097254 0.270120
v -0.111980 0.104756 0.282477
v -0.105901 0.116511 0.249837
v -0.082424 0.151684 0.275443
v -0.118862 0.080064 0.247677
v -0.113893 0.057388 0.215364
v -0.111329 0.044723 0.190396
v -0.111442 0.017672 0.180196
v -0.107183 0.010399 0.165673
v -0.103800 0.000600 0.156033
v -0.108913 0.037428 0.175878
v -0.105406 0.028891 0.159245
v -0.100877 0.070222 0.162963
v -0.097649 0.075451 0.139909
v -0.100409 0.062548 0.148234
v -0.103678 0.018262 0.138642
v -0.103195 0.003682 0.133960
v -0.099752 -0.018243 0.145836
v -0.099680 -0.017948 0.129892
v -0.095970 -0.029139 0.129910
v -0.097581 -0.031283 0.117189
v -0.090337 -0.039943 0.130404
v -0.089219 -0.037556 0.143352
v -0.069560 -0.070162 0.132812
v -0.064552 -0.083921 0.121537
v -0.058553 -0.074392 0.144086
v -0.074301 -0.056311 0.143979
v -0.072949 -0.052999 0.155363
v -0.072504 -0.051488 0.165334
v -0.096143 -0.029089 0.158840
v -0.046671 -0.077337 0.152662
v -0.051949 -0.086449 0.132500
v -0.028742 -0.092639 0.140818
v -0.054895 -0.068011 0.162617
v -0.051462 -0.108244 0.096696
v -0.013390 -0.109165 0.129989
v -0.055008 -0.134275 0.028397
v -0.080376 -0.121867 0.017010
v -0.069862 -0.130575 0.001766
v -0.065543 -0.126750 0.043975
v -0.076640 -0.119181 0.045708
v -0.062940 -0.123954 0.058235
v -0.064776 -0.105898 0.084698
v -0.058195 -0.096419 0.109401
v -0.079933 -0.064668 0.120118
v -0.079123 -0.083385 0.096968
v -0.093373 -0.080108 0.071891
v -0.101133 -0.086534 0.047081
v -0.092647 -0.042911 0.118098
v -0.089750 -0.057688 0.107170
v -0.103499 -0.071046 0.059052
v -0.111063 -0.075865 0.034160
v -0.111096 -0.091307 0.007500
v -0.117701 -0.078182 0.008232
v -0.106099 0.015245 0.115001
v -0.104103 -0.008212 0.116070
v -0.106167 -0.039648 0.081042
v -0.098645 -0.049302 0.094205
v -0.127220 -0.063044 -0.017592
v -0.122406 -0.075564 -0.031694
v -0.122007 -0.077397 -0.018345
v -0.125435 -0.063932 -0.004556
v -0.116467 -0.062289 0.033758
v -0.116102 -0.046451 0.044630
v -0.112408 -0.028962 0.067411
v -0.129178 -0.034071 0.006327
v -0.121207 -0.018222 0.041049
v -0.116027 -0.002520 0.063735
v -0.111772 0.000007 0.089497
v -0.109476 0.027394 0.096438
v -0.101156 0.063744 0.112794
v -0.099155 0.089610 0.082252
v -0.103044 0.033447 0.126263
v -0.090856 0.113856 0.034557
v -0.081720 0.126646 0.035022
v -0.092889 0.116434 0.002124
v -0.087788 0.116077 0.068186
v -0.095295 0.102654 0.068880
v -0.089382 0.108482 0.103859
v -0.094417 0.094113 0.105794
v -0.091155 0.102798 0.130432
v -0.074992 0.142088 0.163794
v -0.069060 0.144377 0.137893
v -0.078874 0.128822 0.126707
v -0.086035 0.116283 0.128077
v -0.082057 0.121665 0.102745
v -0.068394 0.139967 0.068098
v -0.073680 0.134077 0.102113
v -0.076596 0.145686 -0.006387
v -0.055426 0.167245 0.005347
v -0.067832 0.163146 -0.027089
v -0.053202 0.163890 0.025999
v -0.084146 0.128812 0.013708
v -0.051374 0.162788 0.046827
v -0.044295 0.169201 0.111629
v -0.044889 0.179572 -0.005165
v -0.046173 0.184680 -0.026456
v -0.057813 0.177536 -0.037596
v -0.076806 0.153662 -0.039279
v -0.085564 0.134916 -0.018400
v -0.019329 0.197959 -0.027519
v -0.033015 0.194356 -0.038164
v -0.032759 0.189949 -0.016179
v -0.046189 0.190229 -0.048918
v -0.056839 0.183069 -0.060779
v -0.074144 0.162128 -0.074078
v -0.082019 0.145834 -0.063640
v -0.073667 0.165194 -0.086061
v -0.091619 0.123929 -0.088909
v -0.056044 0.188459 -0.084952
v -0.045196 0.195410 -0.072982
v -0.032849 0.199837 -0.061483
v 0.009140 0.200996 -0.028011
v -0.004977 0.199493 -0.016816
v 0.010992 0.192740 0.024856
v -0.005758 0.206317 -0.050554
v -0.019602 0.209275 -0.087977
v -0.045162 0.199999 -0.098605
v -0.056791 0.193826 -0.110584
v 0.008068 0.208489 -0.062900
v -0.065733 0.185755 -0.124055
v -0.058826 0.200518 -0.153876
v -0.045573 0.201968 -0.112089
v -0.019765 0.210733 -0.101459
v -0.006138 0.211810 -0.088706
v 0.007320 0.211490 -0.088925
v 0.020996 0.207253 -0.075471
v -0.059453 0.203733 -0.228717
v -0.046609 0.211236 -0.215218
v -0.046538 0.208088 -0.259064
v -0.059209 0.204152 -0.199378
v -0.033988 0.213896 -0.185669
v -0.033737 0.209614 -0.142220
v -0.006360 0.213731 -0.102245
v -0.020215 0.212271 -0.129196
v -0.020568 0.215867 -0.171547
v -0.020257 0.220051 -0.200422
v -0.019356 0.220731 -0.245645
v -0.019189 0.218323 -0.260897
v -0.019027 0.210491 -0.290941
v -0.005376 0.224618 -0.230216
v -0.005317 0.224296 -0.245793
v -0.005981 0.222378 -0.200120
v -0.006506 0.218155 -0.171816
v -0.006751 0.215731 -0.143983
v 0.007151 0.214771 -0.116544
v -0.005489 0.218812 -0.276853
v 0.008549 0.212880 -0.291525
v -0.005628 0.207496 -0.306616
v 0.009146 0.223105 -0.245846
v 0.008642 0.221586 -0.200504
v 0.007949 0.217607 -0.172322
v 0.007238 0.215276 -0.144601
v 0.022932 0.218677 -0.215865
v 0.035993 0.211343 -0.187193
v 0.050390 0.205977 -0.245018
v 0.049469 0.206727 -0.201480
v 0.046330 0.204675 -0.142892
v 0.020994 0.213031 -0.144790
v 0.061524 0.199271 -0.200795
v 0.063119 0.197331 -0.243570
v 0.058911 0.198804 -0.156178
v 0.032999 0.206968 -0.101464
v 0.045576 0.204253 -0.128301
v 0.056832 0.197394 -0.141505
v 0.065227 0.187434 -0.155304
v 0.070197 0.189026 -0.184536
v 0.033245 0.204667 -0.087966
v 0.044882 0.200662 -0.100549
v 0.054859 0.191388 -0.100646
v 0.062415 0.182532 -0.114261
v 0.069137 0.174065 -0.141278
v 0.035502 0.197403 -0.050787
v 0.045898 0.195382 -0.074979
v 0.056326 0.186159 -0.075740
v 0.063072 0.180320 -0.101471
v 0.069548 0.170787 -0.115014
v 0.073441 0.164129 -0.078158
v 0.074927 0.157988 -0.115625
v 0.069698 0.169023 -0.041436
v 0.047897 0.190193 -0.051014
v 0.036970 0.192766 -0.028015
v 0.125193 0.084197 -0.032738
v 0.133595 0.059729 -0.043146
v 0.126825 0.074531 -0.056273
v 0.086152 0.146258 -0.044740
v 0.098538 0.123003 -0.057706
v 0.079558 0.156114 -0.031521
v 0.071015 0.162141 -0.007160
v 0.050374 0.183752 -0.016783
v 0.038047 0.183835 0.026232
v 0.024567 0.191973 0.004170
v 0.024991 0.188416 0.035854
v 0.011731 0.191165 0.066455
v 0.024321 0.186408 0.078221
v 0.036584 0.179860 0.068959
v 0.048840 0.173805 0.037505
v 0.059606 0.165612 0.026658
v 0.011616 0.194071 0.108665
v 0.034160 0.181259 0.112450
v 0.011896 0.192399 0.087401
v -0.001494 0.192951 0.076262
v -0.003008 0.192781 0.035226
v -0.018597 0.192744 0.004666
v -0.014434 0.188992 0.076593
v -0.016339 0.188407 0.045824
v -0.012798 0.193263 0.108052
v -0.000728 0.196562 0.107710
v -0.024768 0.184654 0.098505
v -0.027634 0.181980 0.067045
v -0.030339 0.183157 0.036129
v -0.023163 0.189273 0.119988
v -0.010323 0.201465 0.140219
v 0.000472 0.203675 0.139687
v -0.031109 0.188456 0.143900
v -0.019603 0.200037 0.152895
v -0.009166 0.211047 0.161885
v 0.001133 0.212739 0.161561
v 0.011547 0.205531 0.151732
v 0.011396 0.197885 0.130143
v 0.011004 0.217432 0.187588
v 0.020051 0.215073 0.240256
v 0.039076 0.197037 0.231236
v 0.011052 0.222383 0.227151
v 0.011076 0.222080 0.214001
v 0.020325 0.212920 0.202464
v 0.021107 0.202713 0.166255
v 0.033114 0.185395 0.134894
v 0.049361 0.177761 0.187341
v 0.044964 0.171628 0.103236
v 0.042878 0.176853 0.137570
v 0.041292 0.182115 0.160959
v 0.068307 0.157025 0.192908
v 0.073345 0.145108 0.107908
v 0.069662 0.151137 0.157069
v 0.046930 0.171430 0.081012
v 0.058625 0.163340 0.048506
v 0.083730 0.135918 0.096860
v 0.079948 0.138578 0.134616
v 0.077672 0.142485 0.171680
v 0.078516 0.148927 0.207658
v 0.069259 0.167708 0.240203
v 0.092662 0.122181 0.202830
v 0.087728 0.134991 0.036248
v 0.103806 0.115920 0.061042
v 0.104900 0.115429 0.023917
v 0.094943 0.126155 0.072779
v 0.089890 0.127047 0.110941
v 0.093147 0.117663 0.138455
v 0.091264 0.118450 0.164308
v 0.099266 0.094687 0.168622
v 0.105004 0.071591 0.171516
v 0.097556 0.106310 0.140201
v 0.098311 0.116624 0.099497
v 0.097931 0.109142 0.207223
v 0.106213 0.084411 0.214402
v 0.110170 0.060963 0.201934
v 0.110860 0.085642 0.247350
v 0.113881 0.062205 0.236318
v 0.112360 0.084606 0.266073
v 0.114332 0.053598 0.292743
v 0.113889 0.022685 0.279288
v 0.111635 0.004475 0.298208
v 0.113865 0.039313 0.220987
v 0.112456 0.038809 0.202610
v 0.108698 0.049067 0.172838
v 0.102395 -0.026187 0.312286
v 0.107362 0.057284 0.312778
v 0.102906 0.074919 0.326841
v 0.111500 -0.014547 0.222652
v 0.112491 0.017042 0.202457
v 0.109908 0.027292 0.172754
v 0.109278 0.049137 0.146141
v 0.107621 0.071845 0.131203
v 0.109953 0.082867 0.103752
v 0.110564 0.026952 0.146618
v 0.111684 0.026603 0.133675
v 0.109051 0.005786 0.158311
v 0.110051 0.005731 0.185315
v 0.108507 -0.010047 0.197813
v 0.110259 -0.020478 0.212619
v 0.110479 -0.034203 0.223240
v 0.112799 -0.026537 0.258472
v 0.110857 -0.065255 0.229005
v 0.106838 -0.045149 0.211353
v 0.110164 -0.052363 0.223768
v 0.069521 -0.074352 0.203056
v 0.060950 -0.082363 0.202289
v 0.068530 -0.069811 0.195087
v 0.097033 -0.056335 0.205313
v 0.095631 -0.051071 0.196593
v 0.103782 -0.035342 0.202115
v 0.099444 -0.039794 0.187762
v 0.099114 -0.038313 0.175842
v 0.081338 -0.074701 0.209630
v 0.090961 -0.050206 0.127966
v 0.098095 -0.042019 0.116852
v 0.101494 -0.029095 0.129176
v 0.097075 -0.038912 0.139963
v 0.093764 -0.047519 0.163117
v 0.101965 -0.027473 0.165207
v 0.095170 -0.048650 0.186246
v 0.087724 -0.055539 0.185758
v 0.101589 -0.027567 0.153038
v 0.087460 -0.056071 0.163346
v 0.085206 -0.058378 0.139879
v 0.078465 -0.064677 0.152585
v 0.077251 -0.068637 0.128818
v 0.077407 -0.070965 0.116918
v 0.069163 -0.076120 0.129520
v 0.111520 -0.055366 0.059704
v 0.117234 -0.026894 0.084072
v 0.098701 -0.060972 0.082393
v 0.072330 -0.086430 0.093956
v 0.061990 -0.090284 0.106357
v 0.042590 -0.098533 0.120133
v 0.042939 -0.091297 0.143885
v 0.042818 -0.086309 0.166616
v 0.089717 -0.089957 0.046018
v 0.042147 -0.084941 0.177407
v 0.078887 -0.062839 0.164118
v 0.034012 -0.092818 0.156600
v 0.033958 -0.096299 0.145252
v 0.005886 -0.103085 0.150745
v 0.024038 -0.104036 0.135551
v 0.023534 -0.108835 0.123899
v 0.023098 -0.113435 0.111876
v 0.043643 -0.107271 0.096276
v 0.056982 -0.110585 0.071230
v 0.047240 -0.121406 0.059510
v 0.023433 -0.126867 0.074931
v 0.023653 -0.134879 0.049307
v 0.011822 -0.131357 0.076688
v 0.013166 -0.117750 0.114463
v 0.014364 -0.106707 0.137911
v 0.005046 -0.108285 0.140091
v 0.130664 -0.048705 -0.013682
v 0.124074 -0.060264 -0.026827
v 0.136235 -0.033338 -0.038972
v 0.123076 -0.061634 -0.001530
v 0.115444 -0.072899 -0.014818
v 0.104409 -0.084228 0.009400
v 0.085005 -0.105864 -0.016237
v 0.083725 -0.105118 0.008516
v 0.047751 -0.130318 -0.005278
v 0.022222 -0.142074 0.008813
v 0.081158 -0.101401 0.033328
v 0.093238 -0.093864 0.021267
v 0.110419 -0.071840 0.035276
v 0.128300 -0.049191 0.011736
v 0.133625 -0.036275 0.012004
v 0.140397 -0.022549 -0.013679
v 0.123910 -0.047530 0.036496
v 0.122386 -0.030953 0.060372
v 0.133419 -0.021793 0.036819
v 0.142590 -0.009790 -0.001241
v 0.139484 0.043916 -0.017360
v 0.141898 0.031914 -0.029432
v 0.142886 0.016828 0.010080
v 0.144481 0.004256 -0.015046
v 0.138184 0.004521 0.036186
v 0.129462 -0.005746 0.060636
v 0.123993 -0.002422 0.084839
v 0.113554 0.002986 0.120576
v 0.133869 0.031333 0.046692
v 0.128384 0.020847 0.072112
v 0.122527 0.023531 0.096775
v 0.110520 0.004407 0.132724
v 0.134651 0.055713 0.006527
v 0.131331 0.055849 0.031359
v 0.125369 0.045419 0.070023
v 0.120111 0.047332 0.095090
v 0.113733 0.048749 0.120338
v 0.114311 0.081902 0.078003
v 0.121891 0.080942 0.040152
v 0.107375 0.105160 0.074991
v 0.125629 0.081272 0.003307
v 0.131473 0.070007 -0.019459
v 0.120231 0.094810 -0.010139
v 0.088676 0.137422 0.013049
v 0.079233 0.146004 0.025423
v 0.096166 0.131471 -0.022676
v 0.143230 -0.008063 -0.027363
v 0.142689 0.007005 -0.041158
v 0.139566 0.022315 -0.054481
v 0.128337 0.063453 -0.068024
v 0.113662 0.089281 -0.080983
v 0.139804 -0.019918 -0.039517
v 0.140037 -0.004537 -0.053123
v 0.135149 -0.015772 -0.064345
v 0.126865 0.003457 -0.099718
v 0.118933 0.019329 -0.122071
v 0.125412 0.029651 -0.101542
v 0.118686 -0.006527 -0.119127
v 0.125354 -0.009627 -0.098560
v 0.114382 -0.018188 -0.127412
v 0.134744 -0.031398 -0.051540
v 0.127173 0.041102 -0.090862
v 0.110708 0.057707 -0.137999
v 0.091328 0.106646 -0.128686
v 0.102205 0.081253 -0.127940
v 0.086841 0.138735 -0.080377
v 0.116849 0.067694 -0.104381
v 0.120711 0.055208 -0.103485
v 0.115607 0.044605 -0.125099
v 0.115477 -0.005253 -0.128797
v 0.114827 0.032819 -0.134609
v 0.112517 0.056969 -0.126419
v 0.109438 -0.029211 -0.134986
v 0.119114 -0.035390 -0.096649
v 0.112393 -0.017093 -0.136465
v 0.113713 -0.004537 -0.138517
v 0.114997 0.020554 -0.143394
v 0.113765 0.045692 -0.147895
v 0.110779 0.058258 -0.149519
v 0.111707 0.058422 -0.160923
v 0.093742 -0.060576 -0.139799
v 0.100371 -0.049060 -0.143386
v 0.106698 -0.042412 -0.125877
v 0.109489 -0.028502 -0.143337
v 0.112785 -0.016910 -0.145429
v 0.114456 -0.004712 -0.148221
v 0.115903 0.032768 -0.156848
v 0.108363 -0.044216 -0.116387
v 0.103584 -0.047676 -0.153727
v 0.106541 -0.038802 -0.149180
v 0.111060 -0.028803 -0.151085
v 0.114727 -0.017726 -0.154073
v 0.108692 -0.039357 -0.155604
v 0.098288 -0.054625 -0.159768
v 0.106121 -0.048978 -0.159080
v 0.063026 -0.069956 -0.190277
v 0.070295 -0.072688 -0.179975
v 0.060494 -0.075107 -0.189956
v 0.070761 -0.067534 -0.179637
v 0.081226 -0.068227 -0.171436
v 0.080120 -0.071003 -0.168724
v 0.089547 -0.060621 -0.164191
v 0.088191 -0.062220 -0.160951
v 0.095923 -0.054043 -0.155632
v 0.082739 -0.066105 -0.172476
v 0.092055 -0.060841 -0.166082
v 0.100846 -0.056060 -0.162725
v 0.083231 -0.073190 -0.123185
v 0.085091 -0.068980 -0.144522
v 0.070805 -0.078378 -0.178756
v 0.059045 -0.081836 -0.188107
v 0.067675 -0.086453 -0.153694
v 0.066580 -0.091493 -0.128320
v 0.075567 -0.087247 -0.100523
v 0.100290 -0.054366 -0.117523
v 0.056474 -0.101458 -0.117071
v 0.056168 -0.104030 -0.104043
v 0.058895 -0.114290 -0.066899
v 0.045272 -0.114040 -0.092965
v 0.047594 -0.125296 -0.055989
v 0.033283 -0.115826 -0.107208
v 0.022405 -0.142082 -0.045013
v 0.022075 -0.138711 -0.057942
v 0.060869 -0.120523 -0.042756
v 0.082327 -0.098838 -0.052519
v 0.102025 -0.056956 -0.095715
v 0.129627 -0.044530 -0.051274
v 0.114670 -0.070481 -0.039492
v 0.119684 -0.054104 -0.062922
v 0.114347 -0.048932 -0.085002
v 0.083892 -0.101872 -0.040618
v 0.022429 -0.143969 -0.031735
v 0.060905 -0.122309 -0.030289
v 0.022297 -0.144393 -0.018239
v -0.059099 -0.215681 0.245916
v -0.054540 -0.228346 0.242154
v -0.053852 -0.217139 0.239022
v -0.061390 -0.207463 0.241784
v -0.051887 -0.207842 0.229138
v -0.051924 -0.196756 0.227748
v -0.055626 -0.207510 0.235569
v -0.051211 -0.218691 0.232095
v -0.052554 -0.230123 0.235110
v -0.055930 -0.241839 0.237075
v -0.061158 -0.198368 0.241296
v -0.068511 -0.207622 0.246821
v -0.066193 -0.214884 0.251873
v -0.065613 -0.225509 0.254700
v -0.061844 -0.239121 0.249711
v -0.067780 -0.264247 0.246575
v -0.063484 -0.264884 0.236766
v -0.069607 -0.276418 0.244594
v -0.065913 -0.276528 0.235767
v -0.066515 -0.288369 0.234930
v -0.073147 -0.225297 0.258459
v -0.067146 -0.238291 0.254759
v -0.069336 -0.251422 0.253019
v -0.072557 -0.276335 0.247837
v -0.072709 -0.288564 0.246967
v -0.072596 -0.300489 0.246471
v -0.075570 -0.263956 0.252085
v -0.079727 -0.251477 0.256897
v -0.079783 -0.238263 0.259132
v -0.086700 -0.226511 0.260020
v -0.087708 -0.215789 0.258515
v -0.093455 -0.216182 0.258913
v -0.093841 -0.206306 0.257255
v -0.098686 -0.206124 0.255504
v -0.091218 -0.240057 0.258502
v -0.097486 -0.228551 0.257619
v -0.098555 -0.216816 0.257350
v -0.105561 -0.206739 0.247122
v -0.104982 -0.230067 0.249416
v -0.106596 -0.230579 0.243023
v -0.102996 -0.242336 0.248175
v -0.104240 -0.242564 0.235601
v -0.100199 -0.241841 0.253026
v -0.097675 -0.254040 0.250335
v -0.089903 -0.252868 0.256109
v -0.096387 -0.265737 0.242859
v -0.091879 -0.265414 0.249999
v -0.084200 -0.264415 0.252786
v -0.076086 -0.276340 0.249682
v -0.083448 -0.276553 0.250153
v -0.075992 -0.288568 0.249173
v -0.079514 -0.311964 0.249563
v -0.086470 -0.288733 0.248405
v -0.089939 -0.277076 0.247286
v -0.092128 -0.277230 0.244277
v -0.093879 -0.277024 0.236321
v -0.100135 -0.253919 0.228686
v -0.101864 -0.242793 0.222342
v -0.091132 -0.275992 0.218848
v -0.085579 -0.275344 0.213265
v -0.093697 -0.241897 0.212700
v -0.100290 -0.231775 0.215171
v -0.095575 -0.220671 0.208943
v -0.088035 -0.230712 0.208769
v -0.081794 -0.241108 0.208769
v -0.077802 -0.263623 0.209966
v -0.078111 -0.275285 0.211815
v -0.071434 -0.275647 0.214804
v -0.069017 -0.275889 0.217862
v -0.069135 -0.287393 0.217541
v -0.074714 -0.287127 0.212669
v -0.081792 -0.287102 0.211755
v -0.088364 -0.287390 0.215053
v -0.090304 -0.287651 0.218440
v -0.092623 -0.288663 0.234930
v -0.090803 -0.299273 0.216890
v -0.089285 -0.310559 0.211675
v -0.085714 -0.299004 0.211242
v -0.082242 -0.310768 0.208368
v -0.087057 -0.332136 0.206157
v -0.093658 -0.330847 0.210853
v -0.095790 -0.321947 0.226549
v -0.092885 -0.300158 0.229399
v -0.093985 -0.322747 0.241596
v -0.097580 -0.330867 0.224696
v -0.097166 -0.332085 0.241845
v -0.094537 -0.332672 0.246622
v -0.100689 -0.338582 0.228668
v -0.096414 -0.339375 0.208331
v -0.093149 -0.340013 0.205005
v -0.088633 -0.341457 0.203657
v -0.091338 -0.350497 0.202761
v -0.096657 -0.348685 0.203061
v -0.093778 -0.359461 0.202636
v -0.101093 -0.347676 0.205851
v -0.102970 -0.347719 0.210630
v -0.103215 -0.344520 0.231793
v -0.099742 -0.341517 0.242133
v -0.091173 -0.342355 0.249925
v -0.085239 -0.333011 0.252628
v -0.079782 -0.342984 0.251818
v -0.090466 -0.351768 0.248369
v -0.097542 -0.351968 0.241865
v -0.103759 -0.351028 0.228853
v -0.097265 -0.362931 0.245234
v -0.099891 -0.367882 0.235779
v -0.097357 -0.383763 0.255603
v -0.094437 -0.361895 0.248762
v -0.094750 -0.381655 0.259917
v -0.101774 -0.365642 0.217112
v -0.104550 -0.357155 0.212319
v -0.101802 -0.367107 0.212323
v -0.103738 -0.357875 0.207100
v -0.101008 -0.368637 0.206231
v -0.097039 -0.376281 0.211685
v -0.095228 -0.374119 0.218934
v -0.097352 -0.373673 0.222473
v -0.097039 -0.376281 0.211685
v -0.094710 -0.368201 0.204272
v -0.094175 -0.375165 0.206546
v -0.099742 -0.358519 0.203355
v -0.088744 -0.373672 0.209839
v -0.088180 -0.368347 0.206047
v -0.094175 -0.375165 0.206546
v -0.090330 -0.373510 0.215497
v -0.083823 -0.369885 0.214071
v -0.084599 -0.371781 0.218205
v -0.082662 -0.366929 0.210822
v -0.087380 -0.360823 0.204599
v -0.085520 -0.352568 0.204714
v -0.080994 -0.361889 0.208158
v -0.074806 -0.364714 0.205891
v -0.076978 -0.370430 0.208677
v -0.077717 -0.371254 0.213898
v -0.078418 -0.371837 0.218673
v -0.072793 -0.356413 0.204393
v -0.066882 -0.358010 0.205012
v -0.071632 -0.372392 0.207944
v -0.071783 -0.372266 0.213149
v -0.073137 -0.371754 0.218372
v -0.073593 -0.376101 0.221784
v -0.089669 -0.375823 0.220982
v -0.087066 -0.391807 0.225347
v -0.092350 -0.383227 0.224182
v -0.089962 -0.400036 0.227706
v -0.095228 -0.374119 0.218934
v -0.068578 -0.370116 0.217968
v -0.065634 -0.374231 0.224267
v -0.097039 -0.376281 0.211685
v -0.094175 -0.375165 0.206546
v -0.061086 -0.361747 0.222443
v -0.062567 -0.372483 0.227584
v -0.063495 -0.364846 0.217606
v -0.065729 -0.369814 0.211429
v -0.068904 -0.366974 0.206276
v -0.062316 -0.360874 0.209555
v -0.057291 -0.348103 0.218550
v -0.060035 -0.357648 0.232841
v -0.061135 -0.368376 0.237487
v -0.057801 -0.345888 0.230950
v -0.065082 -0.323304 0.231933
v -0.062373 -0.334635 0.230788
v -0.064755 -0.322874 0.221216
v -0.062680 -0.334784 0.214382
v -0.061042 -0.347932 0.207926
v -0.066020 -0.346789 0.204344
v -0.068006 -0.334666 0.206834
v -0.066985 -0.322440 0.212395
v -0.066985 -0.299242 0.220114
v -0.071176 -0.298853 0.213152
v -0.074127 -0.310717 0.209296
v -0.069763 -0.322533 0.209243
v -0.077789 -0.322821 0.206827
v -0.082438 -0.333376 0.205767
v -0.083420 -0.343414 0.204221
v -0.077687 -0.345308 0.203652
v -0.072423 -0.334912 0.205180
v -0.071750 -0.346319 0.203026
v -0.079039 -0.354508 0.206069
v 0.004070 -0.110814 0.219464
v 0.019616 -0.116137 0.234953
v -0.002522 -0.113656 0.232918
v 0.027098 -0.109029 0.219879
v -0.003619 -0.095197 0.188817
v 0.039348 -0.116893 0.241203
v 0.061609 -0.109056 0.224474
v 0.046151 -0.117902 0.245114
v 0.073338 -0.109958 0.224053
v 0.065008 -0.113345 0.229688
v 0.057258 -0.116447 0.237847
v 0.051044 -0.119210 0.247730
v 0.046765 -0.120654 0.258078
v 0.033016 -0.118599 0.254808
v 0.023256 -0.117232 0.252656
v 0.001510 -0.114733 0.249152
v -0.008881 -0.113036 0.247697
v 0.019503 -0.115322 0.266647
v -0.003229 -0.113312 0.264153
v 0.030138 -0.116036 0.267599
v 0.039058 -0.117492 0.268467
v 0.045584 -0.119218 0.268913
v -0.014910 -0.097806 0.196919
v -0.018823 -0.102143 0.206555
v -0.023039 -0.105794 0.218100
v -0.020232 -0.109567 0.231685
v -0.025891 -0.108716 0.246012
v -0.027858 -0.107582 0.231693
v -0.032860 -0.106707 0.245580
v -0.042019 -0.104097 0.232868
v -0.045132 -0.103505 0.244952
v -0.101497 -0.075031 0.284266
v -0.111030 -0.059480 0.277108
v -0.109138 -0.069227 0.272638
v -0.092380 -0.070899 0.297449
v -0.102344 -0.065704 0.290223
v -0.111979 -0.049910 0.282586
v -0.102471 -0.056892 0.296653
v -0.111364 -0.041234 0.289796
v -0.108894 -0.033096 0.299052
v -0.096641 -0.042010 0.311371
v -0.105323 -0.026581 0.307376
v -0.091559 -0.035850 0.318729
v -0.091667 -0.006341 0.331292
v -0.060414 -0.035415 0.355547
v -0.074340 -0.020082 0.350115
v -0.026810 -0.085750 0.311320
v -0.062310 -0.076802 0.303581
v -0.054892 -0.087770 0.292449
v -0.052572 -0.057995 0.339409
v -0.070431 -0.058801 0.319847
v -0.083029 -0.049951 0.316887
v -0.089973 -0.062438 0.302770
v -0.077097 -0.069192 0.304845
v -0.093986 -0.088688 0.284763
v -0.100344 -0.084337 0.278250
v -0.086416 -0.091620 0.287774
v -0.073731 -0.086484 0.291707
v -0.059260 -0.098316 0.277327
v -0.052992 -0.096270 0.280844
v -0.077913 -0.092668 0.286065
v -0.072937 -0.099934 0.277364
v -0.080368 -0.099452 0.280071
v -0.064375 -0.101813 0.273232
v -0.056134 -0.103524 0.266259
v -0.051121 -0.101703 0.268860
v -0.049897 -0.103137 0.256237
v -0.045398 -0.101982 0.271106
v -0.045132 -0.103505 0.244952
v -0.032860 -0.106707 0.245580
v -0.008213 -0.105308 0.291824
v -0.006158 -0.110427 0.278690
v 0.005224 -0.107132 0.292311
v 0.006010 -0.112052 0.279621
v 0.004457 -0.100539 0.303186
v -0.023849 -0.108878 0.261246
v -0.003229 -0.113312 0.264153
v 0.019503 -0.115322 0.266647
v 0.029413 -0.114000 0.280329
v 0.030557 -0.109764 0.292456
v 0.031498 -0.102096 0.303165
v -0.025891 -0.108716 0.246012
v -0.008881 -0.113036 0.247697
v 0.001510 -0.114733 0.249152
v 0.030138 -0.116036 0.267599
v 0.039058 -0.117492 0.268467
v 0.039415 -0.114871 0.280537
v 0.041798 -0.110477 0.293163
v 0.044300 -0.101388 0.304631
v 0.055112 -0.111361 0.295288
v 0.058391 -0.098921 0.307479
v 0.047397 -0.117139 0.280699
v 0.045584 -0.119218 0.268913
v 0.030021 -0.086808 0.324444
v 0.045067 -0.092660 0.315224
v 0.059638 -0.088625 0.317293
v 0.071998 -0.094828 0.310911
v 0.073105 -0.083411 0.318463
v 0.082806 -0.090875 0.311454
v 0.084386 -0.078176 0.317195
v 0.090857 -0.086168 0.307483
v 0.095406 -0.058756 0.317600
v 0.085377 -0.065737 0.323248
v 0.093340 -0.072417 0.312426
v 0.073695 -0.072613 0.326286
v 0.059644 -0.079737 0.326998
v 0.044560 -0.084951 0.325914
v 0.041170 -0.069408 0.346989
v 0.053660 -0.045133 0.363836
v 0.036475 -0.039093 0.373301
v 0.039090 -0.060429 0.356888
v 0.056737 -0.063751 0.346502
v 0.058354 -0.071602 0.336650
v 0.072879 -0.063063 0.334389
v 0.085453 -0.054057 0.329642
v 0.070092 -0.045037 0.350023
v 0.085073 -0.043755 0.335876
v 0.094913 -0.045278 0.321350
v 0.096440 0.054271 0.336237
v 0.094487 0.011237 0.329975
v 0.083752 -0.012222 0.347073
v 0.069381 -0.023812 0.360600
v 0.053051 -0.033737 0.370406
v 0.003274 -0.029706 0.378097
v 0.036199 -0.026457 0.378122
v 0.035806 -0.013684 0.379985
v 0.053229 -0.021021 0.374532
v 0.069257 0.000225 0.363394
v 0.084555 0.032578 0.349511
v 0.070453 0.021594 0.365978
v 0.066025 0.049683 0.378353
v 0.052671 0.024749 0.378888
v 0.053043 0.014467 0.376675
v 0.047726 0.053962 0.391173
v 0.035009 0.019823 0.384305
v 0.018103 -0.005313 0.382271
v 0.061485 0.093061 0.394671
v 0.054513 0.078283 0.395393
v 0.033285 0.049156 0.397071
v 0.018023 0.026048 0.391662
v 0.000500 0.014384 0.390580
v 0.001834 -0.018074 0.381570
v 0.016916 0.064618 0.411128
v 0.027669 0.078941 0.411721
v 0.001786 0.034200 0.398065
v 0.002891 0.053048 0.407632
v -0.015067 0.035819 0.396222
v -0.018207 0.005638 0.387513
v -0.012391 0.054485 0.405329
v 0.002864 0.072434 0.417791
v 0.013436 0.094844 0.426017
v 0.057066 0.102987 0.401190
v -0.009487 0.083031 0.420680
v -0.023192 0.076100 0.410833
v -0.007460 0.102565 0.432101
v 0.002541 0.092374 0.428055
v 0.049662 0.122933 0.414354
v 0.011682 0.114091 0.437983
v 0.002880 0.111470 0.440359
v -0.004951 0.120570 0.447352
v -0.024189 0.116865 0.432616
v -0.011002 0.131742 0.453022
v -0.026459 0.137925 0.446790
v -0.000741 0.150242 0.470564
v 0.005651 0.150541 0.470427
v 0.011554 0.142036 0.460960
v 0.019143 0.126915 0.441717
v 0.037179 0.127711 0.425111
v 0.034779 0.136672 0.432337
v 0.054837 0.137457 0.416394
v 0.046604 0.164520 0.438979
v -0.005317 0.198193 0.501510
v -0.011752 0.198391 0.499881
v -0.011332 0.172872 0.479381
v -0.004966 0.171536 0.481957
v 0.000837 0.180759 0.489512
v 0.011737 0.162646 0.475061
v 0.018326 0.144837 0.457634
v 0.011373 0.192416 0.493243
v 0.017261 0.184684 0.485155
v 0.030678 0.171508 0.463873
v 0.000609 0.198890 0.501481
v 0.017294 0.202342 0.498455
v 0.022916 0.204414 0.496432
v 0.038663 0.215934 0.488675
v 0.043207 0.221564 0.485614
v 0.050882 0.178851 0.442247
v 0.052314 0.201967 0.454472
v 0.046776 0.227630 0.481990
v 0.050093 0.240107 0.472483
v 0.055378 0.214265 0.443085
v 0.050411 0.252091 0.461336
v 0.054266 0.220309 0.437110
v 0.060241 0.143081 0.409141
v 0.060850 0.158351 0.409798
v 0.058597 0.182265 0.420602
v 0.056893 0.197101 0.423410
v 0.053785 0.209907 0.411124
v 0.049357 0.231984 0.425599
v 0.070244 0.141907 0.354130
v 0.064984 0.139628 0.373067
v 0.068411 0.123704 0.373035
v 0.065304 0.124315 0.391922
v 0.063758 0.140157 0.391601
v 0.062863 0.133592 0.400631
v 0.062404 0.149174 0.400735
v 0.059682 0.171158 0.376992
v 0.061235 0.118113 0.400904
v 0.064517 0.159189 0.337327
v 0.075003 0.136101 0.343157
v 0.071877 0.145220 0.333537
v 0.073397 0.116779 0.363899
v 0.070823 0.107345 0.374091
v 0.064768 0.108508 0.393028
v 0.080783 0.121004 0.343126
v 0.086653 0.105133 0.345019
v 0.068567 0.099311 0.384984
v 0.075603 0.099972 0.365217
v 0.082358 0.093495 0.356659
v 0.096547 0.081628 0.337629
v 0.077671 0.058240 0.364322
v 0.074620 0.065993 0.372539
v 0.006322 -0.098420 0.160734
v -0.001759 -0.098275 0.161538
v 0.005886 -0.103085 0.150745
v -0.003598 -0.107796 0.141263
v -0.008994 -0.095178 0.161219
v 0.005046 -0.108285 0.140091
v -0.008530 -0.124697 0.105622
v 0.003177 -0.120413 0.116970
v 0.013166 -0.117750 0.114463
v 0.014364 -0.106707 0.137911
v -0.020106 -0.091221 0.186680
v -0.011906 -0.093897 0.187958
v -0.014910 -0.097806 0.196919
v -0.017483 -0.087809 0.178250
v -0.009843 -0.091793 0.179158
v -0.016094 -0.087470 0.169469
v -0.008859 -0.092362 0.170348
v -0.024959 -0.084418 0.159985
v -0.024697 -0.082667 0.168706
v -0.028876 -0.087105 0.185216
v -0.038721 -0.083101 0.183159
v -0.025968 -0.083323 0.177111
v -0.034204 -0.077882 0.168483
v -0.054467 -0.067296 0.169905
v -0.045394 -0.074477 0.175686
v -0.044202 -0.087904 0.191314
v -0.033196 -0.092380 0.194098
v -0.023381 -0.095679 0.195874
v -0.054587 -0.084328 0.187569
v -0.018823 -0.102143 0.206555
v -0.027945 -0.100164 0.206658
v -0.040707 -0.097244 0.207081
v -0.023039 -0.105794 0.218100
v -0.040377 -0.102320 0.220544
v -0.042019 -0.104097 0.232868
v -0.027858 -0.107582 0.231693
v -0.058743 -0.073313 0.181042
v -0.055656 -0.069134 0.176080
v -0.064255 -0.079461 0.185387
v -0.062928 -0.089571 0.195816
v -0.072188 -0.086534 0.191927
v -0.073961 -0.073822 0.185830
v -0.080449 -0.082232 0.190410
v -0.076291 -0.056885 0.179408
v 0.019470 0.223421 0.653435
v 0.023687 0.223714 0.646894
v 0.020730 0.226812 0.649498
v 0.016680 0.227176 0.649014
v 0.015840 0.224525 0.653674
v 0.023133 0.219231 0.641493
v 0.019951 0.217361 0.658402
v 0.016988 0.217219 0.667358
v 0.002090 0.220126 0.658270
v 0.003055 0.224084 0.653319
v -0.002466 0.224242 0.653372
v -0.004573 0.216206 0.664654
v 0.015746 0.213217 0.675864
v -0.005622 0.206634 0.681684
v 0.018318 0.207215 0.663154
v 0.017457 0.210577 0.674894
v 0.015746 0.213217 0.675864
v 0.015006 0.208849 0.684823
v 0.014172 0.204043 0.693430
v 0.016434 0.202316 0.692950
v 0.013393 0.201055 0.702163
v 0.016204 0.196013 0.700744
v 0.011526 0.199075 0.709734
v 0.006115 0.196814 0.713242
v 0.009576 0.201169 0.709616
v 0.010886 0.201892 0.701905
v 0.011404 0.204276 0.693071
v 0.015006 0.208849 0.684823
v -0.000257 0.201962 0.690430
v 0.004571 0.199785 0.699434
v 0.004885 0.199192 0.706573
v 0.005524 0.198910 0.711086
v 0.001790 0.198310 0.713810
v -0.005407 0.202130 0.690430
v -0.004611 0.198971 0.698809
v -0.003638 0.198541 0.705853
v -0.002725 0.198591 0.713853
v -0.002652 0.198661 0.717325
v 0.002973 0.195836 0.717227
v -0.002378 0.195248 0.717852
v -0.002234 0.192262 0.717123
v 0.004051 0.190071 0.715228
v 0.004769 0.186678 0.715411
v 0.010544 0.188171 0.712801
v -0.002081 0.185690 0.716112
v 0.014794 0.190065 0.707420
v 0.010142 0.184993 0.710264
v -0.000380 0.180109 0.708145
v -0.009710 0.186083 0.713889
v -0.010003 0.189493 0.715192
v -0.009820 0.192715 0.715719
v -0.002378 0.195248 0.717852
v -0.002652 0.198661 0.717325
v -0.009322 0.198862 0.716320
v -0.017630 0.186921 0.709797
v -0.019008 0.189874 0.712677
v -0.026941 0.192300 0.705105
v -0.016921 0.200108 0.713400
v -0.023492 0.203379 0.707415
v -0.027682 0.203594 0.696127
v -0.025506 0.205461 0.696349
v -0.030140 0.209278 0.685253
v -0.027823 0.212084 0.686171
v -0.030630 0.214484 0.674204
v -0.029596 0.203553 0.669830
v -0.031046 0.215894 0.662410
v -0.029590 0.223763 0.654504
v -0.031398 0.225257 0.643143
v -0.031338 0.230704 0.646610
v -0.027498 0.215432 0.638689
v -0.029032 0.208233 0.659345
v -0.020538 0.197334 0.667281
v -0.024910 0.228173 0.649037
v -0.031338 0.230704 0.646610
v -0.007022 0.189751 0.675624
v -0.006835 0.194270 0.666378
v 0.000262 0.189642 0.675747
v -0.019661 0.201583 0.657240
v -0.024207 0.207925 0.647611
v -0.023298 0.210976 0.637021
v -0.017919 0.207508 0.635943
v -0.012532 0.201604 0.646097
v -0.011341 0.205591 0.635605
v -0.006238 0.197854 0.656615
v -0.005445 0.200202 0.646195
v 0.013733 0.206204 0.640596
v 0.008040 0.200415 0.648075
v 0.002547 0.204211 0.637011
v 0.007211 0.197603 0.657798
v 0.006652 0.194791 0.667398
v 0.012484 0.200077 0.659342
v 0.001248 0.181439 0.693599
v 0.006705 0.191003 0.676620
v 0.007467 0.182656 0.694452
v 0.011991 0.193272 0.677846
v 0.017389 0.204052 0.672063
v 0.017487 0.209213 0.643191
v 0.017198 0.200251 0.681170
v 0.012389 0.185445 0.695801
v 0.006613 0.180920 0.702333
v -0.005426 0.181320 0.693127
v 0.013776 0.186451 0.705126
v 0.015495 0.189040 0.697586
v -0.006887 0.180335 0.706153
v -0.025930 0.194967 0.678754
v -0.013434 0.186189 0.685506
v -0.009991 0.180835 0.699056
v -0.015663 0.183940 0.706506
v -0.021701 0.185953 0.699239
v -0.024985 0.188775 0.702387
v -0.024905 0.189956 0.689354
v -0.027086 0.193938 0.691721
v -0.027856 0.197467 0.693598
v -0.028788 0.198725 0.680668
v -0.113451 -0.093874 -0.181621
v -0.117319 -0.117221 -0.193411
v -0.107662 -0.107892 -0.174679
v -0.101984 -0.120794 -0.172523
v -0.106641 -0.132952 -0.174049
v -0.098186 -0.169690 -0.176513
v -0.107338 -0.120367 -0.173829
v -0.113374 -0.144796 -0.183633
v -0.103144 -0.108816 -0.170664
v -0.104798 -0.097141 -0.169656
v -0.106855 -0.086171 -0.168956
v -0.115536 -0.072119 -0.173654
v -0.096133 -0.132554 -0.176884
v -0.096649 -0.120477 -0.175544
v -0.098379 -0.097952 -0.169074
v -0.100231 -0.088304 -0.166084
v -0.102141 -0.079151 -0.163482
v -0.103353 -0.070917 -0.160394
v -0.093283 -0.076418 -0.163242
v -0.093561 -0.081861 -0.166185
v -0.093134 -0.089221 -0.170503
v -0.086187 -0.107611 -0.184253
v -0.085144 -0.079101 -0.173428
v -0.079456 -0.090090 -0.188147
v -0.071041 -0.098074 -0.200447
v -0.070973 -0.118597 -0.201991
v -0.077498 -0.130351 -0.193935
v -0.071097 -0.085022 -0.199344
v -0.064357 -0.079639 -0.214503
v -0.067477 -0.074630 -0.195641
v -0.074867 -0.074252 -0.181621
v -0.081867 -0.072797 -0.169914
v -0.065381 -0.072409 -0.193881
v -0.071819 -0.074118 -0.179926
v -0.059820 -0.072720 -0.212834
v -0.058420 -0.079941 -0.231149
v -0.058257 -0.085273 -0.230068
v -0.063385 -0.090704 -0.213826
v -0.063755 -0.108215 -0.212981
v -0.062697 -0.072458 -0.191362
v -0.069475 -0.076767 -0.179015
v -0.053179 -0.069510 -0.208442
v -0.042323 -0.069040 -0.227425
v -0.047009 -0.070609 -0.229986
v -0.051808 -0.078195 -0.247577
v -0.056483 -0.087486 -0.245408
v -0.040926 -0.073160 -0.247955
v -0.057856 -0.094404 -0.243335
v -0.057747 -0.091723 -0.228674
v -0.058339 -0.103272 -0.240734
v -0.059004 -0.110299 -0.225640
v -0.058971 -0.124869 -0.235791
v -0.059976 -0.134124 -0.223018
v -0.060269 -0.161565 -0.229945
v -0.059672 -0.159347 -0.220441
v -0.059865 -0.172084 -0.219488
v -0.061264 -0.169537 -0.210466
v -0.060782 -0.174188 -0.228556
v -0.063778 -0.131832 -0.212313
v -0.066314 -0.154869 -0.201633
v -0.062814 -0.191957 -0.200621
v -0.060350 -0.194505 -0.208474
v -0.061097 -0.204396 -0.198644
v -0.064422 -0.203107 -0.191451
v -0.065113 -0.216458 -0.192016
v -0.069745 -0.216003 -0.186267
v -0.072957 -0.190379 -0.186662
v -0.082780 -0.142862 -0.187610
v -0.087605 -0.155875 -0.182490
v -0.077243 -0.203523 -0.180724
v -0.076497 -0.215957 -0.182227
v -0.085561 -0.204651 -0.178087
v -0.092170 -0.168876 -0.178633
v -0.071763 -0.228267 -0.189042
v -0.077273 -0.227955 -0.185013
v -0.092164 -0.217243 -0.179085
v -0.093677 -0.205725 -0.177125
v -0.108536 -0.207218 -0.179648
v -0.114824 -0.207399 -0.184325
v -0.106820 -0.218941 -0.182640
v -0.101347 -0.206645 -0.177324
v -0.103377 -0.170094 -0.177009
v -0.109829 -0.145233 -0.178383
v -0.107806 -0.170165 -0.179791
v -0.112069 -0.170126 -0.184326
v -0.110354 -0.230824 -0.189772
v -0.098153 -0.229267 -0.182806
v -0.078498 -0.239354 -0.187538
v -0.073863 -0.239664 -0.191372
v -0.090297 -0.239530 -0.184543
v -0.095147 -0.251034 -0.186102
v -0.105048 -0.252584 -0.192134
v -0.110850 -0.242192 -0.197604
v -0.109465 -0.253955 -0.204177
v -0.115631 -0.231121 -0.204041
v -0.067759 -0.228715 -0.194173
v -0.070437 -0.240064 -0.196008
v -0.071184 -0.251413 -0.195702
v -0.101579 -0.274327 -0.188925
v -0.105545 -0.276642 -0.199060
v -0.093249 -0.272796 -0.183491
v -0.084195 -0.250349 -0.186453
v -0.079034 -0.250487 -0.188275
v -0.083918 -0.272466 -0.183092
v -0.075373 -0.273442 -0.186955
v -0.080080 -0.284177 -0.181193
v -0.072436 -0.274495 -0.190985
v -0.073759 -0.286079 -0.187691
v -0.077663 -0.296428 -0.180674
v -0.079750 -0.327691 -0.168934
v -0.076066 -0.340695 -0.172107
v -0.074418 -0.331107 -0.176330
v -0.078662 -0.307546 -0.177467
v -0.074191 -0.310024 -0.185056
v -0.073866 -0.298725 -0.188924
v -0.072680 -0.287245 -0.192536
v -0.070301 -0.263832 -0.199040
v -0.073692 -0.299913 -0.193999
v -0.073210 -0.288319 -0.197801
v -0.072207 -0.276604 -0.201457
v -0.070073 -0.252612 -0.207113
v -0.068920 -0.240372 -0.201588
v -0.069328 -0.240732 -0.207980
v -0.067246 -0.229249 -0.207631
v -0.066307 -0.228954 -0.200531
v -0.064482 -0.217918 -0.206806
v -0.063187 -0.217125 -0.198991
v -0.061396 -0.196793 -0.217009
v -0.063862 -0.208011 -0.215667
v -0.066294 -0.218922 -0.215242
v -0.060263 -0.184696 -0.218455
v 0.068871 0.172155 -0.294121
v 0.082050 0.168280 -0.265027
v 0.074311 0.156044 -0.304027
v 0.083850 0.128245 -0.313102
v 0.069380 0.150355 -0.316768
v 0.084775 0.147944 -0.288342
v 0.095331 0.126525 -0.257549
v 0.085771 0.158878 -0.235469
v 0.097503 0.117729 -0.229644
v 0.100175 0.106454 -0.215132
v 0.102982 0.100122 -0.253818
v 0.098025 0.110370 -0.268794
v 0.091181 0.118407 -0.297350
v 0.093598 0.102848 -0.308721
v 0.099866 0.092416 -0.293196
v 0.097679 0.088090 -0.319770
v 0.084865 0.112173 -0.324089
v 0.064145 0.143580 -0.330119
v 0.039366 0.146801 -0.346702
v 0.032943 0.135995 -0.359186
v 0.026034 0.124349 -0.370075
v 0.019136 0.128684 -0.371892
v 0.012276 0.114190 -0.378386
v 0.012726 0.133198 -0.373412
v 0.017008 0.146174 -0.363278
v 0.015129 0.172964 -0.340524
v 0.002689 0.165198 -0.353557
v 0.004478 0.176377 -0.342540
v 0.012461 0.162293 -0.352654
v 0.000307 0.153719 -0.364233
v 0.021640 0.157722 -0.351187
v 0.054828 0.150890 -0.331877
v 0.055305 0.175833 -0.310264
v 0.025295 0.168172 -0.338438
v 0.043682 0.182770 -0.312714
v 0.017306 0.183174 -0.328585
v 0.058416 0.182348 -0.297350
v 0.046533 0.190561 -0.300109
v 0.007022 0.197080 -0.318916
v 0.005763 0.186838 -0.330841
v 0.007972 0.206032 -0.305870
v 0.074132 0.184090 -0.254786
v 0.080578 0.172778 -0.238091
v 0.063150 0.195055 -0.257465
v 0.049177 0.199972 -0.272916
v 0.082769 0.161837 -0.208872
v 0.073310 0.185996 -0.241040
v 0.085266 0.136607 -0.166942
v 0.094421 0.121093 -0.204050
v 0.090289 0.108074 -0.140936
v 0.098822 0.096586 -0.176453
v 0.096034 0.096232 -0.152459
v 0.077990 0.153631 -0.091131
v 0.104863 0.083031 -0.187055
v 0.105433 0.091769 -0.225903
v 0.110627 0.077278 -0.236215
v 0.116032 0.057660 -0.270460
v 0.112383 0.068009 -0.209008
v 0.114686 0.064690 -0.233247
v 0.119319 0.047234 -0.253642
v 0.122108 0.030943 -0.260099
v 0.116887 0.044122 -0.181454
v 0.118024 0.051622 -0.229906
v 0.120237 0.037995 -0.226184
v 0.122318 0.021878 -0.232937
v 0.121528 0.024037 -0.222052
v 0.120046 0.015980 -0.185794
v 0.122654 0.009938 -0.217482
v 0.116916 0.031979 -0.167822
v 0.119077 0.005021 -0.171375
v 0.120985 0.003056 -0.181533
v 0.116336 -0.005739 -0.157708
v 0.118642 -0.007344 -0.167172
v 0.009860 0.292918 0.423221
v 0.009494 0.285023 0.414132
v 0.002920 0.286338 0.413421
v -0.021314 0.280358 0.419490
v -0.026563 0.276028 0.423223
v -0.022283 0.313017 0.457575
v -0.015996 0.291448 0.425845
v -0.015643 0.283723 0.416515
v -0.003355 0.302600 0.431591
v -0.009669 0.285794 0.414526
v -0.003479 0.286720 0.413440
v 0.003254 0.320461 0.449442
v 0.015807 0.326183 0.462240
v -0.029708 0.327531 0.480450
v -0.017246 0.326079 0.462979
v -0.033436 0.313593 0.475813
v -0.010274 0.319187 0.451156
v -0.003857 0.330138 0.458685
v 0.003116 0.330255 0.458431
v 0.009790 0.339212 0.468694
v 0.026286 0.308553 0.460871
v 0.026077 0.317583 0.470439
v 0.021485 0.331894 0.475106
v 0.016653 0.346702 0.480384
v 0.009964 0.350155 0.477968
v 0.017570 0.356905 0.490069
v 0.010461 0.361331 0.487892
v 0.019712 0.366275 0.500004
v 0.022349 0.287219 0.427681
v 0.031946 0.277631 0.435737
v 0.030857 0.303796 0.465485
v 0.031336 0.321326 0.484154
v 0.032266 0.329651 0.492746
v 0.028557 0.344085 0.497199
v 0.033698 0.337309 0.501051
v 0.036738 0.344503 0.508372
v 0.030967 0.351653 0.505714
v 0.044674 0.356467 0.522042
v 0.035750 0.358577 0.512734
v 0.049626 0.361082 0.528385
v 0.046552 0.367897 0.527360
v 0.055509 0.364999 0.533795
v 0.053228 0.370954 0.533413
v 0.050036 0.377515 0.534625
v 0.036318 0.372129 0.519136
v 0.058439 0.377990 0.539285
v 0.060970 0.373122 0.537590
v 0.053627 0.382686 0.542977
v 0.048919 0.388894 0.548691
v 0.057299 0.383678 0.547955
v 0.041787 0.392193 0.543163
v 0.029437 0.391007 0.527104
v 0.031589 0.400486 0.541515
v 0.034248 0.405259 0.543255
v 0.040634 0.399894 0.545119
v 0.046300 0.396375 0.548158
v 0.051350 0.394841 0.555896
v 0.054508 0.387826 0.556151
v 0.061362 0.384628 0.555415
v -0.006920 0.395671 0.522314
v -0.000626 0.407201 0.548260
v 0.018819 0.404318 0.538850
v 0.020809 0.408874 0.549371
v 0.024837 0.405259 0.544308
v 0.020061 0.397864 0.528568
v 0.022326 0.387778 0.518391
v 0.023543 0.374025 0.510045
v 0.012079 0.371996 0.498474
v 0.018352 0.411463 0.559232
v -0.004328 0.340654 0.467642
v -0.012687 0.349962 0.478597
v -0.005021 0.351825 0.477056
v 0.002687 0.351945 0.476769
v 0.002341 0.363705 0.486959
v -0.022029 0.356839 0.491088
v -0.014635 0.361207 0.488533
v -0.006298 0.363725 0.487169
v 0.002207 0.375734 0.498218
v 0.012156 0.394650 0.520893
v -0.012137 0.385947 0.509346
v -0.018017 0.372190 0.499017
v -0.031035 0.374192 0.511339
v -0.031818 0.359955 0.504010
v -0.047650 0.364846 0.524799
v -0.029315 0.386149 0.519824
v -0.025177 0.395984 0.528092
v -0.035644 0.389212 0.529143
v -0.033987 0.399919 0.541323
v -0.024902 0.404622 0.543043
v -0.029028 0.408419 0.545391
v -0.022786 0.411154 0.552564
v -0.016266 0.408391 0.547867
v -0.010785 0.405523 0.542361
v -0.035923 0.404135 0.543916
v -0.043020 0.399369 0.546450
v -0.040611 0.390865 0.536864
v -0.044547 0.381779 0.531589
v -0.050108 0.383339 0.538867
v -0.044664 0.392398 0.544062
v -0.048679 0.397292 0.550357
v -0.051120 0.390259 0.550231
v -0.052151 0.396433 0.554937
v -0.054381 0.389436 0.555224
v -0.057635 0.384834 0.549665
v -0.060163 0.385364 0.554079
v -0.054296 0.384275 0.544713
v -0.048216 0.106392 -0.366190
v -0.033537 0.104816 -0.375087
v -0.040900 0.098050 -0.373676
v -0.049047 0.089773 -0.371899
v -0.039876 0.113626 -0.369168
v -0.027845 0.109341 -0.375718
v -0.055884 0.115267 -0.357497
v -0.078283 0.106071 -0.340444
v -0.084642 0.076024 -0.344091
v -0.063662 0.069198 -0.364224
v -0.027740 0.120986 -0.373046
v -0.023909 0.112333 -0.376946
v -0.039700 0.128383 -0.364739
v -0.054264 0.131728 -0.351313
v -0.066888 0.131473 -0.335106
v -0.082257 0.112400 -0.327782
v -0.101016 0.077053 -0.319352
v -0.032830 0.131227 -0.366525
v -0.029955 0.144712 -0.359561
v -0.027172 0.133252 -0.369116
v -0.026327 0.170613 -0.339588
v -0.016138 0.162847 -0.352226
v -0.024519 0.159363 -0.350737
v -0.032509 0.155906 -0.348830
v -0.023385 0.147409 -0.361530
v -0.049458 0.146290 -0.342931
v -0.057869 0.139141 -0.338846
v -0.079209 0.151964 -0.299248
v -0.071832 0.162716 -0.304446
v -0.049006 0.171274 -0.323785
v -0.062944 0.172217 -0.308681
v -0.079075 0.174294 -0.278526
v -0.086891 0.162293 -0.273945
v -0.093111 0.128399 -0.290866
v -0.095833 0.131941 -0.278490
v -0.108080 0.089533 -0.269556
v -0.109639 0.091942 -0.256888
v -0.114649 0.078670 -0.253951
v -0.099360 0.097577 -0.296997
v -0.052685 0.180018 -0.311666
v -0.069073 0.184551 -0.282259
v -0.071114 0.188859 -0.268440
v -0.081382 0.178146 -0.264693
v -0.093703 0.150927 -0.256326
v -0.041615 0.186152 -0.314009
v -0.038827 0.176857 -0.326162
v -0.043693 0.193919 -0.300954
v -0.059240 0.197994 -0.271361
v -0.059864 0.200800 -0.257199
v -0.072060 0.191784 -0.254338
v -0.082148 0.180536 -0.250552
v -0.087873 0.167791 -0.232979
v -0.087669 0.119753 -0.136663
v -0.082583 0.168159 -0.192760
v -0.107404 0.061964 -0.141213
v -0.097515 0.125175 -0.198168
v -0.077767 0.181764 -0.209166
v -0.071633 0.193212 -0.240146
v -0.069443 0.194320 -0.197821
v -0.068885 0.192734 -0.168137
v -0.072805 0.171065 -0.111268
v -0.089766 0.126879 -0.100789
v -0.077479 0.160848 -0.125173
v -0.076876 0.165360 -0.152220
v -0.074380 0.180333 -0.167064
v -0.072083 0.176320 -0.138414
v 0.013982 0.233946 0.643868
v 0.011216 0.233475 0.647371
v 0.013514 0.230116 0.645246
v -0.089711 -0.099756 -0.087276
v -0.096024 -0.084453 -0.109590
v -0.084591 -0.092232 -0.124659
v -0.077585 -0.105897 -0.101962
v -0.064778 -0.107962 -0.129077
v -0.053721 -0.115660 -0.118555
v -0.053901 -0.104787 -0.163969
v -0.067821 -0.116784 -0.091345
v -0.082631 -0.115957 -0.064016
v -0.101250 -0.091828 -0.072878
v -0.104700 -0.072508 -0.106705
v -0.101245 -0.066830 -0.137178
v -0.107095 -0.051006 -0.139136
v -0.105529 -0.098484 -0.047885
v -0.058560 -0.131599 -0.067740
v -0.055973 -0.123504 -0.093440
v -0.029359 -0.126870 -0.109202
v -0.031204 -0.136050 -0.083580
v -0.046453 -0.141104 -0.056164
v -0.060321 -0.138569 -0.041152
v -0.084787 -0.121961 -0.037953
v -0.106374 -0.101071 -0.034695
v -0.016543 -0.129569 -0.110376
v -0.018806 -0.147030 -0.058373
v -0.033216 -0.148214 -0.043686
v -0.046772 -0.145745 -0.028318
v -0.072760 -0.132739 -0.025846
v -0.045957 -0.145629 -0.013982
v -0.029844 -0.146338 0.013015
v -0.004354 -0.143856 -0.072365
v -0.004857 -0.151268 -0.045518
v -0.019229 -0.153038 -0.030702
v -0.018720 -0.153686 -0.016327
v -0.017722 -0.152631 -0.001883
v -0.015636 -0.148117 0.026456
v 0.011822 -0.131357 0.076688
v -0.000121 -0.134939 0.078400
v -0.013907 -0.138406 0.066483
v -0.001509 -0.146996 0.039808
v -0.003875 -0.154096 -0.002998
v -0.004546 -0.154192 -0.017417
v -0.003459 -0.129702 -0.110765
v 0.010159 -0.118434 -0.135667
v 0.008930 -0.130476 -0.097191
v 0.009327 -0.145131 -0.058960
v 0.009196 -0.149894 -0.031862
v 0.009365 -0.149557 -0.003972
v 0.010503 -0.146036 0.024145
v 0.022405 -0.142082 -0.045013
v 0.022429 -0.143969 -0.031735
v 0.022075 -0.138711 -0.057942
v 0.021220 -0.125431 -0.095914
v 0.022539 -0.113213 -0.134294
v 0.024301 -0.105556 -0.159596
v 0.011787 -0.140016 0.051435
v 0.023433 -0.126867 0.074931
v 0.023653 -0.134879 0.049307
v 0.022222 -0.142074 0.008813
v 0.022297 -0.144393 -0.018239
v -0.030802 0.214620 0.708597
v -0.024201 0.213903 0.721868
v -0.030347 0.217905 0.710223
v -0.021670 0.216687 0.720910
v -0.024560 0.215572 0.691917
v -0.022662 0.211045 0.703516
v -0.030849 0.217115 0.694212
v -0.028863 0.212256 0.706585
v -0.032727 0.219560 0.696029
v -0.032895 0.222760 0.697997
v -0.028728 0.220921 0.711126
v -0.019639 0.219942 0.720300
v -0.013944 0.211028 0.728848
v -0.019346 0.224037 0.721163
v -0.015817 0.235717 0.726516
v -0.006650 0.229271 0.732940
v -0.007603 0.236593 0.728744
v -0.015608 0.228709 0.730325
v -0.021391 0.228980 0.723035
v -0.025536 0.227829 0.713135
v -0.030391 0.233892 0.703874
v -0.034839 0.231747 0.688655
v -0.020386 0.236851 0.716413
v -0.034836 0.229770 0.673730
v -0.039012 0.243037 0.668119
v -0.034515 0.235256 0.633138
v -0.038779 0.251181 0.635625
v -0.041636 0.248202 0.609637
v -0.040158 0.255709 0.624350
v -0.039085 0.260486 0.639015
v -0.038046 0.248702 0.671364
v -0.032783 0.247265 0.684095
v -0.022126 0.242648 0.709050
v -0.047861 0.268590 0.599744
v -0.044360 0.268329 0.613001
v -0.041262 0.269011 0.627745
v -0.037624 0.269970 0.645193
v -0.034708 0.262245 0.667330
v -0.022654 0.257744 0.692866
v -0.029249 0.277430 0.666174
v -0.034257 0.278619 0.652465
v -0.011564 0.293159 0.680908
v -0.016527 0.253977 0.704915
v -0.008854 0.249085 0.714958
v -0.023774 0.283987 0.672360
v -0.033185 0.296074 0.654461
v -0.038779 0.279157 0.638044
v -0.046711 0.282686 0.624737
v -0.039998 0.297665 0.641821
v -0.059127 0.302756 0.622436
v -0.061934 0.299501 0.614500
v -0.031957 0.312926 0.655652
v -0.019193 0.299404 0.670846
v -0.012303 0.303759 0.673872
v -0.004969 0.306142 0.675129
v -0.017650 0.327101 0.661090
v -0.005816 0.335297 0.660576
v -0.016027 0.344440 0.653661
v -0.038070 0.354894 0.646907
v -0.020889 0.356862 0.644704
v -0.033207 0.361026 0.641835
v -0.045077 0.363905 0.637719
v -0.051864 0.351708 0.642833
v -0.038751 0.336031 0.651739
v -0.025803 0.319989 0.659603
v -0.002969 0.362438 0.644787
v -0.028062 0.366830 0.634753
v -0.035173 0.375097 0.623184
v -0.054419 0.363705 0.631239
v -0.070664 0.358932 0.623151
v -0.072838 0.353778 0.625178
v -0.023124 0.372932 0.626723
v -0.079331 0.347534 0.608083
v -0.079487 0.347209 0.614599
v -0.076744 0.358691 0.612887
v -0.076840 0.353865 0.619677
v -0.068497 0.370137 0.610777
v -0.060134 0.376061 0.610239
v -0.047175 0.389547 0.602224
v -0.027436 0.390964 0.608726
v -0.073399 0.330509 0.608578
v -0.077674 0.339536 0.608377
v -0.071362 0.346289 0.586061
v -0.074594 0.352139 0.594530
v -0.065373 0.360509 0.575716
v -0.076877 0.340912 0.601172
v -0.071420 0.364020 0.600907
v -0.057012 0.383495 0.592318
v -0.053128 0.387171 0.597508
v -0.044365 0.401913 0.579250
v -0.036549 0.396206 0.597815
v -0.049162 0.397847 0.576480
v 0.007332 0.388478 0.615749
v -0.014682 0.399426 0.599235
v -0.026022 0.397895 0.599464
v -0.038108 0.403763 0.579609
v -0.046491 0.409516 0.573471
v -0.050991 0.404903 0.570403
v -0.053521 0.397738 0.565233
v -0.057462 0.387568 0.563695
v -0.040690 0.412555 0.574327
v -0.053573 0.396849 0.559295
v -0.056184 0.388913 0.559661
v -0.062274 0.385426 0.558250
v -0.060163 0.385364 0.554079
v -0.054381 0.389436 0.555224
v -0.052151 0.396433 0.554937
v -0.064237 0.384352 0.561789
v -0.059042 0.383805 0.568605
v -0.065986 0.381688 0.564516
v -0.068887 0.372307 0.565010
v -0.063773 0.371228 0.567133
v -0.065213 0.360404 0.562071
v -0.063100 0.363813 0.568044
v -0.063589 0.357915 0.564871
v -0.064453 0.356712 0.557654
v -0.059366 0.343608 0.548961
v -0.062813 0.354685 0.551968
v -0.070393 0.362770 0.560153
v -0.070146 0.359617 0.556020
v -0.069330 0.358614 0.550787
v -0.068393 0.359440 0.545558
v -0.060206 0.352920 0.544116
v -0.055826 0.345560 0.536291
v -0.057391 0.337653 0.541828
v -0.049638 0.318621 0.518667
v -0.054294 0.302775 0.532172
v -0.047474 0.285755 0.503389
v -0.047052 0.272269 0.515035
v -0.049681 0.284332 0.519731
v -0.047825 0.298697 0.507144
v -0.047087 0.312075 0.510284
v -0.040064 0.325105 0.499448
v -0.037968 0.339030 0.503405
v -0.025923 0.341897 0.485247
v -0.047979 0.276101 0.526419
v -0.052175 0.288711 0.530861
v -0.052365 0.276850 0.543013
v -0.055143 0.284552 0.554595
v -0.052610 0.267750 0.564693
v -0.050100 0.265681 0.543621
v -0.044952 0.268175 0.530572
v -0.041618 0.258085 0.523887
v -0.046384 0.266560 0.504804
v -0.042514 0.247289 0.504677
v -0.038187 0.246439 0.517975
v -0.051736 0.258919 0.561801
v -0.050432 0.260933 0.582876
v -0.047347 0.258065 0.543865
v -0.039421 0.253029 0.535841
v -0.032156 0.237617 0.532480
v -0.034603 0.235073 0.511623
v -0.033251 0.240364 0.540573
v -0.044860 0.250111 0.545029
v -0.048099 0.243760 0.560004
v -0.048904 0.244222 0.578606
v -0.046744 0.249077 0.596321
v -0.043240 0.232751 0.576120
v -0.044119 0.233689 0.593297
v -0.041052 0.239631 0.608253
v -0.019038 0.231186 0.554865
v -0.033639 0.231504 0.561874
v -0.025842 0.233378 0.553362
v -0.044228 0.237583 0.560237
v -0.038642 0.228595 0.575152
v -0.040280 0.228314 0.591595
v -0.035334 0.230861 0.619251
v -0.028496 0.219628 0.615812
v -0.033383 0.225400 0.574467
v -0.030737 0.220499 0.588326
v -0.023058 0.213479 0.625897
v -0.030841 0.222882 0.629570
v -0.003576 0.207236 0.624436
v 0.003446 0.209013 0.613054
v 0.003302 0.207363 0.625872
v -0.003978 0.209110 0.611570
v -0.020999 0.214172 0.599507
v -0.024425 0.218445 0.586725
v -0.000133 0.220340 0.576028
v -0.001473 0.224228 0.566047
v -0.005593 0.212286 0.598240
v 0.002580 0.212254 0.599724
v -0.002250 0.227665 0.556871
v -0.002649 0.229172 0.547808
v -0.010770 0.230226 0.546878
v -0.003057 0.227742 0.538878
v -0.017829 0.214304 0.512247
v -0.011796 0.206357 0.506510
v -0.005078 0.214233 0.513809
v -0.004396 0.219850 0.521820
v -0.017699 0.224718 0.528978
v -0.003651 0.224129 0.530351
v -0.010778 0.227896 0.538183
v -0.024448 0.232790 0.544401
v -0.040938 0.243324 0.547467
v -0.023189 0.221477 0.519216
v -0.023668 0.230128 0.536126
v -0.005317 0.198193 0.501510
v -0.011752 0.198391 0.499881
v -0.023818 0.202512 0.493787
v -0.022844 0.216566 0.510161
v -0.027557 0.224566 0.517217
v -0.040631 0.234512 0.499202
v -0.049222 0.224917 0.476984
v -0.045903 0.219382 0.481558
v -0.038614 0.221867 0.493623
v -0.041000 0.214237 0.485052
v -0.031549 0.223972 0.505209
v -0.005407 0.202130 0.690430
v -0.005622 0.206634 0.681684
v -0.015843 0.203132 0.692175
v -0.004611 0.198971 0.698809
v -0.013981 0.200440 0.700699
v -0.014946 0.200993 0.710821
v -0.002725 0.198591 0.713853
v -0.003638 0.198541 0.705853
v -0.020071 0.202781 0.704866
v -0.022859 0.206272 0.695646
v -0.020962 0.209139 0.683911
v -0.020903 0.214092 0.673775
v -0.004573 0.216206 0.664654
v -0.016921 0.200108 0.713400
v -0.009322 0.198862 0.716320
v -0.009262 0.221166 0.658288
v -0.002466 0.224242 0.653372
v -0.027512 0.221155 0.664561
v -0.028122 0.216928 0.675063
v -0.026285 0.224823 0.655829
v -0.028122 0.216928 0.675063
v -0.017415 0.226953 0.653774
v -0.013004 0.226639 0.654205
v -0.007903 0.224979 0.653683
v 0.067576 -0.356556 -0.252553
v 0.070469 -0.364498 -0.244741
v 0.072501 -0.353970 -0.244712
v 0.073940 -0.345192 -0.248916
v 0.080497 -0.343681 -0.244399
v 0.069861 -0.347940 -0.256975
v 0.068158 -0.339642 -0.264649
v 0.066126 -0.353910 -0.273736
v 0.064187 -0.360773 -0.263673
v 0.066666 -0.367413 -0.253537
v 0.066657 -0.376611 -0.248879
v 0.068744 -0.393191 -0.230493
v 0.064675 -0.396086 -0.239927
v 0.068227 -0.403883 -0.232111
v 0.066170 -0.405666 -0.236442
v 0.072551 -0.401565 -0.226835
v 0.063889 -0.363366 -0.269870
v 0.066101 -0.371634 -0.265150
v 0.066907 -0.380106 -0.260622
v 0.064780 -0.398853 -0.253709
v 0.064546 -0.407474 -0.242795
v 0.064757 -0.408580 -0.250587
v -0.003228 0.202078 0.726411
v -0.011580 0.205673 0.720875
v -0.002861 0.203813 0.723728
v 0.007386 0.204096 0.727980
v 0.006836 0.203051 0.725055
v 0.006003 0.203761 0.722342
v 0.005444 0.205879 0.720549
v 0.005086 0.208244 0.718791
v -0.002052 0.208864 0.719853
v -0.008736 0.210651 0.717491
v -0.014124 0.213216 0.711790
v -0.018221 0.229125 0.672548
v -0.020102 0.228208 0.663296
v -0.015923 0.230225 0.664118
v -0.025525 0.225246 0.670755
v -0.019627 0.225974 0.682536
v -0.024560 0.215572 0.691917
v -0.019445 0.221032 0.692920
v -0.017654 0.216375 0.703066
v -0.018700 0.208202 0.714025
v -0.025499 0.210169 0.721229
v -0.023517 0.208236 0.718432
v -0.013027 0.204371 0.723200
v -0.014126 0.205228 0.726106
v -0.003610 0.205611 0.731969
v -0.003840 0.212848 0.731804
v -0.011257 0.223652 0.726518
v 0.002811 0.229018 0.732809
v 0.003461 0.222287 0.732050
v 0.005001 0.212953 0.729775
v 0.006546 0.209694 0.730759
v 0.007309 0.206577 0.730099
v 0.017164 0.209488 0.724237
v 0.013530 0.215326 0.724570
v 0.010969 0.218684 0.724349
v 0.011323 0.222837 0.727118
v 0.011504 0.229008 0.729513
v 0.009775 0.236684 0.727348
v 0.023469 0.213674 0.714316
v 0.017042 0.206775 0.722151
v 0.023768 0.210794 0.712332
v 0.019145 0.219097 0.716193
v 0.017175 0.222506 0.717273
v 0.017355 0.226538 0.720020
v 0.023076 0.225290 0.707424
v 0.027805 0.225440 0.694454
v 0.028139 0.222517 0.692355
v 0.022428 0.208519 0.710087
v 0.020509 0.233425 0.712552
v 0.017321 0.232272 0.723020
v 0.031528 0.242212 0.679059
v 0.032017 0.237791 0.676605
v 0.029322 0.225476 0.681219
v 0.024698 0.222186 0.677860
v 0.017320 0.207604 0.706460
v 0.014519 0.236892 0.723478
v 0.035207 0.249574 0.657680
v 0.035155 0.239409 0.655364
v 0.034460 0.262093 0.632761
v 0.034373 0.239462 0.665834
v 0.033253 0.235610 0.664344
v 0.028737 0.230414 0.661757
v 0.023518 0.226528 0.668647
v 0.020045 0.218467 0.686754
v 0.032826 0.235789 0.654424
v 0.031409 0.272382 0.642829
v 0.029345 0.263096 0.664982
v 0.028830 0.280874 0.650234
v 0.007891 0.242852 0.720910
v 0.011047 0.256696 0.705272
v 0.021226 0.241852 0.705125
v 0.024509 0.253090 0.685436
v 0.024344 0.269529 0.670498
v 0.025563 0.288166 0.657395
v 0.013432 0.279541 0.681496
v 0.008455 0.273700 0.692439
v 0.019400 0.284532 0.669810
v 0.028424 0.298749 0.652199
v 0.035172 0.284440 0.637655
v 0.038104 0.276971 0.627515
v -0.000820 0.250279 0.715645
v 0.001803 0.295025 0.681935
v 0.005267 0.258413 0.708491
v 0.008100 0.292903 0.679323
v 0.014145 0.289435 0.675294
v 0.024920 0.304674 0.658497
v 0.021184 0.353454 0.649295
v 0.014873 0.366073 0.637844
v 0.013504 0.343003 0.654762
v 0.004005 0.318494 0.667872
v 0.012097 0.315086 0.665987
v 0.019628 0.310243 0.663284
v 0.024188 0.320636 0.657940
v 0.030261 0.347497 0.650144
v 0.029187 0.315163 0.653482
v 0.040818 0.336530 0.646085
v 0.046518 0.345950 0.640144
v 0.037998 0.358393 0.642213
v 0.027738 0.363535 0.641095
v 0.047877 0.340503 0.636612
v -0.007128 0.380650 0.623463
v 0.001931 0.370470 0.636666
v 0.030550 0.381090 0.617003
v 0.043570 0.367419 0.627853
v 0.052500 0.351848 0.632544
v 0.041254 0.377967 0.614447
v 0.063072 0.352996 0.617736
v 0.053603 0.346172 0.631552
v 0.055909 0.339885 0.625978
v 0.051098 0.342186 0.628643
v 0.046444 0.336703 0.631028
v 0.051794 0.331385 0.627652
v 0.057570 0.325826 0.622175
v 0.048077 0.321243 0.630185
v 0.056282 0.310464 0.613908
v 0.045052 0.309402 0.633222
v 0.044144 0.327166 0.635795
v 0.037811 0.321250 0.644871
v 0.042599 0.331785 0.640893
v -0.090771 -0.423753 0.229720
v -0.087919 -0.414395 0.228121
v -0.085910 -0.423917 0.229482
v -0.078994 -0.414193 0.230053
v -0.080308 -0.407626 0.227748
v -0.077749 -0.423868 0.230927
v -0.095199 -0.423372 0.233968
v -0.091891 -0.414264 0.230714
v -0.093837 -0.426642 0.234567
v -0.089462 -0.426743 0.231857
v -0.077546 -0.426993 0.233239
v -0.073274 -0.424381 0.229405
v -0.070477 -0.413831 0.228894
v -0.071066 -0.407457 0.226975
v -0.072241 -0.399535 0.226787
v -0.067939 -0.399344 0.228574
v -0.094103 -0.429119 0.241481
v -0.077127 -0.428943 0.237256
v -0.072950 -0.427959 0.232038
v -0.068774 -0.423774 0.229379
v -0.067062 -0.413365 0.231158
v -0.063986 -0.406908 0.233869
v -0.064079 -0.413045 0.235010
v -0.062182 -0.413114 0.241445
v -0.064007 -0.426518 0.232034
v -0.068132 -0.428113 0.230965
v -0.067677 -0.429997 0.235838
v -0.087070 -0.431534 0.258727
v -0.071728 -0.430328 0.242840
v -0.063490 -0.429853 0.235764
v -0.060686 -0.428053 0.236580
v -0.059244 -0.424806 0.241719
v -0.061306 -0.412980 0.250228
v -0.061217 -0.406633 0.247952
v -0.059546 -0.428619 0.241842
v -0.081824 -0.432172 0.267623
v -0.071394 -0.431764 0.259379
v -0.062571 -0.431348 0.260017
v -0.059035 -0.429318 0.260387
v -0.058153 -0.425121 0.250790
v -0.059965 -0.417388 0.250875
v -0.090256 -0.432748 0.275811
v -0.076982 -0.432568 0.275704
v -0.064351 -0.432032 0.277657
v -0.062309 -0.429886 0.285574
v -0.058871 -0.425570 0.270130
v -0.061810 -0.424581 0.285211
v -0.061084 -0.416030 0.268833
v -0.066211 -0.406696 0.273628
v -0.064455 -0.428464 0.290214
v -0.065168 -0.423452 0.289247
v -0.066180 -0.417504 0.284928
v -0.068896 -0.406206 0.275505
v -0.062853 -0.409749 0.265783
v -0.060116 -0.417108 0.260699
v -0.061541 -0.411910 0.259149
v -0.058185 -0.425409 0.260709
v -0.061168 -0.405054 0.255801
v -0.061061 -0.396834 0.251987
v -0.061311 -0.398419 0.244826
v -0.061450 -0.388130 0.247693
v -0.062976 -0.390700 0.235591
v -0.065391 -0.391127 0.230817
v -0.073202 -0.391328 0.225871
v -0.086014 -0.399934 0.226594
v -0.089569 -0.407879 0.226808
v -0.093475 -0.407751 0.230368
v -0.095114 -0.414363 0.235759
v -0.099160 -0.423659 0.241011
v -0.100245 -0.428290 0.249382
v -0.101441 -0.423892 0.250087
v -0.099139 -0.414230 0.276266
v -0.098995 -0.413778 0.251800
v -0.098282 -0.414429 0.242830
v -0.092917 -0.406704 0.274940
v -0.095885 -0.418370 0.284192
v -0.099750 -0.419723 0.281932
v -0.100867 -0.427504 0.277224
v -0.098554 -0.431580 0.276654
v -0.095979 -0.432063 0.267612
v -0.099662 -0.429746 0.284369
v -0.094704 -0.424231 0.289133
v -0.090662 -0.424209 0.288899
v -0.098062 -0.429179 0.289254
v -0.096089 -0.432663 0.284640
v -0.094115 -0.431029 0.291943
v -0.089631 -0.430626 0.289804
v -0.081520 -0.428673 0.282336
v -0.090733 -0.389646 0.269319
v -0.096817 -0.399568 0.270468
v -0.092314 -0.398115 0.275304
v -0.088876 -0.406227 0.275751
v -0.087968 -0.413182 0.279096
v -0.081895 -0.425043 0.281921
v -0.078461 -0.424985 0.283132
v -0.078400 -0.429264 0.284380
v -0.084036 -0.398701 0.274446
v -0.075367 -0.398742 0.271132
v -0.083025 -0.401853 0.270721
v -0.075870 -0.401996 0.268730
v -0.086410 -0.406980 0.274602
v -0.082096 -0.405698 0.268300
v -0.079022 -0.406701 0.267775
v -0.073340 -0.423714 0.288937
v -0.074396 -0.406901 0.274332
v -0.079022 -0.406701 0.267775
v -0.075870 -0.401996 0.268730
v -0.072816 -0.430734 0.290806
v -0.068024 -0.429963 0.291221
v -0.069460 -0.423219 0.290337
v -0.070829 -0.411683 0.280667
v -0.071979 -0.405909 0.275673
v -0.070450 -0.398259 0.273931
v -0.068896 -0.406206 0.275505
v -0.066180 -0.417504 0.284928
v -0.065168 -0.423452 0.289247
v -0.064455 -0.428464 0.290214
v -0.066397 -0.398932 0.271475
v -0.066211 -0.406696 0.273628
v -0.068189 -0.390960 0.266980
v -0.072356 -0.390178 0.269044
v -0.073074 -0.380765 0.263568
v -0.068846 -0.371959 0.256006
v -0.074236 -0.362141 0.251742
v -0.070330 -0.353517 0.245974
v -0.062418 -0.355717 0.238491
v -0.062572 -0.365944 0.242888
v -0.062682 -0.394541 0.258404
v -0.085132 -0.361361 0.252471
v -0.090190 -0.370928 0.256395
v -0.090151 -0.380535 0.262538
v -0.084280 -0.389316 0.270645
v -0.060035 -0.357648 0.232841
v -0.057801 -0.345888 0.230950
v -0.061135 -0.368376 0.237487
v -0.061450 -0.388130 0.247693
v -0.061061 -0.396834 0.251987
v -0.061168 -0.405054 0.255801
v -0.062853 -0.409749 0.265783
v -0.061541 -0.411910 0.259149
v 0.121528 0.024037 -0.222052
v 0.122318 0.021878 -0.232937
v 0.123107 -0.049570 -0.262119
v 0.124435 -0.033083 -0.256677
v 0.124537 -0.015473 -0.252848
v 0.125065 -0.003854 -0.269693
v 0.124165 0.013744 -0.265229
v 0.121848 0.002718 -0.296826
v 0.114108 -0.089982 -0.277853
v 0.113775 -0.077044 -0.279062
v 0.115120 -0.064492 -0.281655
v 0.123461 -0.024338 -0.284963
v 0.117811 -0.014109 -0.300537
v 0.108132 -0.064695 -0.290870
v 0.108147 -0.089736 -0.287333
v 0.116756 -0.001252 -0.306243
v 0.109039 -0.016586 -0.308146
v 0.089791 -0.032590 -0.316416
v 0.088870 -0.021898 -0.321125
v 0.098260 -0.007732 -0.319858
v 0.087348 -0.011270 -0.325290
v 0.079672 -0.034999 -0.321263
v 0.081472 -0.045701 -0.316831
v 0.093253 -0.077963 -0.301433
v 0.083265 -0.056775 -0.312638
v 0.072899 -0.047518 -0.318832
v 0.075746 -0.058404 -0.314449
v 0.080225 -0.080046 -0.306350
v 0.069036 -0.059908 -0.314176
v 0.074504 -0.080897 -0.306922
v 0.066511 -0.071247 -0.308206
v 0.062915 -0.061444 -0.311699
v 0.076448 -0.091448 -0.304352
v 0.077874 -0.102001 -0.301943
v 0.082895 -0.101904 -0.301675
v 0.087436 -0.090289 -0.301553
v 0.093582 -0.101407 -0.296516
v 0.088073 -0.112853 -0.298648
v 0.071272 -0.091360 -0.302344
v 0.073058 -0.101679 -0.299733
v 0.074042 -0.112344 -0.298212
v 0.065503 -0.122439 -0.290098
v 0.064847 -0.111269 -0.290494
v 0.068566 -0.101091 -0.296174
v 0.064880 -0.080923 -0.301081
v 0.061993 -0.145785 -0.285312
v 0.058502 -0.146426 -0.277282
v 0.061016 -0.121896 -0.283610
v 0.059962 -0.099098 -0.284799
v 0.056099 -0.087431 -0.275845
v 0.054953 -0.079407 -0.276431
v 0.058232 -0.071981 -0.297267
v 0.052490 -0.073171 -0.277055
v 0.062011 -0.071649 -0.303750
v 0.057901 -0.062635 -0.306389
v 0.053395 -0.064416 -0.299142
v 0.049954 -0.066849 -0.289445
v 0.048431 -0.068900 -0.264721
v 0.051865 -0.073255 -0.264350
v 0.042950 -0.065673 -0.277995
v 0.036833 -0.066552 -0.264807
v 0.035955 -0.065418 -0.278516
v 0.043276 -0.066735 -0.264815
v 0.043589 -0.063028 -0.290461
v 0.053538 -0.079294 -0.263994
v 0.054557 -0.096409 -0.263799
v 0.056787 -0.109022 -0.274899
v 0.055331 -0.120680 -0.264860
v 0.057509 -0.121250 -0.274998
v 0.055754 -0.133650 -0.266109
v 0.009860 0.292918 0.423221
v 0.022349 0.287219 0.427681
v 0.015994 0.282694 0.415669
v 0.009494 0.285023 0.414132
v 0.021226 0.264605 0.398906
v 0.008978 0.277516 0.404993
v 0.007750 0.263608 0.386669
v 0.002631 0.279044 0.404202
v 0.002920 0.286338 0.413421
v -0.003479 0.286720 0.413440
v 0.031150 0.246999 0.395849
v 0.029105 0.233429 0.375829
v 0.011638 0.249059 0.368706
v 0.001926 0.258746 0.376870
v -0.003149 0.265550 0.386059
v -0.008946 0.271483 0.396011
v -0.009669 0.285794 0.414526
v -0.014516 0.269440 0.397596
v -0.007839 0.258178 0.377529
v -0.002982 0.253383 0.367269
v 0.000452 0.237308 0.337641
v 0.005193 0.241487 0.347780
v 0.014733 0.233921 0.350897
v 0.026638 0.220079 0.356814
v 0.046069 0.207087 0.379663
v 0.031917 0.199168 0.340674
v 0.048037 0.185409 0.347771
v 0.039225 0.185478 0.333107
v 0.045616 0.229735 0.410203
v 0.032011 0.269417 0.425872
v 0.048445 0.257663 0.455525
v 0.044859 0.262747 0.450089
v 0.040751 0.259118 0.435124
v 0.031946 0.277631 0.435737
v 0.002915 0.340697 0.467473
v -0.018349 0.336197 0.471997
v -0.038718 0.317129 0.490298
v -0.045662 0.305336 0.501206
v -0.046798 0.292106 0.497427
v -0.047454 0.246468 0.490679
v -0.047093 0.259786 0.494864
v -0.049315 0.257887 0.479248
v -0.048502 0.271506 0.483242
v -0.047496 0.279005 0.493279
v -0.047084 0.284931 0.487344
v -0.045324 0.298238 0.491472
v -0.047729 0.276977 0.477190
v -0.045066 0.290401 0.481494
v -0.044854 0.281877 0.471451
v -0.036862 0.299805 0.471152
v -0.031490 0.295331 0.456904
v -0.051483 0.241017 0.459496
v -0.050054 0.246256 0.453410
v -0.047814 0.251431 0.447470
v -0.043982 0.256299 0.442085
v -0.039894 0.261243 0.436975
v -0.051383 0.230381 0.471601
v 0.080778 -0.227803 0.286057
v 0.094454 -0.227539 0.285690
v 0.079410 -0.205000 0.283176
v 0.104100 -0.227706 0.278518
v 0.103815 -0.240542 0.279061
v 0.108097 -0.241102 0.266653
v 0.099922 -0.227549 0.283004
v 0.099352 -0.215287 0.281370
v 0.092612 -0.203822 0.282362
v 0.084648 -0.193129 0.282956
v 0.077529 -0.182371 0.283176
v 0.082538 -0.170311 0.282922
v 0.072198 -0.171074 0.283307
v 0.081074 -0.239840 0.286469
v 0.094410 -0.240202 0.286005
v 0.098850 -0.253439 0.282334
v 0.105360 -0.253807 0.273134
v 0.106085 -0.253570 0.259872
v 0.108543 -0.241484 0.259017
v 0.101890 -0.265285 0.253163
v 0.100377 -0.241811 0.239293
v 0.105355 -0.230337 0.242867
v 0.104620 -0.241985 0.244602
v 0.108241 -0.218150 0.247865
v 0.108259 -0.228673 0.265152
v 0.087790 -0.169734 0.280439
v 0.096546 -0.191914 0.278033
v 0.103211 -0.203353 0.275255
v 0.106932 -0.215811 0.270697
v 0.109854 -0.205423 0.253682
v 0.107016 -0.206541 0.240200
v 0.102035 -0.218842 0.235801
v 0.095238 -0.230218 0.233343
v 0.103012 -0.206746 0.234959
v 0.080270 -0.217852 0.225560
v 0.095999 -0.218694 0.231769
v 0.097197 -0.206634 0.231218
v 0.103318 -0.194034 0.235428
v 0.106705 -0.193915 0.240541
v 0.105723 -0.168685 0.248179
v 0.104383 -0.168361 0.259393
v 0.101080 -0.104447 0.282675
v 0.102708 -0.116320 0.273648
v 0.109537 -0.100157 0.256397
v 0.109861 -0.128638 0.259337
v 0.111494 -0.115058 0.250938
v 0.105247 -0.155710 0.259680
v 0.105380 -0.156364 0.243625
v 0.101910 -0.168886 0.239225
v 0.109342 -0.117117 0.240206
v 0.091688 -0.193653 0.229500
v 0.081853 -0.205285 0.226132
v 0.093423 -0.168754 0.233941
v 0.099314 -0.156600 0.236489
v 0.107436 -0.092651 0.231692
v 0.110031 -0.090826 0.235733
v 0.099903 -0.120034 0.230038
v 0.100077 -0.107933 0.227859
v 0.094835 -0.156534 0.234486
v 0.081059 -0.167674 0.232686
v 0.076015 -0.191734 0.228388
v 0.083625 -0.155739 0.233190
v 0.094957 -0.121086 0.228823
v 0.095223 -0.109787 0.225731
v 0.094610 -0.098992 0.221942
v 0.082805 -0.114358 0.226059
v 0.064931 -0.178155 0.234267
v 0.070056 -0.154655 0.237015
v 0.079784 -0.143631 0.233594
v 0.083210 -0.123119 0.229872
v 0.075415 -0.116418 0.228798
v 0.068730 -0.124460 0.237034
v 0.068139 -0.132787 0.239092
v 0.059405 -0.154834 0.244199
v 0.062225 -0.166220 0.239386
v 0.055542 -0.203103 0.230643
v 0.066103 -0.203176 0.225907
v 0.052355 -0.217957 0.233488
v 0.055673 -0.232308 0.230705
v 0.053188 -0.231679 0.235539
v 0.054692 -0.217743 0.228576
v 0.058971 -0.217471 0.225085
v 0.071917 -0.217448 0.224694
v 0.053575 -0.243714 0.245147
v 0.052194 -0.231129 0.241302
v 0.058516 -0.244619 0.235872
v 0.059903 -0.232411 0.227160
v 0.065590 -0.231830 0.225277
v 0.079808 -0.230012 0.228315
v 0.067913 -0.243388 0.231095
v 0.080603 -0.241516 0.231397
v 0.096832 -0.264508 0.242395
v 0.093884 -0.252514 0.237470
v 0.081755 -0.252562 0.233816
v 0.070450 -0.254239 0.234109
v 0.065665 -0.255109 0.236167
v 0.091600 -0.275678 0.239137
v 0.083262 -0.275543 0.235050
v 0.079530 -0.287584 0.235880
v 0.072935 -0.288278 0.239490
v 0.065084 -0.266520 0.241076
v 0.057910 -0.255198 0.248595
v 0.061654 -0.266470 0.250408
v 0.067774 -0.289188 0.251538
v 0.074371 -0.299949 0.239653
v 0.076916 -0.299668 0.237143
v 0.076962 -0.311456 0.235202
v 0.070700 -0.312411 0.245671
v 0.068097 -0.335799 0.246677
v 0.069676 -0.312808 0.249960
v 0.069643 -0.300953 0.251205
v 0.066308 -0.347085 0.244767
v 0.071136 -0.335200 0.237399
v 0.074142 -0.323431 0.235830
v 0.094083 -0.354897 0.225957
v 0.092222 -0.345449 0.229748
v 0.097471 -0.353498 0.229090
v 0.079936 -0.347033 0.227894
v 0.088012 -0.334961 0.230548
v 0.084098 -0.323192 0.231963
v 0.086782 -0.311219 0.235169
v 0.076891 -0.335133 0.230921
v 0.072257 -0.346522 0.231524
v 0.070365 -0.366880 0.223735
v 0.070875 -0.380294 0.223716
v 0.066220 -0.367971 0.226732
v 0.064135 -0.357219 0.231370
v 0.072565 -0.356755 0.225235
v 0.075639 -0.346637 0.228669
v 0.067814 -0.377158 0.227139
v 0.064964 -0.369131 0.231567
v 0.062182 -0.357665 0.236340
v 0.067658 -0.346870 0.239678
v 0.061523 -0.357834 0.242107
v 0.061920 -0.369202 0.241105
v 0.069288 -0.380172 0.233411
v 0.064605 -0.378996 0.242550
v 0.073272 -0.383393 0.233534
v 0.075021 -0.383368 0.226897
v 0.079757 -0.384103 0.233885
v 0.068274 -0.402999 0.238281
v 0.065470 -0.394462 0.247271
v 0.069301 -0.396124 0.237917
v 0.069537 -0.389267 0.236376
v 0.073272 -0.383393 0.233534
v 0.075809 -0.397402 0.234352
v 0.079757 -0.384103 0.233885
v 0.089936 -0.399211 0.233516
v 0.083993 -0.383399 0.233861
v 0.091568 -0.387636 0.234179
v 0.082561 -0.404906 0.234032
v 0.074904 -0.404352 0.233354
v 0.073892 -0.416920 0.234344
v 0.071259 -0.403766 0.234956
v 0.081662 -0.411847 0.233852
v 0.089632 -0.405785 0.232655
v 0.095960 -0.405968 0.235444
v 0.095479 -0.399571 0.236392
v 0.068163 -0.409907 0.239032
v 0.092843 -0.412697 0.232487
v 0.096101 -0.412497 0.234884
v 0.091873 -0.418127 0.233948
v 0.095097 -0.417755 0.235489
v 0.094973 -0.425095 0.235556
v 0.104754 -0.424919 0.250324
v 0.103271 -0.428608 0.250629
v 0.101659 -0.424400 0.243130
v 0.097832 -0.427123 0.239254
v 0.094365 -0.429357 0.240456
v 0.091070 -0.425790 0.234935
v 0.084552 -0.417831 0.235660
v 0.068524 -0.427813 0.237282
v 0.072137 -0.429218 0.236397
v 0.066459 -0.431972 0.246097
v 0.082852 -0.430596 0.247601
v 0.083380 -0.428399 0.238707
v 0.083566 -0.425620 0.236591
v 0.072609 -0.425567 0.234590
v 0.082469 -0.430942 0.254450
v 0.091495 -0.430900 0.253478
v 0.105717 -0.425721 0.259944
v 0.103781 -0.429500 0.260146
v 0.077761 -0.431116 0.272161
v 0.069573 -0.431178 0.273309
v 0.069478 -0.431838 0.254776
v 0.065507 -0.431722 0.254672
v 0.063474 -0.429929 0.245623
v 0.101453 -0.430054 0.280299
v 0.082176 -0.430682 0.279927
v 0.078117 -0.430725 0.280602
v 0.086295 -0.429344 0.285532
v 0.096278 -0.429614 0.288371
v 0.099564 -0.429519 0.288949
v 0.104603 -0.428085 0.280422
v 0.105471 -0.418676 0.270845
v 0.104535 -0.424911 0.288325
v 0.101741 -0.427158 0.294162
v 0.098190 -0.427786 0.295556
v 0.094546 -0.427772 0.294749
v 0.086365 -0.426646 0.288367
v 0.082658 -0.429774 0.286172
v 0.083211 -0.427053 0.288905
v 0.094810 -0.422459 0.295751
v 0.086365 -0.426646 0.288367
v 0.094546 -0.427772 0.294749
v 0.098190 -0.427786 0.295556
v 0.098915 -0.422485 0.295740
v 0.102706 -0.423461 0.293391
v 0.104828 -0.417281 0.282249
v 0.102620 -0.410943 0.276779
v 0.102344 -0.410919 0.262223
v 0.100730 -0.380993 0.261659
v 0.100601 -0.393706 0.268279
v 0.101726 -0.389073 0.259499
v 0.098113 -0.386643 0.269248
v 0.098252 -0.392570 0.273011
v 0.101596 -0.399295 0.271901
v 0.103603 -0.403389 0.257829
v 0.101928 -0.411744 0.251469
v 0.100218 -0.393155 0.243017
v 0.101872 -0.382178 0.239736
v 0.102622 -0.380081 0.243929
v 0.101997 -0.396839 0.255605
v 0.103013 -0.404831 0.249799
v 0.100415 -0.412303 0.244170
v 0.097705 -0.399423 0.239450
v 0.100454 -0.383699 0.236836
v 0.097186 -0.388548 0.236265
v 0.090425 -0.382272 0.230993
v 0.093318 -0.383821 0.232477
v 0.098482 -0.384329 0.235081
v 0.104025 -0.381954 0.232618
v 0.104689 -0.378764 0.235928
v 0.105281 -0.375529 0.240529
v 0.102055 -0.384484 0.229995
v 0.106908 -0.379824 0.228131
v 0.107624 -0.371899 0.237852
v 0.105591 -0.372459 0.246240
v 0.102659 -0.375630 0.253941
v 0.098242 -0.372843 0.263024
v 0.102071 -0.365321 0.257721
v 0.106628 -0.364227 0.250551
v 0.108643 -0.367941 0.236541
v 0.107117 -0.374829 0.225924
v 0.103690 -0.377131 0.222983
v 0.102920 -0.369636 0.222713
v 0.098490 -0.371435 0.221450
v 0.096504 -0.363389 0.223163
v 0.091784 -0.366681 0.223666
v 0.104186 -0.382534 0.225064
v 0.099537 -0.378709 0.221493
v 0.093377 -0.373864 0.221638
v 0.087743 -0.371155 0.225654
v 0.084113 -0.367446 0.225143
v 0.081196 -0.374308 0.223567
v 0.073824 -0.374424 0.222174
v 0.089898 -0.376359 0.225302
v 0.084218 -0.376009 0.226776
v 0.080502 -0.378919 0.222948
v 0.073705 -0.380852 0.222150
v 0.079040 -0.383382 0.226263
v 0.082013 -0.380658 0.227002
v 0.087397 -0.378745 0.230026
v 0.094679 -0.380476 0.221117
v 0.096423 -0.384676 0.222232
v 0.098508 -0.385373 0.228113
v 0.093318 -0.383821 0.232477
v 0.082693 -0.357370 0.225498
v 0.077741 -0.356984 0.224641
v 0.106069 -0.367828 0.226091
v 0.100821 -0.361176 0.225074
v 0.103403 -0.356089 0.261883
v 0.098485 -0.365014 0.262788
v 0.105293 -0.357001 0.249200
v 0.103135 -0.354360 0.243263
v 0.103233 -0.360257 0.229326
v 0.101060 -0.353467 0.238190
v 0.098435 -0.345408 0.241423
v 0.100715 -0.347019 0.251955
v 0.092046 -0.300159 0.246984
v 0.094167 -0.300941 0.254862
v 0.090516 -0.323168 0.234756
v 0.097909 -0.336013 0.248538
v 0.099160 -0.347472 0.262620
v 0.100309 -0.356608 0.266914
v 0.089863 -0.372624 0.267946
v 0.079620 -0.365548 0.268509
v 0.079448 -0.373312 0.268460
v 0.090102 -0.364951 0.268657
v 0.090398 -0.356874 0.272216
v 0.094084 -0.347444 0.271123
v 0.096190 -0.337193 0.262943
v 0.092837 -0.301963 0.266624
v 0.079191 -0.357341 0.271674
v 0.084237 -0.347860 0.274030
v 0.091331 -0.337169 0.269870
v 0.092854 -0.325782 0.267515
v 0.091272 -0.302104 0.269856
v 0.086556 -0.325992 0.271797
v 0.085513 -0.302078 0.273456
v 0.078457 -0.314278 0.272759
v 0.078243 -0.302012 0.273369
v 0.083492 -0.337380 0.272112
v 0.074013 -0.357343 0.269284
v 0.070619 -0.365943 0.263136
v 0.074361 -0.347931 0.270377
v 0.075598 -0.337395 0.269325
v 0.072395 -0.337249 0.265848
v 0.061687 -0.368059 0.247352
v 0.064792 -0.375940 0.254394
v 0.066028 -0.357439 0.260544
v 0.066552 -0.347539 0.255978
v 0.068829 -0.325259 0.257696
v 0.068809 -0.313523 0.258793
v 0.074807 -0.314209 0.270756
v 0.061725 -0.357670 0.248484
v 0.074632 -0.301960 0.271483
v 0.068532 -0.301507 0.259914
v 0.069643 -0.300953 0.251205
v 0.069676 -0.312808 0.249960
v 0.068097 -0.335799 0.246677
v 0.066308 -0.347085 0.244767
v 0.094267 -0.290138 0.269010
v 0.089291 -0.290052 0.274194
v 0.081929 -0.289611 0.275362
v 0.074049 -0.289505 0.273044
v 0.070816 -0.289418 0.269766
v 0.066836 -0.289448 0.261020
v 0.056808 -0.253980 0.261386
v 0.062336 -0.265401 0.268615
v 0.065496 -0.265102 0.274298
v 0.070039 -0.264917 0.278991
v 0.067715 -0.252334 0.280477
v 0.058404 -0.253242 0.268581
v 0.065886 -0.239882 0.280754
v 0.055249 -0.240927 0.266976
v 0.059021 -0.228281 0.272624
v 0.052276 -0.229759 0.255551
v 0.054468 -0.217395 0.262191
v 0.051909 -0.217776 0.253380
v 0.054323 -0.228873 0.264259
v 0.053014 -0.241971 0.258902
v 0.060148 -0.206009 0.269946
v 0.055127 -0.206016 0.261817
v 0.052949 -0.193488 0.255185
v 0.066142 -0.205830 0.276694
v 0.065632 -0.216764 0.278000
v 0.050811 -0.204600 0.239999
v 0.051503 -0.218075 0.239208
v 0.055283 -0.169402 0.260287
v 0.057447 -0.170366 0.267613
v 0.066313 -0.171195 0.280363
v 0.072646 -0.205511 0.281139
v 0.076182 -0.136101 0.289042
v 0.063833 -0.136195 0.281383
v 0.063229 -0.126313 0.284633
v 0.056332 -0.127207 0.277142
v 0.052897 -0.120843 0.279198
v 0.049958 -0.122083 0.268778
v 0.057501 -0.147166 0.272626
v 0.054070 -0.146727 0.264932
v 0.053819 -0.145618 0.257072
v 0.052422 -0.127702 0.268110
v 0.052379 -0.127404 0.258999
v 0.050225 -0.122871 0.258833
v 0.047397 -0.117139 0.280699
v 0.045584 -0.119218 0.268913
v 0.046765 -0.120654 0.258078
v 0.051044 -0.119210 0.247730
v 0.054301 -0.121818 0.249517
v 0.056022 -0.126412 0.250554
v 0.056319 -0.134072 0.250631
v 0.055897 -0.167193 0.247804
v 0.066278 -0.266914 -0.264819
v 0.069771 -0.254779 -0.281562
v 0.070410 -0.267793 -0.281148
v 0.076683 -0.314031 -0.252576
v 0.080698 -0.324382 -0.250428
v 0.079616 -0.289698 -0.250819
v 0.074567 -0.278138 -0.253056
v 0.078795 -0.265779 -0.251219
v 0.073831 -0.254505 -0.252242
v 0.067281 -0.266729 -0.259977
v 0.066910 -0.254668 -0.259549
v 0.065177 -0.242627 -0.263141
v 0.069013 -0.241771 -0.281514
v 0.066451 -0.243084 -0.258132
v 0.063094 -0.231224 -0.260149
v 0.064604 -0.232198 -0.254810
v 0.060290 -0.220124 -0.255316
v 0.067674 -0.229283 -0.280833
v 0.065078 -0.217727 -0.279673
v 0.062435 -0.206810 -0.278067
v 0.061808 -0.221588 -0.249452
v 0.058043 -0.208610 -0.249731
v 0.060088 -0.196053 -0.276331
v -0.050723 0.279153 0.601559
v -0.062509 0.301001 0.595687
v -0.051959 0.281404 0.589306
v -0.059580 0.309574 0.575660
v -0.048885 0.279291 0.613607
v -0.052969 0.285773 0.576566
v -0.058942 0.315251 0.565567
v -0.059230 0.329087 0.562832
v -0.059381 0.335833 0.555081
v -0.056590 0.300255 0.550831
v -0.058443 0.315110 0.548903
v -0.060978 0.341986 0.560595
v -0.061514 0.336419 0.567645
v -0.064568 0.344357 0.570524
v -0.066886 0.340394 0.577600
v -0.065449 0.327893 0.584429
v -0.068478 0.322179 0.600868
v -0.063228 0.298822 0.605416
v -0.068872 0.320610 0.607946
v -0.076869 0.347602 0.620212
v -0.075406 0.328736 0.614836
v -0.067742 0.320469 0.613975
v -0.061632 0.312249 0.620171
v -0.047018 0.321436 0.642122
v -0.057559 0.325267 0.628661
v -0.054258 0.320084 0.631842
v -0.050823 0.314186 0.635527
v -0.065846 0.321015 0.619319
v -0.073374 0.328687 0.620951
v -0.069091 0.329604 0.626209
v -0.066450 0.340259 0.630682
v -0.059136 0.333861 0.632612
v -0.054746 0.330508 0.633744
v -0.048575 0.334633 0.643144
v -0.052589 0.338440 0.636966
v -0.058719 0.340862 0.632546
v -0.053632 0.345289 0.642032
v -0.060885 0.346905 0.636730
v 0.098086 -0.345079 -0.249173
v 0.101811 -0.355953 -0.249739
v 0.102763 -0.347594 -0.258217
v 0.089490 -0.363225 -0.239532
v 0.097459 -0.364419 -0.243321
v 0.073129 -0.363599 -0.241756
v 0.072504 -0.382800 -0.231693
v 0.080625 -0.362942 -0.238990
v 0.089528 -0.343848 -0.245081
v 0.093731 -0.334362 -0.249610
v 0.093340 -0.323619 -0.251943
v 0.080905 -0.382545 -0.228252
v 0.074559 -0.335962 -0.252183
v 0.077372 -0.335124 -0.249674
v 0.089280 -0.334205 -0.248527
v 0.089024 -0.312481 -0.251254
v 0.073439 -0.325674 -0.253519
v -0.112671 -0.083218 -0.058939
v -0.120229 -0.070100 -0.057484
v -0.113302 -0.091368 -0.006136
v -0.108251 -0.077141 -0.083238
v -0.113982 -0.061433 -0.093068
v -0.095507 -0.113402 -0.022810
v -0.104735 -0.103371 -0.007577
v -0.083108 -0.123259 -0.010739
v -0.090951 -0.112780 0.018520
v -0.100223 -0.102245 0.019970
v -0.040667 -0.104749 -0.167024
v -0.040934 -0.099415 -0.175995
v -0.015176 -0.108971 -0.173138
v -0.015620 -0.102522 -0.184088
v -0.028631 -0.093361 -0.189535
v -0.002538 -0.102757 -0.184444
v -0.001620 -0.113606 -0.161446
v -0.003262 -0.095479 -0.194919
v -0.016093 -0.094965 -0.194046
v 0.021595 -0.090431 -0.193543
v 0.023105 -0.097449 -0.184170
v 0.024212 -0.101874 -0.172225
v -0.002684 -0.122334 -0.136763
v -0.015500 -0.118828 -0.149337
v 0.030515 -0.079996 -0.200166
v 0.033595 -0.086827 -0.193760
v 0.027960 -0.073902 -0.208231
v 0.007221 -0.077595 -0.213060
v -0.028060 -0.112002 -0.159502
v -0.040626 -0.112518 -0.144970
v -0.028386 -0.119819 -0.134969
v -0.043227 -0.087708 -0.186881
v -0.046683 -0.072673 -0.199820
v -0.054552 -0.100965 -0.171922
v -0.092201 -0.079152 -0.143059
v -0.081888 -0.088261 -0.147007
v -0.065640 -0.098657 -0.168396
v -0.063961 -0.088886 -0.175815
v -0.058907 -0.079336 -0.186746
v -0.097991 -0.062987 -0.148644
v -0.084063 -0.077928 -0.161482
v -0.077425 -0.086764 -0.165071
v -0.071024 -0.089547 -0.170816
v -0.066503 -0.084635 -0.175684
v -0.074867 -0.074252 -0.181621
v -0.077803 -0.074307 -0.168230
v -0.081867 -0.072797 -0.169914
v -0.071819 -0.074118 -0.179926
v -0.069475 -0.076767 -0.179015
v -0.072538 -0.084086 -0.170052
v -0.088726 -0.072964 -0.159638
v -0.114478 -0.030376 -0.152620
v -0.111907 -0.032402 -0.145320
v -0.116832 -0.012192 -0.157319
v -0.107551 -0.049287 -0.144591
v -0.111082 -0.034654 -0.137771
v -0.099392 -0.061334 -0.150950
v -0.091502 -0.071485 -0.159469
v -0.081867 -0.072797 -0.169914
v -0.085144 -0.079101 -0.173428
v -0.093283 -0.076418 -0.163242
v -0.103353 -0.070917 -0.160394
v -0.103452 -0.064640 -0.156839
v -0.112337 -0.057366 -0.160280
v -0.112200 -0.049022 -0.154480
v -0.117814 -0.027438 -0.161821
v -0.051805 -0.075000 -0.277527
v -0.049812 -0.068686 -0.292615
v -0.044139 -0.073086 -0.278797
v -0.047771 -0.076911 -0.263453
v -0.040414 -0.075450 -0.264086
v -0.040926 -0.073160 -0.247955
v -0.051808 -0.078195 -0.247577
v -0.059731 -0.089341 -0.259275
v -0.057042 -0.083542 -0.261556
v -0.057712 -0.078066 -0.276172
v -0.057368 -0.071531 -0.290322
v -0.058309 -0.063500 -0.304056
v -0.049497 -0.059726 -0.307833
v -0.063404 -0.046753 -0.317391
v -0.069758 -0.056101 -0.310333
v -0.040424 -0.066656 -0.294433
v -0.065504 -0.084505 -0.283958
v -0.062418 -0.077106 -0.287799
v -0.068270 -0.076944 -0.295712
v -0.076377 -0.074799 -0.299077
v -0.084047 -0.060604 -0.305474
v -0.085991 -0.092011 -0.285582
v -0.093549 -0.078593 -0.289471
v -0.073936 -0.103069 -0.277299
v -0.067385 -0.092866 -0.278762
v -0.091744 -0.121998 -0.270353
v -0.089339 -0.153329 -0.261024
v -0.095083 -0.142358 -0.260653
v -0.085471 -0.143223 -0.265053
v -0.086447 -0.112456 -0.275469
v -0.092804 -0.100602 -0.278724
v -0.086298 -0.102280 -0.280131
v -0.079116 -0.093772 -0.285778
v -0.080067 -0.103093 -0.279574
v -0.081023 -0.122872 -0.270799
v -0.080739 -0.142972 -0.264084
v -0.075083 -0.112417 -0.271995
v -0.069452 -0.111420 -0.268055
v -0.064233 -0.099865 -0.266175
v -0.076051 -0.132279 -0.264339
v -0.071222 -0.141708 -0.257020
v -0.070318 -0.121191 -0.263727
v -0.064981 -0.119434 -0.257822
v -0.066391 -0.140559 -0.251054
v -0.071093 -0.152614 -0.254780
v -0.060907 -0.116810 -0.249148
v -0.060861 -0.106625 -0.252493
v -0.070023 -0.187493 -0.252787
v -0.063248 -0.175366 -0.237894
v -0.062685 -0.150819 -0.241003
v -0.094042 -0.224924 -0.257217
v -0.088532 -0.211757 -0.260628
v -0.084642 -0.225994 -0.259523
v -0.083728 -0.212262 -0.261484
v -0.080142 -0.226012 -0.257742
v -0.078468 -0.199474 -0.261088
v -0.075360 -0.212442 -0.255856
v -0.065330 -0.199555 -0.235903
v -0.060782 -0.174188 -0.228556
v -0.060269 -0.161565 -0.229945
v -0.085616 -0.240114 -0.255970
v -0.089939 -0.251945 -0.248014
v -0.090466 -0.239966 -0.256097
v -0.086241 -0.263387 -0.241202
v -0.083117 -0.251341 -0.246525
v -0.078189 -0.238648 -0.250303
v -0.073848 -0.224809 -0.248639
v -0.067186 -0.210907 -0.234821
v -0.060263 -0.184696 -0.218455
v -0.059865 -0.172084 -0.219488
v -0.061396 -0.196793 -0.217009
v -0.063862 -0.208011 -0.215667
v -0.066294 -0.218922 -0.215242
v -0.069131 -0.222022 -0.233700
v -0.073179 -0.235346 -0.239463
v -0.064482 -0.217918 -0.206806
v -0.067246 -0.229249 -0.207631
v -0.073667 -0.244520 -0.229220
v -0.078063 -0.248765 -0.240128
v -0.080917 -0.261834 -0.237811
v -0.083437 -0.274308 -0.234786
v -0.086332 -0.285965 -0.230772
v -0.084221 -0.296901 -0.225303
v -0.087239 -0.308463 -0.221492
v -0.084759 -0.308298 -0.221014
v -0.091869 -0.332950 -0.214761
v -0.089277 -0.345534 -0.211528
v -0.097525 -0.344211 -0.209663
v -0.092252 -0.307818 -0.220003
v -0.102600 -0.290323 -0.206340
v -0.104628 -0.277735 -0.205091
v -0.103844 -0.266988 -0.214647
v -0.091242 -0.285028 -0.228854
v -0.089253 -0.296932 -0.225645
v -0.088885 -0.274602 -0.235500
v -0.091786 -0.262456 -0.239300
v -0.099147 -0.257476 -0.228423
v -0.114470 -0.231211 -0.213046
v -0.111233 -0.242709 -0.212952
v -0.104782 -0.244089 -0.227767
v -0.098699 -0.247762 -0.238604
v -0.093495 -0.251237 -0.246429
v -0.098395 -0.237565 -0.249751
v -0.107849 -0.232688 -0.231034
v -0.098469 -0.223997 -0.253567
v -0.106373 -0.222143 -0.240842
v -0.114595 -0.220428 -0.222500
v -0.118634 -0.219477 -0.202268
v -0.117099 -0.209095 -0.222164
v -0.103444 -0.210098 -0.249017
v -0.098427 -0.210544 -0.254830
v -0.119932 -0.196016 -0.210346
v -0.119887 -0.184987 -0.221366
v -0.120180 -0.207389 -0.200642
v -0.111377 -0.185675 -0.241296
v -0.114932 -0.197981 -0.232403
v -0.116632 -0.185689 -0.232073
v -0.116722 -0.147626 -0.229972
v -0.120329 -0.132747 -0.220521
v -0.111743 -0.137869 -0.240941
v -0.113677 -0.126432 -0.243739
v -0.120288 -0.120133 -0.223203
v -0.117699 -0.115379 -0.247811
v -0.113241 -0.105560 -0.259321
v -0.111448 -0.117769 -0.256305
v -0.108960 -0.129146 -0.252870
v -0.106229 -0.139945 -0.249659
v -0.105307 -0.151133 -0.248365
v -0.111207 -0.161351 -0.239578
v -0.101245 -0.087009 -0.280363
v -0.098950 -0.109558 -0.271126
v -0.098831 -0.197860 -0.255232
v -0.104992 -0.162401 -0.247811
v -0.098847 -0.163113 -0.253476
v -0.084048 -0.164022 -0.261227
v -0.093517 -0.186172 -0.259291
v -0.088265 -0.198759 -0.261738
v -0.083214 -0.186709 -0.263288
v -0.078130 -0.186983 -0.261934
v -0.075161 -0.163982 -0.257940
v 0.078286 -0.402433 -0.227110
v 0.077752 -0.408702 -0.222791
v 0.083159 -0.411755 -0.227896
v 0.074619 -0.407994 -0.221617
v 0.075431 -0.401398 -0.226017
v 0.073041 -0.419062 -0.211501
v 0.077213 -0.424050 -0.208770
v 0.082948 -0.428337 -0.214373
v 0.088112 -0.412233 -0.227147
v 0.095496 -0.410061 -0.222183
v 0.073086 -0.423897 -0.207342
v 0.073519 -0.427674 -0.205680
v 0.077268 -0.428528 -0.206850
v 0.099947 -0.382669 -0.232372
v 0.100772 -0.392900 -0.227717
v 0.095362 -0.402619 -0.225783
v 0.091471 -0.402902 -0.226960
v 0.088055 -0.403445 -0.230421
v 0.086221 -0.393732 -0.226968
v 0.090647 -0.392933 -0.225289
v 0.095851 -0.392388 -0.225169
v 0.090706 -0.382239 -0.228384
v 0.085801 -0.382596 -0.228373
v 0.081266 -0.395045 -0.227263
v 0.083117 -0.403650 -0.231484
v 0.071653 -0.392362 -0.226936
v 0.076123 -0.392571 -0.225460
v -0.122022 -0.099168 -0.240826
v -0.121644 -0.104870 -0.216175
v -0.121734 -0.092287 -0.219773
v -0.123091 -0.086457 -0.243931
v -0.125941 -0.070024 -0.236611
v -0.127219 -0.061339 -0.250989
v -0.120237 -0.090247 -0.253835
v -0.122391 -0.077855 -0.257405
v -0.127919 -0.040868 -0.270924
v -0.129197 -0.036091 -0.259609
v -0.126040 -0.052792 -0.217267
v -0.122181 -0.078070 -0.211993
v -0.119050 -0.090865 -0.198782
v -0.126911 -0.014866 -0.201665
v -0.122806 -0.043503 -0.183981
v -0.129083 -0.007053 -0.255733
v -0.128534 -0.027988 -0.275661
v -0.124072 -0.019984 -0.291096
v -0.123237 -0.045590 -0.281270
v -0.114728 -0.093140 -0.262526
v -0.122389 0.007337 -0.299007
v -0.126503 0.015987 -0.275818
v -0.127011 0.019283 -0.263518
v -0.125781 0.025294 -0.225864
v -0.126242 0.011571 -0.221982
v -0.124137 0.011225 -0.196949
v -0.122559 -0.005648 -0.180262
v -0.121888 0.009516 -0.184753
v -0.112337 -0.057366 -0.160280
v -0.118250 -0.049189 -0.171718
v -0.112200 -0.049022 -0.154480
v -0.117814 -0.027438 -0.161821
v -0.122146 -0.021603 -0.175228
v -0.119958 -0.009087 -0.167995
v -0.116832 -0.012192 -0.157319
v -0.114478 -0.030376 -0.152620
v -0.116340 -0.157477 -0.190556
v -0.120458 -0.130268 -0.199929
v -0.120273 -0.103616 -0.205750
v -0.122250 -0.144421 -0.208525
v -0.119092 -0.182757 -0.199734
v -0.117044 -0.194775 -0.191262
v -0.119650 -0.103104 -0.251115
v -0.118679 -0.207286 -0.191666
v -0.116955 -0.219500 -0.193810
v -0.113949 -0.231027 -0.196228
v -0.045970 0.184799 0.299547
v -0.029633 0.206308 0.278944
v -0.049289 0.188947 0.271724
v -0.018543 0.213283 0.288869
v -0.026777 0.212286 0.265396
v -0.058176 0.184325 0.246915
v -0.086622 0.146469 0.231883
v -0.108362 0.110081 0.237071
v -0.012453 0.223156 0.264553
v -0.023725 0.217599 0.239639
v -0.080720 0.151819 0.215542
v -0.081855 0.146964 0.202925
v -0.101764 0.114061 0.216918
v -0.088331 0.124220 0.181397
v -0.101900 0.076912 0.176761
v -0.093434 0.106624 0.173613
v -0.090144 0.108113 0.143234
v -0.074305 0.147113 0.176026
v -0.073892 0.152288 0.188226
v -0.053198 0.186271 0.220043
v -0.047816 0.178651 0.170890
v -0.050233 0.169923 0.147409
v -0.042318 0.175931 0.134266
v -0.039619 0.183901 0.157292
v -0.027643 0.202264 0.177843
v -0.034534 0.178647 0.110486
v -0.038367 0.174585 0.078222
v -0.042377 0.174561 0.036442
v -0.005853 0.222024 0.298216
v -0.001941 0.222751 0.286942
v -0.007555 0.221356 0.287362
v -0.000788 0.224944 0.308593
v 0.003606 0.222076 0.286811
v -0.004119 0.226120 0.319212
v -0.012267 0.217169 0.310465
v -0.004804 0.225474 0.264376
v -0.019934 0.208534 0.301482
v -0.035383 0.189217 0.322825
v -0.039898 0.187781 0.338037
v -0.010939 0.220755 0.320930
v -0.051193 0.190204 0.367926
v -0.049638 0.212957 0.397509
v -0.038856 0.209660 0.367380
v -0.038801 0.194777 0.348153
v -0.054285 0.176197 0.347603
v -0.056812 0.169970 0.336721
v -0.047331 0.179084 0.315300
v -0.054510 0.191555 0.383863
v -0.070207 0.151013 0.338135
v -0.065891 0.156568 0.349694
v -0.060543 0.165119 0.325194
v -0.075024 0.146193 0.325925
v -0.059430 0.169260 0.307949
v -0.070926 0.158405 0.300768
v -0.111348 0.074400 0.318865
v -0.106792 0.091492 0.317005
v -0.099065 0.106309 0.317359
v -0.085649 0.125578 0.330941
v -0.079602 0.130628 0.342730
v -0.062378 0.162817 0.360551
v -0.068473 0.149512 0.357190
v -0.074120 0.136127 0.354253
v -0.079993 0.122683 0.352056
v -0.091911 0.102955 0.339413
v -0.098026 0.088274 0.339214
v -0.076395 0.106507 0.370646
v -0.073276 0.120681 0.372084
v -0.085219 0.085810 0.359173
v -0.078349 0.092212 0.369239
v -0.069342 0.106111 0.390166
v -0.067899 0.120757 0.391589
v -0.069228 0.134611 0.373697
v -0.069107 0.091674 0.388836
v -0.065114 0.099737 0.398555
v -0.061199 0.123593 0.409670
v -0.062857 0.143582 0.402313
v -0.064695 0.155839 0.367837
v -0.062206 0.162956 0.377901
v -0.057007 0.176574 0.364095
v -0.058671 0.177365 0.380627
v -0.058891 0.180845 0.413596
v -0.061784 0.157968 0.403047
v -0.056748 0.183357 0.429964
v -0.054333 0.219179 0.445935
v -0.055910 0.169540 0.428566
v -0.049222 0.224917 0.476984
v -0.051383 0.230381 0.471601
v -0.051483 0.241017 0.459496
v -0.050054 0.246256 0.453410
v -0.050975 0.230166 0.433658
v -0.047814 0.251431 0.447470
v -0.048594 0.227977 0.417753
v -0.039770 0.253464 0.427181
v -0.039542 0.238467 0.407319
v -0.023065 0.242023 0.373722
v -0.016326 0.235085 0.351120
v -0.019919 0.216245 0.335140
v -0.003821 0.230787 0.328807
v -0.007506 0.241554 0.347893
v -0.012184 0.250191 0.369082
v -0.018312 0.252923 0.380801
v -0.026289 0.268716 0.413372
v -0.020899 0.273132 0.409762
v -0.015643 0.283723 0.416515
v -0.021314 0.280358 0.419490
v -0.026563 0.276028 0.423223
v -0.039894 0.261243 0.436975
v -0.043982 0.256299 0.442085
v -0.000026 0.231215 0.328705
v 0.003731 0.229995 0.329286
v 0.012690 0.222906 0.332111
v 0.017776 0.211899 0.324477
v 0.013190 0.216791 0.311258
v 0.003437 0.226261 0.319450
v -0.000465 0.227157 0.319008
v 0.003555 0.224671 0.308850
v 0.039490 0.181218 0.321550
v 0.015144 0.215962 0.299809
v 0.016321 0.214725 0.288098
v 0.010332 0.219871 0.275628
v 0.002977 0.224653 0.264165
v 0.049262 0.174174 0.325376
v 0.041441 0.179250 0.309610
v 0.023332 0.207534 0.289945
v 0.025287 0.206856 0.277993
v 0.048638 0.178559 0.285990
v 0.048382 0.188783 0.246198
v 0.067484 0.168951 0.252612
v 0.065963 0.159193 0.294288
v 0.062554 0.160538 0.306724
v 0.059646 0.162938 0.318830
v 0.056312 0.172433 0.341992
v 0.077704 0.155774 0.244194
v 0.076027 0.157441 0.256635
v 0.077299 0.147401 0.287360
v 0.069656 0.150804 0.313083
v 0.099008 0.111967 0.235384
v 0.093042 0.127552 0.242415
v 0.099199 0.114723 0.264268
v 0.107598 0.099432 0.257858
v 0.079022 0.131047 0.331590
v 0.086088 0.115886 0.331901
v 0.106620 0.099559 0.274790
v 0.110920 0.081434 0.290942
v 0.105930 0.087849 0.307575
v -0.102195 -0.075465 -0.285257
v -0.107707 -0.095622 -0.269810
v -0.116350 -0.037518 -0.295453
v -0.094508 -0.056328 -0.302045
v -0.081952 -0.038832 -0.317318
v -0.107144 -0.016567 -0.312126
v -0.107098 -0.003373 -0.316145
v -0.095914 -0.009401 -0.321977
v -0.116540 0.002013 -0.308933
v -0.095603 -0.033746 -0.313756
v -0.082914 -0.015652 -0.325823
v -0.069236 -0.021476 -0.329294
v -0.067268 -0.032917 -0.324646
v -0.082764 -0.003618 -0.329725
v -0.095299 0.003372 -0.325610
v 0.003302 0.207363 0.625872
v -0.004258 0.204647 0.636007
v -0.003576 0.207236 0.624436
v 0.014526 0.208911 0.630204
v 0.018887 0.211175 0.633215
v 0.042676 0.256085 0.507681
v 0.033364 0.241367 0.526243
v 0.032941 0.236275 0.516182
v 0.044854 0.236015 0.574252
v 0.041262 0.236752 0.557665
v 0.047190 0.244075 0.559367
v 0.044980 0.247759 0.546124
v 0.036650 0.240753 0.546978
v 0.035196 0.244991 0.536505
v 0.032348 0.240221 0.537190
v 0.027973 0.231796 0.528738
v 0.023164 0.224055 0.520902
v 0.030038 0.225362 0.508668
v 0.026446 0.233269 0.538730
v 0.020837 0.227171 0.530443
v 0.018008 0.216714 0.513414
v 0.022916 0.204414 0.496432
v 0.038663 0.215934 0.488675
v 0.034180 0.230257 0.506515
v 0.043207 0.221564 0.485614
v 0.041853 0.242488 0.501087
v 0.017294 0.202342 0.498455
v -0.005078 0.214233 0.513809
v -0.004396 0.219850 0.521820
v -0.003651 0.224129 0.530351
v 0.017837 0.229736 0.539612
v 0.028873 0.235761 0.548292
v -0.003057 0.227742 0.538878
v -0.005317 0.198193 0.501510
v 0.000609 0.198890 0.501481
v 0.039326 0.226001 0.588411
v 0.024084 0.218356 0.596155
v 0.030563 0.223660 0.584633
v 0.039694 0.229699 0.571796
v 0.024291 0.227103 0.570238
v 0.032986 0.232552 0.558370
v 0.015278 0.228696 0.558685
v 0.013470 0.230096 0.548966
v 0.005773 0.229027 0.548526
v 0.017923 0.215908 0.592679
v 0.008341 0.223733 0.567213
v 0.006947 0.227385 0.557764
v -0.002649 0.229172 0.547808
v -0.002250 0.227665 0.556871
v -0.001473 0.224228 0.566047
v -0.000133 0.220340 0.576028
v 0.002580 0.212254 0.599724
v 0.016745 0.213213 0.605806
v 0.018887 0.211175 0.633215
v 0.026310 0.218007 0.613355
v 0.014526 0.208911 0.630204
v 0.003446 0.209013 0.613054
v 0.003302 0.207363 0.625872
v 0.035567 0.225019 0.606290
v 0.043489 0.237562 0.593776
v 0.039118 0.242608 0.613086
v 0.047083 0.251789 0.581673
v 0.038415 0.259990 0.615310
v 0.035857 0.243003 0.629792
v 0.025823 0.230197 0.645417
v 0.031927 0.233956 0.644377
v 0.024616 0.232587 0.649941
v 0.030922 0.230332 0.632138
v 0.034019 0.233802 0.629513
v 0.026953 0.231855 0.654813
v 0.022314 0.231055 0.661671
v 0.020029 0.232878 0.655110
v 0.016751 0.233754 0.649217
v 0.009063 0.234845 0.659512
v 0.004061 0.233296 0.652790
v -0.006375 0.232383 0.652307
v -0.008781 0.231732 0.658003
v -0.013592 0.229723 0.656725
v -0.008136 0.233584 0.647254
v 0.000610 0.235245 0.646805
v 0.011216 0.233475 0.647371
v 0.013982 0.233946 0.643868
v 0.021388 0.232232 0.647617
v 0.016933 0.228405 0.678960
v 0.013366 0.233706 0.669620
v 0.007539 0.235129 0.668115
v -0.005517 0.233976 0.665683
v -0.015923 0.230225 0.664118
v -0.018221 0.229125 0.672548
v -0.000776 0.233761 0.676052
v 0.006690 0.233011 0.677880
v 0.012446 0.216241 0.705045
v 0.004632 0.217938 0.709939
v -0.006530 0.218380 0.709298
v -0.009090 0.229331 0.684200
v -0.019627 0.225974 0.682536
v -0.019445 0.221032 0.692920
v -0.017654 0.216375 0.703066
v -0.014124 0.213216 0.711790
v -0.008736 0.210651 0.717491
v -0.000556 0.215312 0.714354
v -0.002052 0.208864 0.719853
v 0.004691 0.214352 0.714251
v 0.005086 0.208244 0.718791
v 0.012401 0.205977 0.715267
v 0.014065 0.204891 0.717111
v 0.015789 0.205336 0.719539
v 0.005444 0.205879 0.720549
v 0.006003 0.203761 0.722342
v 0.006836 0.203051 0.725055
v 0.007386 0.204096 0.727980
v -0.066515 -0.288369 0.234930
v -0.065805 -0.276436 0.230866
v -0.065913 -0.276528 0.235767
v -0.063311 -0.265094 0.231209
v -0.063484 -0.264884 0.236766
v -0.067345 -0.264772 0.217123
v -0.068016 -0.253311 0.213025
v -0.066428 -0.300222 0.234111
v -0.102268 -0.209859 0.211405
v -0.106627 -0.198102 0.215888
v -0.103411 -0.186216 0.209210
v -0.097279 -0.198179 0.205502
v -0.080738 -0.219914 0.205033
v -0.074278 -0.230682 0.207416
v -0.070188 -0.241910 0.209761
v -0.062142 -0.170907 0.206230
v -0.066116 -0.184192 0.202799
v -0.075482 -0.172504 0.203037
v -0.082255 -0.185419 0.201704
v -0.080714 -0.208890 0.203148
v -0.065976 -0.220519 0.206386
v -0.062213 -0.232180 0.210279
v -0.106244 -0.174062 0.214976
v -0.103185 -0.173923 0.209777
v -0.097905 -0.186104 0.205199
v -0.091505 -0.173659 0.203978
v -0.055218 -0.183334 0.207319
v -0.052033 -0.183248 0.211143
v -0.050841 -0.183528 0.216009
v -0.054532 -0.196544 0.207825
v -0.065049 -0.209008 0.204625
v -0.055693 -0.221401 0.211454
v -0.054323 -0.233119 0.217442
v -0.052392 -0.221421 0.215332
v -0.061081 -0.243511 0.215062
v -0.062322 -0.254366 0.220582
v -0.059832 -0.254007 0.231253
v -0.052047 -0.231592 0.228610
v -0.050442 -0.219903 0.225808
v -0.051610 -0.209229 0.213113
v -0.054745 -0.209307 0.209438
v -0.051273 -0.196460 0.211406
v -0.049961 -0.196405 0.216083
v -0.050323 -0.208342 0.223064
v -0.051211 -0.218691 0.232095
v -0.051887 -0.207842 0.229138
v -0.051924 -0.196756 0.227748
v -0.052448 -0.185095 0.227913
v -0.055930 -0.241839 0.237075
v -0.052554 -0.230123 0.235110
v -0.028604 -0.066094 0.341487
v -0.012961 -0.083157 0.321982
v -0.002082 -0.070787 0.343834
v -0.007713 -0.051882 0.364367
v -0.036325 -0.047211 0.359435
v 0.009453 -0.062917 0.355427
v 0.007034 -0.052861 0.365211
v -0.011047 -0.040674 0.372658
v -0.014124 -0.028550 0.378054
v -0.036785 0.020339 0.383585
v -0.036671 -0.013826 0.378493
v -0.032577 -0.026025 0.375206
v -0.053125 -0.023752 0.367549
v -0.043973 -0.035558 0.365219
v -0.058383 -0.010720 0.369828
v -0.077955 0.006603 0.357103
v -0.059515 0.014818 0.372950
v -0.077889 0.018874 0.360965
v -0.053703 0.034702 0.378221
v -0.071683 0.040275 0.368267
v -0.089071 0.035850 0.350550
v -0.086543 0.045990 0.356550
v -0.081365 0.055054 0.363232
v -0.066211 0.048976 0.373000
v -0.074770 0.063382 0.369248
v -0.062364 0.056624 0.380704
v -0.058191 0.064395 0.388622
v -0.046738 0.051714 0.389499
v -0.043161 0.060462 0.395355
v -0.032324 0.039083 0.390993
v -0.050254 0.043242 0.383659
v 0.109014 -0.068784 0.223698
v 0.110759 -0.078016 0.232799
v 0.108507 -0.080764 0.228041
v 0.104516 -0.060876 0.214446
v 0.098821 -0.074477 0.217974
v 0.098461 -0.064584 0.212281
v 0.091880 -0.078156 0.215798
v 0.098785 -0.085168 0.222308
v 0.093220 -0.088396 0.219064
v 0.086031 -0.092720 0.217009
v 0.112237 -0.073071 0.245421
v 0.075389 -0.089635 0.212394
v 0.041807 -0.096473 0.206140
v 0.054208 -0.097471 0.210869
v 0.041620 -0.105951 0.218321
v 0.057777 -0.104279 0.217885
v 0.066993 -0.097101 0.212882
v 0.070351 -0.103907 0.218458
v 0.078415 -0.098030 0.216342
v 0.063756 -0.089573 0.207739
v 0.050307 -0.083537 0.195933
v 0.088089 -0.102388 0.220755
v 0.081075 -0.106272 0.221110
v 0.022560 -0.096737 0.198958
v 0.022968 -0.091042 0.189354
v -0.002142 -0.093232 0.179807
v 0.023481 -0.089288 0.178889
v 0.006370 -0.094608 0.170304
v 0.033579 -0.089580 0.167514
v 0.006322 -0.098420 0.160734
v -0.001759 -0.098275 0.161538
v -0.008859 -0.092362 0.170348
v -0.008994 -0.095178 0.161219
v -0.001578 -0.094746 0.170738
v -0.009843 -0.091793 0.179158
v -0.011906 -0.093897 0.187958
v -0.087022 -0.311926 0.247721
v -0.084152 -0.322817 0.250361
v -0.090243 -0.311954 0.245289
v -0.091093 -0.288879 0.242849
v -0.079556 -0.333129 0.252953
v -0.075676 -0.323054 0.248926
v -0.074182 -0.333287 0.251076
v -0.072149 -0.323208 0.245980
v -0.066428 -0.300222 0.234111
v -0.065082 -0.323304 0.231933
v -0.070058 -0.333542 0.247093
v -0.074148 -0.343265 0.250181
v -0.074917 -0.352844 0.248255
v -0.069107 -0.343664 0.247169
v -0.060294 -0.344892 0.237816
v -0.062373 -0.334635 0.230788
v -0.093628 -0.391843 0.229478
v -0.095360 -0.399604 0.235574
v -0.098579 -0.388422 0.244441
v -0.099541 -0.397627 0.247877
v -0.098212 -0.393125 0.261015
v -0.095711 -0.390966 0.266150
v -0.096381 -0.407605 0.272178
v -0.097995 -0.401836 0.264784
v -0.097933 -0.409751 0.267163
v -0.099379 -0.406207 0.250537
v -0.098901 -0.407305 0.242426
v -0.103452 -0.064640 -0.156839
v 0.109179 -0.020355 0.299243
v 0.112051 -0.030077 0.286030
v 0.112938 -0.016397 0.284935
v 0.113105 -0.041087 0.261416
v 0.110938 -0.044292 0.286385
v 0.106988 -0.047419 0.297917
v 0.112827 -0.055892 0.263296
v 0.109360 -0.059147 0.286014
v 0.100055 -0.066979 0.305072
v 0.097504 -0.081921 0.301671
v 0.102771 -0.077901 0.294096
v 0.109804 -0.071996 0.274928
v 0.111390 -0.070880 0.264349
v -0.105134 -0.220794 0.219583
v -0.106104 -0.231483 0.228304
v -0.108034 -0.219568 0.234830
v -0.108887 -0.196961 0.230578
v -0.108342 -0.185938 0.221495
v -0.093092 -0.196833 0.254514
v -0.101410 -0.195773 0.249443
v -0.104360 -0.184888 0.242976
v -0.107265 -0.174103 0.227841
v -0.104322 -0.162793 0.234678
v -0.097970 -0.163685 0.246975
v -0.095131 -0.175122 0.251077
v -0.103641 -0.151335 0.235232
v -0.109879 -0.115351 0.238503
v -0.107062 -0.138765 0.223408
v -0.105600 -0.150624 0.222712
v -0.105781 -0.162407 0.221739
v -0.104490 -0.150325 0.217601
v -0.113239 -0.101198 0.229720
v -0.112877 -0.088058 0.219715
v -0.106203 -0.066469 0.199061
v -0.106072 -0.077167 0.203078
v -0.111333 -0.065756 0.206015
v -0.110449 -0.076646 0.209417
v -0.114130 -0.064986 0.215443
v -0.116017 -0.065474 0.226910
v -0.114808 -0.076901 0.228090
v -0.111418 -0.102892 0.239116
v -0.106837 -0.088806 0.206533
v -0.105042 -0.138396 0.218428
v 0.057235 0.178917 0.370368
v 0.061542 0.163725 0.366790
v 0.059114 0.171644 0.359686
v 0.053292 0.186065 0.364152
v 0.054900 0.178973 0.353123
v 0.061775 0.164972 0.348700
v 0.064763 0.156844 0.356302
v 0.067531 -0.118286 0.233840
v 0.061675 -0.125353 0.242994
v 0.060171 -0.120166 0.240833
v 0.056319 -0.134072 0.250631
v 0.056022 -0.126412 0.250554
v 0.054301 -0.121818 0.249517
v 0.051044 -0.119210 0.247730
v 0.057258 -0.116447 0.237847
v 0.065008 -0.113345 0.229688
v 0.073338 -0.109958 0.224053
v 0.081075 -0.106272 0.221110
v 0.088089 -0.102388 0.220755
v 0.055897 -0.167193 0.247804
v 0.054112 -0.190507 0.237684
v 0.052244 -0.203766 0.234751
v 0.050811 -0.204600 0.239999
v 0.051503 -0.218075 0.239208
v -0.045232 0.159789 0.441612
v -0.052731 0.142022 0.426851
v -0.046155 0.137225 0.432147
v -0.060167 0.152318 0.411423
v -0.056893 0.132870 0.418563
v -0.055725 0.118392 0.416200
v -0.051709 0.104628 0.412086
v -0.042687 0.123615 0.427693
v -0.034431 0.141730 0.443725
v -0.028305 0.159956 0.458211
v -0.024533 0.186567 0.478826
v -0.049132 0.172902 0.443367
v -0.045903 0.219382 0.481558
v -0.023818 0.202512 0.493787
v -0.041000 0.214237 0.485052
v -0.061081 0.085946 0.396811
v -0.106395 0.063404 0.331730
v -0.113929 -0.009672 0.300201
v -0.093459 0.062525 0.352430
v -0.101259 0.071680 0.340340
v -0.105001 0.081537 0.328482
v -0.094113 0.079223 0.349992
v -0.078459 0.077865 0.368532
v -0.105323 -0.026581 0.307376
v -0.091667 -0.006341 0.331292
v -0.089071 0.035850 0.350550
v -0.086543 0.045990 0.356550
v -0.081365 0.055054 0.363232
v -0.074770 0.063382 0.369248
v -0.065547 0.077893 0.388212
v -0.017281 0.219010 0.199956
v -0.007345 0.227730 0.226572
v -0.007956 0.224254 0.199164
v -0.016332 0.223404 0.226503
v -0.026560 0.211076 0.201509
v -0.025069 0.216451 0.226716
v 0.002077 0.227379 0.226812
v 0.001861 0.226634 0.213243
v 0.001536 0.221679 0.186020
v -0.008205 0.220302 0.186058
v 0.060230 -0.118672 0.288895
v 0.055112 -0.111361 0.295288
v 0.070103 -0.106296 0.302619
v 0.058391 -0.098921 0.307479
v 0.071998 -0.094828 0.310911
v 0.077896 -0.125224 0.293410
v 0.079206 -0.114662 0.299380
v 0.080675 -0.103256 0.305338
v 0.082806 -0.090875 0.311454
v 0.079627 -0.147617 0.287164
v 0.081645 -0.136273 0.289786
v 0.084073 -0.124968 0.293955
v 0.086651 -0.113222 0.299297
v 0.088665 -0.099924 0.303292
v 0.092121 -0.110774 0.295307
v 0.091444 -0.134134 0.284205
v 0.089321 -0.146312 0.282535
v 0.098228 -0.168529 0.271783
v 0.105352 -0.192066 0.267123
v 0.099867 -0.143804 0.273147
v 0.101439 -0.130434 0.273486
v 0.098788 -0.118814 0.281138
v 0.099761 -0.093076 0.292081
v 0.090857 -0.086168 0.307483
v 0.097504 -0.081921 0.301671
v 0.102771 -0.077901 0.294096
v 0.103854 -0.089574 0.283938
v 0.109804 -0.071996 0.274928
v 0.109230 -0.085704 0.264829
v 0.111390 -0.070880 0.264349
v 0.111633 -0.087210 0.247232
v 0.112237 -0.073071 0.245421
v 0.110759 -0.078016 0.232799
v 0.108507 -0.080764 0.228041
v 0.098785 -0.085168 0.222308
v 0.093220 -0.088396 0.219064
v 0.086031 -0.092720 0.217009
v 0.100327 -0.266506 0.276040
v 0.092547 -0.265972 0.282375
v 0.081624 -0.264960 0.283265
v 0.074437 -0.252148 0.283901
v 0.073439 -0.239777 0.284668
v 0.072965 -0.227901 0.284106
v 0.096101 -0.289476 0.261018
v 0.093895 -0.288200 0.247705
v 0.083069 -0.299354 0.236208
v 0.085955 -0.299398 0.237680
v 0.083104 -0.287430 0.236270
v 0.089069 -0.287532 0.240886
v -0.117367 -0.057510 0.239865
v -0.114391 -0.062695 0.256548
v -0.116634 -0.052316 0.258299
v -0.111030 -0.059480 0.277108
v -0.111979 -0.049910 0.282586
v -0.111364 -0.041234 0.289796
v -0.118268 -0.024420 0.279405
v -0.108894 -0.033096 0.299052
v 0.064649 -0.393183 0.253754
v 0.065196 -0.384133 0.257051
v 0.064605 -0.378996 0.242550
v 0.065470 -0.394462 0.247271
v 0.064824 -0.401615 0.249533
v 0.065343 -0.414016 0.253703
v 0.064284 -0.406072 0.259760
v 0.064829 -0.408406 0.251886
v 0.065461 -0.397240 0.263621
v 0.070364 -0.381288 0.266632
v 0.070494 -0.373903 0.264005
v 0.074296 -0.380434 0.269589
v 0.074345 -0.393256 0.276332
v 0.070442 -0.394198 0.273665
v 0.069434 -0.399584 0.277621
v 0.065732 -0.411759 0.262413
v 0.063233 -0.422152 0.254385
v 0.063263 -0.420505 0.264079
v 0.062411 -0.428480 0.264470
v 0.064367 -0.421628 0.282628
v 0.062398 -0.429607 0.254548
v 0.070441 -0.405438 0.278417
v 0.066746 -0.412039 0.277839
v 0.069573 -0.431178 0.273309
v 0.065507 -0.431722 0.254672
v 0.069478 -0.431838 0.254776
v 0.065649 -0.430402 0.273928
v 0.064530 -0.425953 0.283286
v 0.066159 -0.419303 0.289122
v 0.067124 -0.414571 0.285330
v 0.070760 -0.412642 0.287766
v 0.073335 -0.404276 0.280453
v 0.079189 -0.409760 0.280019
v 0.078305 -0.417763 0.290507
v 0.081009 -0.419144 0.287676
v 0.076322 -0.408531 0.283038
v 0.074708 -0.416675 0.292467
v 0.069748 -0.421937 0.295812
v 0.066065 -0.424334 0.291323
v 0.068129 -0.428572 0.291468
v 0.083499 -0.423746 0.288076
v 0.074874 -0.421615 0.296578
v 0.078415 -0.422593 0.294240
v 0.080788 -0.427668 0.291791
v 0.083211 -0.427053 0.288905
v 0.070137 -0.426705 0.296501
v 0.074135 -0.428024 0.296676
v 0.077974 -0.428136 0.294687
v 0.075616 -0.430124 0.289102
v 0.080788 -0.427668 0.291791
v 0.077974 -0.428136 0.294687
v 0.071997 -0.429938 0.290402
v 0.074135 -0.428024 0.296676
v 0.070395 -0.430625 0.282308
v 0.074229 -0.430793 0.281435
v 0.079110 -0.430091 0.287575
v 0.077761 -0.431116 0.272161
v 0.078117 -0.430725 0.280602
v 0.082658 -0.429774 0.286172
v 0.082176 -0.430682 0.279927
v -0.107693 0.064340 0.188781
v -0.111704 0.083562 0.224542
v -0.098819 -0.384083 -0.185447
v -0.093141 -0.383797 -0.180078
v -0.102258 -0.383115 -0.179238
v -0.103991 -0.385245 -0.185737
v -0.106059 -0.382099 -0.179252
v -0.097818 -0.385749 -0.192947
v -0.093476 -0.382089 -0.186278
v -0.104409 -0.386876 -0.193837
v -0.108959 -0.383394 -0.186793
v -0.110329 -0.374768 -0.176986
v -0.093774 -0.372297 -0.201815
v -0.093112 -0.381291 -0.193701
v -0.098201 -0.379825 -0.198230
v -0.102435 -0.379066 -0.199756
v -0.109705 -0.383389 -0.194527
v -0.112396 -0.378862 -0.189271
v -0.111355 -0.370747 -0.187539
v -0.110958 -0.362008 -0.168558
v -0.085942 -0.358197 -0.207171
v -0.080249 -0.371026 -0.203518
v -0.098972 -0.368493 -0.203057
v -0.106853 -0.376450 -0.199961
v -0.111580 -0.379229 -0.194195
v -0.110686 -0.372528 -0.193106
v -0.108262 -0.362148 -0.191419
v -0.108317 -0.347182 -0.183864
v -0.105616 -0.352891 -0.199957
v -0.104881 -0.364879 -0.199485
v -0.109319 -0.373680 -0.197297
v -0.099460 -0.355710 -0.205341
v -0.104212 -0.341416 -0.203954
v -0.110334 -0.354061 -0.173275
v -0.106826 -0.341972 -0.172973
v -0.107287 -0.331494 -0.177743
v -0.108566 -0.335810 -0.188408
v -0.106253 -0.339695 -0.199374
v -0.100735 -0.316120 -0.206516
v -0.104438 -0.300224 -0.196471
v -0.105240 -0.309903 -0.186960
v -0.108982 -0.350760 -0.167669
v -0.104290 -0.339522 -0.168801
v -0.103996 -0.319310 -0.178329
v -0.103836 -0.286416 -0.189979
v -0.102810 -0.345715 -0.159343
v -0.092958 -0.295181 -0.177814
v -0.100920 -0.296399 -0.182346
v -0.096734 -0.306757 -0.176742
v -0.092713 -0.316676 -0.171721
v -0.097397 -0.335913 -0.162836
v -0.090086 -0.334458 -0.160537
v -0.090615 -0.342592 -0.153967
v -0.086366 -0.342639 -0.154119
v -0.094856 -0.352848 -0.151144
v -0.086378 -0.362187 -0.145555
v -0.082566 -0.353010 -0.151504
v -0.079436 -0.344774 -0.158476
v -0.083473 -0.335477 -0.161998
v -0.082183 -0.316952 -0.171418
v -0.088796 -0.306190 -0.174596
v -0.084687 -0.295192 -0.177204
v -0.081665 -0.306687 -0.175246
v -0.074613 -0.348994 -0.166551
v -0.075452 -0.354993 -0.156517
v -0.070439 -0.359728 -0.165766
v -0.072334 -0.351723 -0.171656
v -0.071338 -0.368613 -0.160346
v -0.072637 -0.376116 -0.149828
v -0.078374 -0.363291 -0.148430
v -0.076694 -0.384194 -0.137110
v -0.069779 -0.388612 -0.150233
v -0.068767 -0.399508 -0.146690
v -0.071932 -0.407732 -0.138408
v -0.070315 -0.409154 -0.144038
v -0.073873 -0.406282 -0.134942
v -0.076561 -0.405406 -0.132922
v -0.079734 -0.405513 -0.132364
v -0.080634 -0.395631 -0.134384
v -0.085492 -0.383623 -0.135372
v -0.084623 -0.396749 -0.136705
v -0.082866 -0.406856 -0.133462
v -0.078859 -0.411240 -0.127170
v -0.090129 -0.394132 -0.135275
v -0.090352 -0.382797 -0.135087
v -0.095238 -0.362136 -0.146272
v -0.102548 -0.354841 -0.155258
v -0.108943 -0.358962 -0.163042
v -0.107366 -0.375399 -0.154575
v -0.102571 -0.363623 -0.150690
v -0.100465 -0.381614 -0.136839
v -0.105418 -0.392289 -0.136109
v -0.108520 -0.393449 -0.140941
v -0.108796 -0.386510 -0.156744
v -0.107460 -0.379153 -0.166862
v -0.105435 -0.389256 -0.169300
v -0.104068 -0.390122 -0.174109
v -0.103629 -0.399846 -0.171907
v -0.109109 -0.398378 -0.161028
v -0.110978 -0.396910 -0.153829
v -0.108535 -0.405526 -0.144986
v -0.104048 -0.402203 -0.135500
v -0.109069 -0.410824 -0.135462
v -0.104946 -0.409011 -0.131682
v -0.109666 -0.420061 -0.123151
v -0.102952 -0.422546 -0.118115
v -0.110015 -0.407548 -0.151830
v -0.100494 -0.392146 -0.133221
v -0.099707 -0.401947 -0.133796
v -0.094901 -0.393022 -0.133152
v -0.099509 -0.408978 -0.130641
v -0.095201 -0.402538 -0.135113
v -0.106704 -0.428383 -0.115122
v -0.101326 -0.427276 -0.115345
v -0.094115 -0.423642 -0.123945
v -0.091105 -0.411009 -0.136480
v -0.091379 -0.402901 -0.138752
v -0.088485 -0.427010 -0.123803
v -0.093273 -0.429106 -0.123831
v -0.096947 -0.430626 -0.119955
v -0.101369 -0.431512 -0.116735
v -0.105372 -0.431909 -0.115669
v -0.110213 -0.429466 -0.119539
v -0.112204 -0.420006 -0.132701
v -0.107435 -0.432146 -0.119888
v -0.103521 -0.432558 -0.121049
v -0.101369 -0.431512 -0.116735
v -0.096947 -0.430626 -0.119955
v -0.098891 -0.432272 -0.123491
v -0.093273 -0.429106 -0.123831
v -0.092960 -0.431571 -0.126374
v -0.088242 -0.429693 -0.122702
v -0.086536 -0.432263 -0.124745
v -0.084725 -0.430770 -0.118372
v -0.070034 -0.430736 -0.124291
v -0.072263 -0.430152 -0.117952
v -0.076682 -0.431668 -0.119555
v -0.078407 -0.432564 -0.127167
v -0.093304 -0.432835 -0.133502
v -0.106083 -0.432752 -0.127201
v -0.110035 -0.431376 -0.126553
v -0.105616 -0.432896 -0.141973
v -0.079677 -0.430037 -0.115266
v -0.075372 -0.428400 -0.114849
v -0.070766 -0.425397 -0.117880
v -0.067999 -0.426959 -0.123819
v -0.071839 -0.420869 -0.119969
v -0.071611 -0.412700 -0.130681
v -0.076561 -0.405406 -0.132922
v -0.073873 -0.406282 -0.134942
v -0.075637 -0.424322 -0.115221
v -0.076700 -0.420106 -0.118261
v -0.078859 -0.411240 -0.127170
v -0.079734 -0.405513 -0.132364
v -0.065467 -0.427756 -0.141319
v -0.066823 -0.423659 -0.132106
v -0.069696 -0.414454 -0.135049
v -0.068571 -0.415360 -0.142241
v -0.071932 -0.407732 -0.138408
v -0.070315 -0.409154 -0.144038
v -0.065268 -0.427940 -0.151058
v -0.067223 -0.431233 -0.141436
v -0.071349 -0.432735 -0.166025
v -0.068085 -0.428418 -0.166525
v -0.067286 -0.431536 -0.159714
v -0.085673 -0.431741 -0.165340
v -0.090630 -0.429332 -0.170376
v -0.081062 -0.431339 -0.170599
v -0.075654 -0.432856 -0.165842
v -0.084832 -0.432939 -0.144775
v -0.072090 -0.432350 -0.133111
v -0.095914 -0.432768 -0.147534
v -0.075968 -0.431638 -0.171360
v -0.098876 -0.430947 -0.169309
v -0.098708 -0.428517 -0.173406
v -0.090904 -0.426007 -0.172628
v -0.099161 -0.425047 -0.174934
v -0.095287 -0.421571 -0.174855
v -0.092132 -0.409884 -0.176819
v -0.103063 -0.428155 -0.171565
v -0.110550 -0.431184 -0.151015
v -0.106682 -0.429211 -0.166174
v -0.107694 -0.425481 -0.166578
v -0.103829 -0.416516 -0.171508
v -0.101437 -0.409657 -0.176442
v -0.111226 -0.426473 -0.159546
v -0.105139 -0.409429 -0.172419
v -0.106888 -0.416793 -0.165846
v -0.111108 -0.422112 -0.159302
v -0.112702 -0.427001 -0.151335
v -0.111834 -0.429511 -0.134307
v -0.112438 -0.422748 -0.142848
v -0.110388 -0.416106 -0.150979
v -0.109779 -0.416738 -0.158981
v -0.110254 -0.408730 -0.159614
v -0.100700 -0.400008 -0.175087
v -0.102258 -0.383115 -0.179238
v -0.106059 -0.382099 -0.179252
v -0.097817 -0.390105 -0.177126
v -0.097183 -0.399992 -0.176510
v -0.096739 -0.409855 -0.178081
v -0.078258 -0.402124 -0.176152
v -0.083518 -0.392901 -0.177411
v -0.088094 -0.385166 -0.180954
v -0.087350 -0.380339 -0.195678
v -0.083288 -0.385946 -0.180290
v -0.082031 -0.383868 -0.187325
v -0.080171 -0.381839 -0.196614
v -0.078917 -0.386162 -0.178617
v -0.075004 -0.393543 -0.173372
v -0.077663 -0.381435 -0.184719
v -0.073322 -0.379795 -0.193929
v -0.074631 -0.379116 -0.180960
v -0.071086 -0.374764 -0.188997
v -0.074656 -0.368785 -0.200658
v -0.080924 -0.357469 -0.206477
v -0.084881 -0.332911 -0.214683
v -0.080923 -0.344723 -0.210131
v -0.076647 -0.355859 -0.204020
v -0.071535 -0.365509 -0.195920
v -0.070296 -0.362000 -0.190242
v -0.068626 -0.370783 -0.183978
v -0.082291 -0.319853 -0.216243
v -0.073506 -0.341759 -0.204164
v -0.073469 -0.353786 -0.200076
v -0.072025 -0.351327 -0.194837
v -0.072135 -0.345816 -0.182673
v -0.070954 -0.335373 -0.187145
v -0.071549 -0.339701 -0.199057
v -0.077255 -0.317620 -0.210389
v -0.072906 -0.322647 -0.185944
v -0.073215 -0.311405 -0.190063
v -0.074418 -0.331107 -0.176330
v -0.074191 -0.310024 -0.185056
v -0.073866 -0.298725 -0.188924
v -0.073692 -0.299913 -0.193999
v -0.078523 -0.305648 -0.213568
v -0.073210 -0.288319 -0.197801
v -0.078482 -0.293917 -0.217375
v -0.072207 -0.276604 -0.201457
v -0.078065 -0.282298 -0.221602
v -0.070073 -0.252612 -0.207113
v -0.069328 -0.240732 -0.207980
v 0.068381 -0.415620 0.239803
v 0.066195 -0.415144 0.245585
v 0.063570 -0.426345 0.245695
v 0.062398 -0.429607 0.254548
v 0.063233 -0.422152 0.254385
v 0.065343 -0.414016 0.253703
v 0.064829 -0.408406 0.251886
v 0.064824 -0.401615 0.249533
v -0.076066 -0.340695 -0.172107
v -0.074613 -0.348994 -0.166551
v -0.072334 -0.351723 -0.171656
v -0.068235 -0.366646 -0.178035
v -0.070439 -0.359728 -0.165766
v -0.071338 -0.368613 -0.160346
v -0.071746 -0.377060 -0.176772
v -0.069386 -0.390520 -0.156788
v -0.069779 -0.388612 -0.150233
v -0.068109 -0.401024 -0.154021
v -0.068767 -0.399508 -0.146690
v -0.069447 -0.410291 -0.151988
v -0.071899 -0.393096 -0.169188
v -0.067042 -0.424415 -0.159954
v -0.070861 -0.416711 -0.166983
v -0.071397 -0.410816 -0.167181
v -0.070661 -0.402277 -0.168254
v -0.073908 -0.402322 -0.173259
v -0.074069 -0.416935 -0.171624
v -0.071422 -0.430071 -0.170458
v -0.077655 -0.417415 -0.174565
v -0.076376 -0.427466 -0.173643
v -0.086734 -0.417112 -0.173782
v -0.082639 -0.410566 -0.176936
v -0.082033 -0.417627 -0.175082
v -0.086321 -0.426839 -0.172562
v -0.081264 -0.428013 -0.173903
v 0.050494 0.414204 0.539514
v 0.068968 0.436968 0.523393
v 0.056614 0.413786 0.547523
v 0.070168 0.444926 0.513201
v 0.077908 0.450781 0.507307
v 0.076565 0.445192 0.519352
v 0.066511 0.430024 0.534483
v 0.073024 0.440128 0.531655
v 0.062170 0.424275 0.545824
v 0.072282 0.443592 0.535715
v 0.084289 0.457995 0.500917
v 0.083563 0.462030 0.488698
v 0.077709 0.457243 0.496302
v 0.070751 0.453304 0.503539
v 0.061474 0.440011 0.518571
v 0.050688 0.424551 0.530782
v 0.042616 0.408347 0.541882
v 0.050916 0.404329 0.548763
v 0.063095 0.450383 0.510914
v 0.052143 0.436203 0.524268
v 0.046537 0.428441 0.530048
v 0.037468 0.412548 0.540033
v 0.034248 0.405259 0.543255
v 0.040634 0.399894 0.545119
v 0.046300 0.396375 0.548158
v 0.053685 0.405737 0.556642
v 0.056446 0.418425 0.556286
v 0.054111 0.421967 0.560323
v 0.053234 0.407857 0.561329
v 0.051350 0.394841 0.555896
v 0.052606 0.395297 0.559681
v 0.052687 0.395110 0.565939
v 0.049287 0.401614 0.572140
v 0.043829 0.405660 0.575420
v 0.049734 0.425458 0.562790
v 0.040382 0.418372 0.569932
v 0.048749 0.437191 0.555814
v 0.059705 0.442979 0.548339
v 0.069760 0.447408 0.538811
v 0.077672 0.451252 0.527222
v 0.082498 0.454617 0.514161
v 0.087688 0.467256 0.480368
v 0.088521 0.465773 0.493209
v 0.085901 0.464176 0.506807
v 0.080318 0.461902 0.520001
v 0.071603 0.458261 0.531453
v 0.060685 0.453237 0.540231
v 0.072651 0.467142 0.521620
v 0.062000 0.461274 0.529969
v 0.072807 0.473214 0.510104
v 0.078071 0.482184 0.476293
v 0.079688 0.481419 0.487664
v 0.081909 0.484465 0.465554
v 0.072990 0.476440 0.498070
v 0.063656 0.466412 0.518353
v 0.051256 0.453086 0.535349
v 0.049108 0.446465 0.546291
v 0.078341 0.480905 0.442239
v 0.078057 0.481480 0.448968
v 0.079633 0.483090 0.448232
v 0.079485 0.483524 0.456424
v 0.076944 0.481084 0.466118
v 0.073736 0.477156 0.486601
v 0.069319 0.469866 0.495674
v 0.060878 0.463462 0.515784
v 0.054965 0.457180 0.524092
v 0.059830 0.459391 0.513338
v 0.065594 0.460616 0.503494
v 0.055126 0.448190 0.518866
v 0.063095 0.450383 0.510914
v 0.071558 0.462073 0.494652
v 0.072947 0.470023 0.485686
v 0.074723 0.476465 0.476083
v 0.076822 0.479082 0.457601
v 0.074456 0.466585 0.485675
v 0.076096 0.469891 0.476275
v 0.077867 0.474164 0.458623
v 0.078474 0.475803 0.444357
v 0.078337 0.477227 0.434358
v 0.078455 0.477540 0.432007
v 0.079655 0.480585 0.436250
v 0.084027 0.483333 0.447165
v 0.079049 0.478105 0.430653
v 0.078758 0.476409 0.431690
v 0.080671 0.477682 0.428710
v 0.083913 0.478533 0.435430
v 0.086905 0.482640 0.454793
v 0.086771 0.477789 0.446025
v 0.089480 0.477139 0.462538
v 0.087426 0.475422 0.452989
v 0.089616 0.472667 0.471448
v 0.089704 0.478854 0.474136
v 0.084749 0.483196 0.475948
v 0.087016 0.479363 0.486977
v 0.090399 0.473096 0.484066
v 0.077343 0.472736 0.510776
v 0.087537 0.472683 0.497576
v 0.078758 0.476409 0.431690
v 0.078337 0.477227 0.434358
v 0.078455 0.477540 0.432007
v 0.079049 0.478105 0.430653
v 0.078840 0.476871 0.429884
v 0.079374 0.475834 0.429898
v 0.080066 0.475006 0.431954
v 0.080622 0.475051 0.430284
v 0.078337 0.477227 0.434358
v 0.078393 0.467327 0.476718
v 0.081982 0.468867 0.468234
v 0.080142 0.462283 0.487134
v 0.074456 0.466585 0.485675
v 0.076096 0.469891 0.476275
v 0.079566 0.472165 0.459019
v 0.077867 0.474164 0.458623
v 0.078474 0.475803 0.444357
v 0.083004 0.473583 0.445170
v 0.081513 0.474574 0.434782
v 0.083693 0.474813 0.439329
v 0.080066 0.475006 0.431954
v 0.079443 0.475293 0.434847
v 0.081823 0.475192 0.431891
v 0.084609 0.471102 0.460078
v 0.080622 0.475051 0.430284
v 0.078337 0.477227 0.434358
v 0.080066 0.475006 0.431954
v 0.071558 0.462073 0.494652
v 0.078840 0.476871 0.429884
v 0.079879 0.475983 0.428299
v 0.079374 0.475834 0.429898
v 0.080622 0.475051 0.430284
v 0.080671 0.477682 0.428710
v 0.079879 0.475983 0.428299
v -0.031338 0.230704 0.646610
v -0.036949 0.236296 0.654812
v -0.036607 0.239069 0.645200
v -0.031398 0.225257 0.643143
v -0.027498 0.215432 0.638689
v -0.023298 0.210976 0.637021
v -0.017919 0.207508 0.635943
v -0.011341 0.205591 0.635605
v -0.004258 0.204647 0.636007
v -0.107098 -0.003373 -0.316145
v -0.095299 0.003372 -0.325610
v -0.095914 -0.009401 -0.321977
v -0.104934 0.023723 -0.325347
v -0.092464 0.028305 -0.336694
v -0.116540 0.002013 -0.308933
v -0.112386 0.030600 -0.317227
v -0.121173 0.021707 -0.303171
v -0.107921 0.044688 -0.321938
v -0.101623 0.037128 -0.330648
v -0.122090 0.044112 -0.284230
v -0.120302 0.040538 -0.296147
v -0.112795 0.050490 -0.311906
v -0.102553 0.058320 -0.326743
v -0.088821 0.041175 -0.342502
v -0.079131 0.031988 -0.347274
v -0.082764 -0.003618 -0.329725
v -0.107441 0.064219 -0.316226
v -0.075074 0.044697 -0.353068
v -0.115692 0.054762 -0.300452
v -0.109852 0.068319 -0.304185
v -0.103366 0.081195 -0.307033
v -0.092022 0.106464 -0.312235
v -0.110888 0.066098 -0.163723
v -0.120249 0.054371 -0.208518
v -0.117362 0.053492 -0.184011
v -0.118037 0.067891 -0.224738
v -0.122573 0.051511 -0.246579
v -0.125367 0.033015 -0.267619
v -0.126503 0.015987 -0.275818
v -0.122389 0.007337 -0.299007
v -0.127011 0.019283 -0.263518
v -0.125781 0.025294 -0.225864
v -0.120448 0.039458 -0.192514
v -0.119958 -0.009087 -0.167995
v -0.121888 0.009516 -0.184753
v -0.124137 0.011225 -0.196949
v -0.126242 0.011571 -0.221982
v -0.122559 -0.005648 -0.180262
v -0.113840 -0.039127 -0.121218
v -0.112454 -0.017251 -0.138602
v -0.114693 0.002244 -0.151300
v -0.114951 0.018860 -0.154858
v -0.122136 -0.011112 -0.101789
v -0.129150 0.010980 -0.070793
v -0.119426 0.009076 -0.113493
v -0.114108 -0.002092 -0.131368
v -0.112957 0.016850 -0.144469
v -0.111457 0.048862 -0.149985
v -0.108962 0.059830 -0.129853
v -0.117381 0.064623 -0.086062
v -0.094054 0.102127 -0.123077
v -0.112596 0.044324 -0.127884
v -0.124383 0.031507 -0.083583
v -0.112167 0.030876 -0.136515
v -0.100801 0.097094 -0.099569
v -0.092367 0.123502 -0.030580
v -0.083307 0.143004 -0.052082
v -0.115338 0.073599 -0.064066
v -0.125893 0.041147 -0.062241
v -0.111397 0.082192 -0.041988
v -0.127258 0.037831 -0.050752
v -0.132688 0.004443 -0.047158
v -0.123588 0.050919 -0.040395
v -0.118555 0.063390 -0.029866
v -0.099822 0.106150 -0.020002
v -0.098181 0.099570 0.023794
v -0.118646 0.060562 -0.018197
v -0.110493 0.054462 0.040525
v -0.105028 0.069758 0.049725
v -0.110139 0.040262 0.067460
v -0.116182 0.024826 0.045942
v -0.123886 0.026648 0.009597
v -0.124878 -0.003962 0.026575
v -0.132015 -0.001473 -0.010349
v -0.130153 -0.018459 0.004232
v -0.131078 -0.033284 -0.006304
v -0.130431 -0.047762 -0.017769
v -0.127801 -0.061341 -0.030679
v -0.127148 -0.058863 -0.043705
v -0.133682 -0.015981 -0.020637
v -0.131348 -0.046278 -0.030564
v -0.131144 -0.044068 -0.043438
v -0.134035 -0.014299 -0.033095
v -0.131622 0.016451 -0.024896
v -0.123975 -0.052837 -0.068696
v -0.125246 -0.034298 -0.079868
v -0.131838 -0.025470 -0.056484
v 0.066732 -0.329580 -0.271991
v 0.069341 -0.316023 -0.262700
v 0.069063 -0.303964 -0.263661
v 0.073094 -0.302947 -0.255798
v 0.069441 -0.291334 -0.259787
v 0.067095 -0.279342 -0.264656
v 0.069843 -0.305027 -0.273447
v 0.071385 -0.293208 -0.279233
v 0.071050 -0.305815 -0.278364
v 0.068917 -0.318241 -0.278068
v 0.066886 -0.330622 -0.277575
v 0.066928 -0.342755 -0.276175
v 0.036253 0.209906 -0.259991
v -0.015682 0.100369 -0.380579
v -0.023414 0.101957 -0.378879
v -0.020384 0.105385 -0.379222
v -0.027845 0.109341 -0.375718
v -0.033537 0.104816 -0.375087
v -0.023909 0.112333 -0.376946
v -0.010132 0.098406 -0.382043
v 0.004244 0.101120 -0.381642
v -0.004136 0.095868 -0.382334
v -0.114391 -0.062695 0.256548
v -0.111030 -0.059480 0.277108
v -0.116634 -0.052316 0.258299
v -0.109138 -0.069227 0.272638
v -0.100344 -0.084337 0.278250
v -0.101497 -0.075031 0.284266
v -0.117367 -0.057510 0.239865
v -0.113059 -0.079332 0.240087
v -0.102845 -0.098724 0.259907
v -0.097609 -0.102644 0.266832
v -0.093986 -0.088688 0.284763
v -0.087196 -0.106975 0.274285
v -0.086416 -0.091620 0.287774
v -0.080368 -0.099452 0.280071
v -0.077913 -0.092668 0.286065
v -0.101237 -0.109019 0.256203
v -0.116630 -0.054352 0.224790
v -0.097280 -0.141733 0.249187
v -0.064375 -0.101813 0.273232
v -0.072937 -0.099934 0.277364
v -0.068264 -0.105982 0.268569
v -0.075484 -0.106133 0.272171
v -0.081392 -0.106943 0.274484
v -0.086502 -0.115069 0.268747
v -0.090023 -0.123209 0.262144
v -0.080840 -0.123936 0.265630
v -0.078987 -0.144410 0.260214
v -0.072661 -0.155679 0.257063
v -0.075714 -0.123114 0.264553
v -0.076098 -0.114011 0.267893
v -0.055532 -0.186685 0.235072
v -0.058845 -0.152459 0.242517
v -0.066400 -0.178504 0.249562
v -0.066789 -0.155278 0.254349
v -0.068920 -0.132406 0.259188
v -0.063584 -0.120609 0.257309
v -0.063058 -0.111956 0.259968
v -0.060201 -0.106644 0.263279
v -0.054103 -0.105907 0.254678
v -0.057210 -0.110632 0.252733
v -0.058659 -0.129488 0.248513
v -0.062620 -0.142435 0.252017
v -0.056821 -0.138970 0.238644
v -0.056026 -0.127697 0.241260
v -0.053579 -0.109278 0.244124
v -0.050339 -0.104716 0.244628
v -0.049897 -0.103137 0.256237
v -0.056134 -0.103524 0.266259
v -0.045132 -0.103505 0.244952
v -0.017560 0.185151 -0.330028
v -0.016762 0.174219 -0.341399
v -0.018675 0.203756 -0.305029
v -0.006177 0.187737 -0.331620
v -0.006479 0.176671 -0.342806
v -0.005839 0.198102 -0.319577
v -0.007067 0.165328 -0.353389
v -0.087901 -0.154491 0.255339
v -0.083563 -0.166341 0.256095
v -0.072497 -0.178939 0.253720
v -0.066962 -0.189306 0.248070
v -0.091818 -0.186615 0.253582
v -0.087918 -0.197979 0.255065
v -0.082551 -0.207731 0.253418
v 0.113927 -0.217300 -0.256543
v 0.113651 -0.214725 -0.265622
v 0.111169 -0.212164 -0.275421
v 0.110822 -0.225965 -0.269312
v 0.111093 -0.228424 -0.260966
v -0.052448 -0.185095 0.227913
v -0.054067 -0.173329 0.229595
v -0.057052 -0.150394 0.235499
v -0.028476 0.414841 0.568172
v -0.017912 0.409062 0.570187
v -0.024347 0.414314 0.561419
v -0.024544 0.406750 0.575354
v -0.031383 0.405258 0.578434
v -0.034281 0.414265 0.572532
v -0.012210 0.410217 0.562712
v -0.016266 0.408391 0.547867
v -0.022786 0.411154 0.552564
v -0.010637 0.404083 0.580865
v 0.026919 0.404495 0.582815
v 0.011611 0.407971 0.570652
v 0.003401 0.409080 0.563092
v -0.006304 0.408916 0.555512
v -0.010785 0.405523 0.542361
v -0.000626 0.407201 0.548260
v 0.018352 0.411463 0.559232
v 0.024692 0.411271 0.567997
v 0.030836 0.410332 0.573539
v 0.034696 0.401633 0.584216
v 0.037376 0.408506 0.575913
v 0.043829 0.405660 0.575420
v 0.041752 0.398223 0.582836
v 0.049287 0.401614 0.572140
v 0.047386 0.393768 0.579230
v 0.056188 0.376756 0.577161
v 0.052815 0.387935 0.574097
v 0.053481 0.383899 0.583362
v 0.049110 0.390427 0.589713
v 0.041800 0.394679 0.594031
v 0.032559 0.397761 0.595641
v 0.009805 0.397991 0.603038
v 0.052864 0.378578 0.592133
v 0.057255 0.373298 0.585313
v 0.048901 0.383940 0.599147
v 0.041447 0.388285 0.604765
v 0.030997 0.391173 0.606861
v 0.060133 0.368259 0.594080
v 0.054759 0.371804 0.601158
v 0.048864 0.374733 0.607945
v 0.066602 0.357222 0.595005
v 0.067464 0.351997 0.610842
v 0.068500 0.333421 0.606120
v 0.064921 0.323107 0.596798
v 0.067501 0.338460 0.589480
v 0.067623 0.343720 0.605316
v 0.065516 0.334277 0.613796
v 0.068839 0.348926 0.591249
v 0.061566 0.367200 0.579075
v 0.057322 0.311221 0.552021
v 0.059680 0.307648 0.573722
v 0.055319 0.295345 0.569595
v 0.058756 0.332796 0.561604
v 0.062224 0.353287 0.567015
v 0.061399 0.362101 0.569332
v 0.058918 0.351917 0.550355
v 0.055303 0.346280 0.541353
v 0.058470 0.353711 0.544724
v 0.055124 0.333440 0.542927
v 0.059925 0.350578 0.557325
v 0.060246 0.364799 0.564442
v 0.057143 0.379857 0.568257
v 0.052687 0.395110 0.565939
v 0.057186 0.385515 0.563753
v 0.064139 0.381975 0.561848
v 0.064541 0.378210 0.563360
v 0.064861 0.373085 0.563279
v 0.060246 0.364799 0.564442
v 0.065619 0.362135 0.558717
v 0.062955 0.384069 0.559012
v 0.061362 0.384628 0.555415
v 0.054508 0.387826 0.556151
v 0.052606 0.395297 0.559681
v 0.051350 0.394841 0.555896
v 0.065778 0.358633 0.555081
v 0.065574 0.358090 0.545998
v 0.065122 0.360124 0.541859
v 0.058154 0.356147 0.539606
v 0.057196 0.359959 0.535906
v 0.053679 0.350352 0.535752
v 0.044674 0.356467 0.522042
v 0.049626 0.361082 0.528385
v 0.055509 0.364999 0.533795
v 0.062691 0.368168 0.537774
v 0.050023 0.344000 0.530877
v 0.050141 0.331233 0.530772
v 0.047975 0.303289 0.515177
v 0.031336 0.321326 0.484154
v 0.039794 0.302089 0.485018
v 0.030857 0.303796 0.465485
v 0.040280 0.309636 0.494245
v 0.041138 0.316785 0.502862
v 0.046913 0.317108 0.516477
v 0.036738 0.344503 0.508372
v 0.032266 0.329651 0.492746
v 0.033698 0.337309 0.501051
v -0.098914 -0.378278 0.240157
v -0.001468 0.104417 -0.418423
v -0.002388 0.096202 -0.423355
v -0.004136 0.095868 -0.382334
v -0.003695 0.099539 -0.383122
v -0.003238 0.101149 -0.385513
v -0.002541 0.100084 -0.388840
v -0.003069 0.087286 -0.404201
v -0.011505 0.094809 -0.381754
v -0.010132 0.098406 -0.382043
v -0.009483 0.100511 -0.384062
v -0.009509 0.100362 -0.387391
v -0.010013 0.093488 -0.396751
v 0.106121 -0.048978 -0.159080
v 0.108692 -0.039357 -0.155604
v 0.103584 -0.047676 -0.153727
v 0.111060 -0.028803 -0.151085
v 0.106541 -0.038802 -0.149180
v 0.111178 -0.041011 -0.162270
v 0.098288 -0.054625 -0.159768
v 0.114727 -0.017726 -0.154073
v 0.114456 -0.004712 -0.148221
v 0.112785 -0.016910 -0.145429
v -0.032251 0.232104 0.654699
v -0.024910 0.228173 0.649037
v -0.017415 0.226953 0.653774
v -0.018351 0.228656 0.657070
v -0.024186 0.227471 0.662041
v -0.032383 0.226934 0.671993
v -0.013592 0.229723 0.656725
v -0.013004 0.226639 0.654205
v -0.102006 0.390291 0.549914
v -0.093382 0.385009 0.555087
v -0.091542 0.389245 0.554872
v -0.099709 0.392983 0.547267
v -0.088975 0.391290 0.551798
v -0.109830 0.393607 0.543074
v -0.120126 0.390312 0.541049
v -0.126783 0.390453 0.537526
v -0.120923 0.382315 0.536409
v -0.118460 0.393552 0.539410
v -0.111901 0.390468 0.545498
v -0.103399 0.385816 0.549568
v -0.095652 0.371668 0.550682
v -0.087267 0.366563 0.555945
v -0.097203 0.367253 0.551626
v -0.131822 0.393459 0.534009
v -0.105799 0.371884 0.545307
v -0.113944 0.376927 0.539783
v -0.123282 0.373655 0.533338
v -0.129989 0.376086 0.531293
v -0.132571 0.390852 0.535474
v -0.141967 0.393540 0.530513
v -0.142597 0.391470 0.532182
v -0.146382 0.393819 0.529032
v -0.146863 0.391587 0.530902
v -0.149431 0.390836 0.529230
v -0.146613 0.388308 0.531013
v -0.137983 0.388208 0.533459
v -0.141868 0.380897 0.530687
v -0.149473 0.392183 0.527096
v -0.134765 0.371312 0.531506
v -0.137598 0.368793 0.529578
v -0.142450 0.374950 0.529005
v -0.148030 0.384421 0.528085
v -0.148955 0.388773 0.525998
v -0.147720 0.392423 0.525538
v -0.145288 0.393639 0.526528
v -0.130508 0.392952 0.531008
v -0.135180 0.391453 0.527399
v -0.136102 0.393348 0.529516
v -0.134664 0.385678 0.524933
v -0.137895 0.380061 0.523848
v -0.141849 0.375849 0.526031
v -0.142450 0.374950 0.529005
v -0.135963 0.370317 0.526168
v -0.130182 0.379553 0.524914
v -0.128968 0.387241 0.526983
v -0.122837 0.390101 0.530279
v -0.122017 0.381788 0.527242
v -0.115119 0.390082 0.532613
v -0.104913 0.381082 0.532001
v -0.096318 0.390115 0.539751
v -0.066291 0.382854 0.548857
v -0.074974 0.382446 0.543582
v -0.075909 0.385107 0.547130
v -0.085790 0.388594 0.543921
v -0.086978 0.390650 0.547807
v -0.107767 0.392988 0.539185
v -0.116494 0.392899 0.535762
v -0.141967 0.393540 0.530513
v -0.131822 0.393459 0.534009
v -0.118460 0.393552 0.539410
v -0.109830 0.393607 0.543074
v -0.099709 0.392983 0.547267
v -0.088975 0.391290 0.551798
v -0.079156 0.387288 0.555187
v -0.070057 0.384708 0.556911
v -0.060163 0.385364 0.554079
v -0.057635 0.384834 0.549665
v -0.064191 0.381108 0.544849
v -0.054296 0.384275 0.544713
v -0.060696 0.377521 0.540253
v -0.050108 0.383339 0.538867
v -0.050963 0.374926 0.532748
v -0.044547 0.381779 0.531589
v -0.062274 0.385426 0.558250
v -0.054789 0.368907 0.533171
v -0.068393 0.359440 0.545558
v -0.059464 0.358242 0.537338
v -0.060206 0.352920 0.544116
v -0.067151 0.362941 0.541482
v -0.057436 0.363494 0.534352
v -0.064020 0.372144 0.538971
v -0.074373 0.378504 0.541236
v -0.075107 0.374045 0.540180
v -0.085306 0.380529 0.538462
v -0.085653 0.375425 0.538201
v -0.076580 0.365817 0.543600
v -0.077196 0.362726 0.546664
v -0.069330 0.358614 0.550787
v -0.086530 0.366531 0.542542
v -0.095536 0.375935 0.535613
v -0.113924 0.375809 0.529291
v -0.123661 0.372823 0.527064
v -0.137598 0.368793 0.529578
v -0.129021 0.363661 0.532850
v -0.127042 0.365784 0.529629
v -0.115650 0.366769 0.532430
v -0.105358 0.370623 0.534414
v -0.096344 0.366559 0.540531
v -0.097113 0.360927 0.548074
v -0.107877 0.360386 0.544235
v -0.106739 0.362685 0.540246
v -0.118628 0.360955 0.538399
v -0.086714 0.363212 0.545844
v -0.077695 0.361214 0.550755
v -0.070146 0.359617 0.556020
v -0.087392 0.362749 0.554092
v -0.078155 0.361835 0.555249
v -0.078274 0.364771 0.558797
v -0.070393 0.362770 0.560153
v -0.068887 0.372307 0.565010
v -0.076960 0.373288 0.563175
v -0.085356 0.379006 0.560647
v -0.083820 0.383390 0.560897
v -0.072038 0.384551 0.560620
v -0.065986 0.381688 0.564516
v -0.064237 0.384352 0.561789
v -0.074243 0.381985 0.562953
v -0.081381 0.386931 0.559159
v -0.079156 0.387288 0.555187
v -0.070057 0.384708 0.556911
v -0.062274 0.385426 0.558250
v 0.031946 0.277631 0.435737
v 0.044859 0.262747 0.450089
v 0.046776 0.227630 0.481990
v 0.044655 0.249203 0.497329
v 0.050093 0.240107 0.472483
v 0.048871 0.254593 0.477125
v 0.050411 0.252091 0.461336
v 0.046398 0.274901 0.476055
v 0.048445 0.257663 0.455525
v 0.045259 0.269736 0.497894
v 0.044976 0.282594 0.486476
v 0.044542 0.289745 0.496766
v 0.048015 0.254458 0.546474
v 0.040446 0.257503 0.534338
v 0.044900 0.269214 0.514439
v 0.045735 0.276407 0.508916
v 0.045577 0.273998 0.526135
v 0.045704 0.296579 0.506443
v 0.050099 0.287718 0.529890
v 0.049019 0.277895 0.537695
v 0.050168 0.265252 0.547234
v 0.049665 0.257220 0.565206
v 0.052142 0.284068 0.547165
v 0.051659 0.273924 0.557470
v 0.040967 0.272337 0.614458
v 0.044353 0.270783 0.601029
v 0.050009 0.276310 0.575724
v 0.051886 0.283713 0.564491
v 0.049526 0.302438 0.624869
v 0.052848 0.297282 0.614855
v 0.048386 0.283493 0.602347
v 0.053095 0.288988 0.579733
v 0.063096 0.321827 0.605181
v 0.060549 0.308082 0.605086
v 0.062609 0.309567 0.595362
v 0.056494 0.297321 0.593210
v 0.058131 0.301581 0.583045
v -0.013004 0.226639 0.654205
v -0.010526 0.228829 0.649594
v -0.013592 0.229723 0.656725
v -0.008136 0.233584 0.647254
v -0.008284 0.230724 0.645524
v 0.000466 0.230874 0.644452
v 0.000610 0.235245 0.646805
v 0.013514 0.230116 0.645246
v 0.011216 0.233475 0.647371
v -0.059464 0.358242 0.537338
v -0.050922 0.358610 0.527407
v -0.057436 0.363494 0.534352
v -0.054789 0.368907 0.533171
v -0.050963 0.374926 0.532748
v -0.041604 0.346451 0.511570
v -0.051657 0.339027 0.529147
v -0.057984 0.382576 0.575328
v -0.062332 0.368875 0.574160
v -0.066496 0.365234 0.584479
v -0.062052 0.373375 0.582216
v -0.010526 0.228829 0.649594
v -0.005833 0.228510 0.649807
v -0.008284 0.230724 0.645524
v 0.000466 0.230874 0.644452
v -0.000865 0.228133 0.649317
v 0.008860 0.227812 0.649280
v 0.013514 0.230116 0.645246
v -0.013004 0.226639 0.654205
v -0.007903 0.224979 0.653683
v -0.002466 0.224242 0.653372
v 0.003055 0.224084 0.653319
v 0.015840 0.224525 0.653674
v 0.016680 0.227176 0.649014
v 0.017468 0.230033 0.645976
v 0.013982 0.233946 0.643868
v 0.021388 0.232232 0.647617
v 0.021154 0.229683 0.647637
v 0.026313 0.227088 0.643451
v 0.029240 0.221435 0.618665
v 0.020730 0.226812 0.649498
v 0.023687 0.223714 0.646894
v 0.023133 0.219231 0.641493
v 0.037376 0.408506 0.575913
v 0.030836 0.410332 0.573539
v 0.038146 0.429291 0.560840
v 0.028634 0.420068 0.562383
v 0.044560 0.445612 0.542822
v 0.035785 0.434754 0.544939
v 0.041915 0.442717 0.538477
v 0.041360 0.438467 0.534300
v 0.047671 0.445985 0.527960
v 0.049059 0.440973 0.525298
v 0.052143 0.436203 0.524268
v 0.046537 0.428441 0.530048
v 0.037728 0.425473 0.536673
v 0.026385 0.414475 0.549184
v 0.025850 0.417982 0.555463
v 0.018352 0.411463 0.559232
v 0.024692 0.411271 0.567997
v 0.037468 0.412548 0.540033
v 0.029357 0.410225 0.545063
v 0.020809 0.408874 0.549371
v 0.034248 0.405259 0.543255
v 0.024837 0.405259 0.544308
v 0.031589 0.400486 0.541515
v -0.042687 0.123615 0.427693
v -0.051709 0.104628 0.412086
v -0.037439 0.110638 0.422448
v -0.049451 0.081979 0.402194
v -0.034431 0.141730 0.443725
v -0.028305 0.159956 0.458211
v -0.019273 0.165689 0.469283
v -0.024533 0.186567 0.478826
v -0.023818 0.202512 0.493787
v -0.053659 0.072944 0.395615
v -0.061081 0.085946 0.396811
v -0.065547 0.077893 0.388212
v -0.067685 0.436538 0.541358
v -0.072226 0.440613 0.529813
v -0.077211 0.452032 0.524727
v -0.081002 0.458830 0.514651
v -0.083407 0.460919 0.501682
v -0.086107 0.469430 0.479897
v -0.076659 0.448133 0.521424
v -0.077283 0.475648 0.429867
v -0.078503 0.474539 0.431327
v -0.078840 0.476594 0.431304
v -0.079411 0.477083 0.432669
v -0.078630 0.474188 0.433301
v 0.010323 0.162722 0.797599
v 0.012219 0.165488 0.793775
v 0.009834 0.163588 0.798040
v 0.006817 0.160824 0.800090
v 0.005674 0.162607 0.800845
v 0.001055 0.160051 0.801320
v 0.013665 0.166213 0.786228
v 0.015296 0.171076 0.778192
v 0.013640 0.168673 0.787367
v 0.012234 0.163381 0.792774
v 0.008533 0.161047 0.797054
v 0.006817 0.160824 0.800090
v 0.001165 0.159682 0.799313
v 0.001055 0.160051 0.801320
v -0.000382 0.159900 0.801211
v -0.001956 0.160590 0.802103
v -0.002026 0.159580 0.799208
v -0.005971 0.161413 0.792194
v -0.012166 0.162667 0.793345
v -0.013221 0.165336 0.786826
v -0.005752 0.164246 0.785584
v 0.004025 0.164177 0.786186
v 0.007892 0.161861 0.792728
v -0.005146 0.159728 0.799221
v -0.011333 0.161332 0.797059
v -0.001998 0.159844 0.801161
v -0.003588 0.159882 0.801159
v -0.006617 0.160613 0.801447
v -0.009243 0.160651 0.799562
v -0.009272 0.162765 0.800633
v -0.012613 0.163775 0.798407
v -0.014282 0.164707 0.794555
v -0.006617 0.160613 0.801447
v -0.001956 0.160590 0.802103
v -0.001956 0.160590 0.802103
v -0.016065 0.167754 0.787741
v -0.014310 0.168583 0.777264
v 0.003813 0.167127 0.777248
v 0.012176 0.168388 0.777449
v 0.015240 0.173837 0.767374
v 0.008696 0.171175 0.767010
v -0.015904 0.172442 0.766792
v -0.019386 0.175716 0.767889
v -0.008261 0.175742 0.754339
v -0.009293 0.181120 0.740958
v 0.002501 0.185899 0.728871
v 0.002707 0.180916 0.741466
v 0.008630 0.176017 0.754997
v 0.015459 0.178932 0.755346
v 0.015443 0.182627 0.756936
v 0.015226 0.177134 0.768792
v 0.016366 0.206620 0.707262
v 0.016425 0.198087 0.718387
v 0.016389 0.201395 0.705013
v 0.012746 0.193332 0.716974
v 0.015719 0.192535 0.730051
v 0.012110 0.188273 0.728850
v 0.015918 0.186752 0.742730
v 0.012324 0.182844 0.741652
v 0.015462 0.200389 0.719555
v 0.014765 0.194622 0.731111
v 0.014973 0.188692 0.743722
v 0.002904 0.190551 0.716850
v 0.009112 0.196998 0.703922
v -0.002916 0.195470 0.703639
v 0.009382 0.203309 0.689912
v -0.002585 0.201807 0.689229
v 0.008908 0.210114 0.675814
v -0.008504 0.209101 0.675052
v 0.002856 0.215940 0.662777
v 0.016583 0.207848 0.691355
v 0.015746 0.214523 0.677505
v 0.011462 0.218606 0.663987
v 0.005948 0.223025 0.653116
v -0.002623 0.221997 0.652542
v 0.000741 0.227423 0.645393
v -0.006250 0.227461 0.645329
v 0.006384 0.228897 0.646115
v 0.011171 0.226025 0.654494
v 0.014657 0.223104 0.665922
v 0.008511 0.231450 0.647263
v 0.011146 0.229670 0.656039
v 0.013818 0.225318 0.666836
v 0.015715 0.219751 0.679746
v 0.016554 0.213280 0.693690
v 0.004450 0.233004 0.641369
v 0.000765 0.235558 0.638720
v 0.004443 0.234635 0.642074
v 0.007952 0.232727 0.647785
v -0.010182 0.233026 0.641331
v -0.014075 0.231521 0.647151
v -0.010188 0.234659 0.642037
v -0.011899 0.228951 0.646018
v -0.007402 0.231725 0.640769
v -0.002888 0.231292 0.640508
v 0.001648 0.231723 0.640769
v 0.004450 0.233004 0.641369
v -0.006089 0.234441 0.638224
v -0.002943 0.233938 0.637994
v -0.000652 0.234170 0.638101
v -0.002962 0.235612 0.637511
v -0.002962 0.235612 0.637511
v 0.000765 0.235558 0.638720
v -0.000652 0.234170 0.638101
v -0.002962 0.235612 0.637511
v -0.006640 0.235557 0.638720
v -0.006089 0.234441 0.638224
v -0.006640 0.235557 0.638720
v -0.002962 0.235612 0.637511
v -0.094115 -0.431029 0.291943
v -0.092115 -0.432810 0.283880
v -0.089631 -0.430626 0.289804
v -0.081520 -0.428673 0.282336
v -0.081494 -0.431603 0.280631
v -0.078400 -0.429264 0.284380
v -0.073819 -0.432642 0.283122
v -0.072816 -0.430734 0.290806
v -0.068024 -0.429963 0.291221
v 0.077241 -0.404813 0.278881
v 0.073873 -0.398335 0.280477
v 0.080115 -0.399739 0.278454
v 0.079228 -0.392525 0.277150
v 0.084387 -0.397797 0.280153
v 0.087299 -0.404441 0.275816
v 0.089694 -0.403042 0.279298
v 0.089238 -0.409120 0.280491
v 0.092151 -0.408429 0.282477
v 0.096650 -0.417570 0.292309
v 0.082994 -0.406635 0.272792
v 0.085375 -0.415832 0.281766
v 0.087745 -0.419489 0.286791
v 0.079053 -0.386657 0.274039
v 0.094472 -0.372521 0.266045
v 0.089777 -0.379778 0.270590
v 0.099320 -0.405054 0.274897
v 0.099407 -0.397532 0.277579
v 0.094324 -0.391896 0.276164
v 0.102647 -0.414219 0.285078
v 0.099624 -0.408995 0.280556
v 0.096794 -0.403806 0.278764
v 0.094698 -0.396626 0.281040
v 0.089015 -0.396493 0.281864
v 0.093244 -0.402915 0.280402
v -0.089168 -0.424123 -0.125402
v -0.081173 -0.425204 -0.115776
v -0.082748 -0.412643 -0.128254
v -0.085780 -0.409536 -0.135754
v -0.086225 -0.403349 -0.139401
v -0.076700 -0.420106 -0.118261
v -0.075637 -0.424322 -0.115221
v -0.075372 -0.428400 -0.114849
v -0.079677 -0.430037 -0.115266
v -0.084725 -0.430770 -0.118372
v -0.088242 -0.429693 -0.122702
v 0.061523 -0.357834 0.242107
v 0.061920 -0.369202 0.241105
v 0.001632 0.235819 0.642536
v 0.007952 0.232727 0.647785
v 0.004443 0.234635 0.642074
v 0.000765 0.235558 0.638720
v -0.000655 0.236159 0.638973
v -0.002962 0.235612 0.637511
v 0.011146 0.229670 0.656039
v 0.005869 0.231892 0.656838
v 0.000673 0.234826 0.648463
v -0.006318 0.234814 0.648499
v -0.007417 0.235820 0.642536
v -0.011937 0.233826 0.648097
v -0.014092 0.222786 0.681164
v 0.009281 0.216211 0.695366
v 0.008796 0.222644 0.681106
v -0.007995 0.228387 0.667897
v 0.011399 0.227047 0.667565
v -0.002736 0.232347 0.656866
v -0.011283 0.231982 0.656757
v -0.016571 0.229814 0.655896
v 0.015462 0.200389 0.719555
v 0.009014 0.209407 0.709168
v 0.008303 0.202943 0.721531
v 0.016366 0.206620 0.707262
v 0.016554 0.213280 0.693690
v 0.015715 0.219751 0.679746
v 0.013818 0.225318 0.666836
v -0.020245 0.180868 0.756088
v -0.021698 0.188647 0.743860
v -0.022646 0.186741 0.742769
v -0.022427 0.194387 0.731991
v -0.015251 0.196789 0.733697
v -0.015483 0.202775 0.722413
v -0.015404 0.209396 0.709802
v -0.014951 0.216315 0.695680
v -0.016703 0.227184 0.667471
v -0.021172 0.219909 0.679810
v -0.022528 0.213360 0.694074
v -0.023040 0.206558 0.708059
v -0.023933 0.197773 0.719366
v -0.023386 0.192249 0.730845
v -0.024024 0.203947 0.706745
v -0.019997 0.223257 0.665800
v -0.022134 0.217323 0.678611
v -0.022512 0.207795 0.691576
v -0.023011 0.201166 0.705623
v -0.020000 0.192962 0.717688
v -0.019133 0.220840 0.664740
v -0.018384 0.212117 0.676425
v -0.014871 0.203233 0.689913
v -0.015327 0.196778 0.704219
v -0.009676 0.190489 0.716829
v -0.009680 0.185921 0.728726
v -0.012774 0.217004 0.662983
v -0.011207 0.223087 0.652943
v -0.016548 0.226113 0.654318
v -0.006640 0.235557 0.638720
v -0.005231 0.236159 0.638973
v -0.002962 0.235612 0.637511
v -0.010188 0.234659 0.642037
v -0.005231 0.236159 0.638973
v -0.002946 0.236380 0.639063
v -0.000655 0.236159 0.638973
v -0.002962 0.235612 0.637511
v -0.002962 0.235612 0.637511
v 0.012219 0.165488 0.793775
v 0.013640 0.168673 0.787367
v 0.007720 0.167328 0.795362
v 0.003837 0.170903 0.789397
v 0.012129 0.173566 0.779699
v 0.015226 0.177134 0.768792
v -0.006349 0.167483 0.795692
v -0.002046 0.161798 0.801977
v -0.003629 0.161733 0.801933
v -0.001956 0.160590 0.802103
v -0.005000 0.161640 0.801888
v -0.005293 0.163329 0.800801
v -0.002210 0.163370 0.800854
v 0.001005 0.163330 0.800900
v 0.005674 0.162607 0.800845
v 0.009834 0.163588 0.798040
v 0.002838 0.161157 0.801844
v -0.000420 0.161754 0.801985
v 0.001030 0.161639 0.801984
v -0.001956 0.160590 0.802103
v -0.001956 0.160590 0.802103
v 0.072551 -0.401565 -0.226835
v 0.074619 -0.407994 -0.221617
v 0.075431 -0.401398 -0.226017
v 0.064546 -0.407474 -0.242795
v 0.066170 -0.405666 -0.236442
v 0.068227 -0.403883 -0.232111
v 0.001055 0.160051 0.801320
v 0.005674 0.162607 0.800845
v 0.002838 0.161157 0.801844
v -0.001956 0.160590 0.802103
v 0.007798 0.196950 0.733056
v -0.014709 0.190873 0.745586
v -0.019402 0.182625 0.757105
v -0.013506 0.184674 0.758712
v -0.015908 0.178440 0.769687
v -0.012075 0.179115 0.770334
v -0.014313 0.173685 0.779785
v -0.001114 0.174850 0.780110
v -0.009993 0.170157 0.789523
v 0.008020 0.190905 0.745480
v 0.008561 0.184696 0.758619
v 0.008646 0.179034 0.770295
v 0.015443 0.182627 0.756936
v 0.014973 0.188692 0.743722
v 0.014765 0.194622 0.731111
v -0.006617 0.160613 0.801447
v -0.001956 0.160590 0.802103
v -0.009272 0.162765 0.800633
v -0.012613 0.163775 0.798407
v -0.012296 0.166483 0.795426
v -0.014282 0.164707 0.794555
v -0.015338 0.168852 0.788469
v -0.016676 0.172610 0.779020
v -0.019386 0.175716 0.767889
v -0.016065 0.167754 0.787741
v -0.018952 0.182896 0.741511
v -0.016609 0.177348 0.754947
v -0.022646 0.186741 0.742769
v -0.023386 0.192249 0.730845
v -0.019596 0.187994 0.729395
v -0.020245 0.180868 0.756088
v 0.033705 -0.111929 -0.120092
v 0.021220 -0.125431 -0.095914
v 0.022539 -0.113213 -0.134294
v 0.057912 -0.096577 -0.143708
v 0.059427 -0.091865 -0.169680
v 0.057115 -0.099043 -0.130311
v 0.034562 -0.108176 -0.133075
v 0.047248 -0.101001 -0.145458
v 0.048209 -0.098644 -0.159152
v 0.048695 -0.096495 -0.172834
v 0.060178 -0.088788 -0.180780
v 0.035649 -0.104595 -0.146232
v 0.036563 -0.101209 -0.159582
v 0.036651 -0.097824 -0.172779
v 0.048388 -0.093370 -0.186173
v 0.046639 -0.083827 -0.196487
v 0.035590 -0.093710 -0.184804
v 0.024212 -0.101874 -0.172225
v 0.024301 -0.105556 -0.159596
v 0.023105 -0.097449 -0.184170
v 0.033595 -0.086827 -0.193760
v 0.021595 -0.090431 -0.193543
v 0.044813 -0.070892 -0.203438
v 0.030515 -0.079996 -0.200166
v 0.027960 -0.073902 -0.208231
v 0.052966 -0.075984 -0.199757
v 0.044620 -0.064530 -0.220344
v 0.029181 -0.065722 -0.230998
v 0.037044 -0.064504 -0.234628
v 0.027803 -0.068630 -0.217888
v 0.037566 -0.068731 -0.210802
v 0.049150 -0.067225 -0.206244
v 0.056657 -0.070550 -0.199931
v 0.052726 -0.065321 -0.208822
v -0.049010 -0.126284 0.070717
v -0.052107 -0.130914 0.056902
v -0.023818 -0.130420 0.080702
v -0.031018 -0.119875 0.094694
v 0.050211 -0.080278 0.186650
v 0.040956 -0.084496 0.187944
v -0.060664 -0.075468 -0.189128
v -0.049619 -0.069744 -0.204560
v -0.033239 -0.068987 -0.214963
v -0.037035 -0.067899 -0.222818
v -0.019636 -0.068193 -0.228095
v -0.023556 -0.068560 -0.243293
v 0.005773 -0.068571 -0.237223
v -0.008344 -0.068440 -0.249881
v 0.003544 -0.068394 -0.251134
v 0.029181 -0.065722 -0.230998
v 0.027803 -0.068630 -0.217888
v 0.016754 -0.067404 -0.235787
v 0.006484 -0.070954 -0.224199
v -0.004928 -0.071636 -0.222975
v -0.017518 -0.071672 -0.217521
v -0.031253 -0.073344 -0.207369
v -0.004156 -0.078686 -0.213230
v -0.016598 -0.078394 -0.209620
v 0.103235 -0.031002 0.117605
v 0.067774 -0.289188 0.251538
v 0.061654 -0.266470 0.250408
v 0.057910 -0.255198 0.248595
v 0.053575 -0.243714 0.245147
v 0.052194 -0.231129 0.241302
v -0.112756 0.082175 -0.215256
v -0.103194 0.110583 -0.208265
v -0.108605 0.095980 -0.218235
v -0.105408 0.108943 -0.233968
v -0.097598 0.137617 -0.239853
v 0.135147 0.382705 0.528178
v 0.134911 0.388734 0.531093
v 0.142548 0.378826 0.525499
v 0.140423 0.374099 0.525159
v 0.116287 0.365316 0.537958
v 0.126286 0.364323 0.530989
v 0.135009 0.368560 0.526851
v -0.062697 -0.072458 -0.191362
v -0.053179 -0.069510 -0.208442
v -0.042323 -0.069040 -0.227425
v -0.040926 -0.073160 -0.247955
v -0.047009 -0.070609 -0.229986
v -0.015410 0.240005 0.719446
v -0.008118 0.242336 0.721823
v -0.129021 0.363661 0.532850
v -0.127121 0.367197 0.534427
v -0.118685 0.364159 0.540733
v -0.118628 0.360955 0.538399
v -0.109037 0.362681 0.548050
v -0.097956 0.362371 0.552480
v -0.097956 0.362371 0.552480
v -0.109037 0.362681 0.548050
v -0.058971 -0.124869 -0.235791
v -0.058339 -0.103272 -0.240734
v -0.057856 -0.094404 -0.243335
v -0.056483 -0.087486 -0.245408
vn 0.5949 -0.7436 -0.3052
vn 0.9509 -0.1258 -0.2829
vn 0.7304 -0.6439 -0.2277
vn 0.4132 -0.8266 -0.3821
vn 0.8897 -0.2676 -0.3700
vn 0.5949 -0.7436 -0.3053
vn 0.2263 -0.9602 -0.1639
vn 0.7531 -0.6511 -0.0942
vn 0.9664 -0.2357 -0.1021
vn 0.6581 -0.7365 -0.1567
vn 0.9553 0.2447 -0.1658
vn 0.9813 -0.0633 -0.1820
vn 0.5868 0.7059 -0.3966
vn 0.9509 -0.1257 -0.2829
vn 0.8896 -0.2677 -0.3700
vn 0.7304 -0.6440 -0.2277
vn 0.7131 -0.6975 -0.0705
vn 0.9888 -0.0791 -0.1266
vn 0.8437 0.5252 -0.1114
vn 0.3863 0.8750 -0.2917
vn -0.8006 0.4119 -0.4353
vn -0.0630 0.8746 -0.4807
vn -0.0236 0.8245 -0.5654
vn -0.3545 0.8745 -0.3309
vn 0.1576 0.9692 -0.1891
vn -0.9484 0.3032 -0.0933
vn -0.9865 -0.1398 -0.0854
vn -0.9005 0.4228 0.1018
vn -0.9465 -0.2637 -0.1862
vn -0.9400 0.2253 -0.2564
vn -0.4579 -0.8693 -0.1863
vn -0.8005 0.4119 -0.4353
vn -0.6120 0.7767 -0.1491
vn 0.0712 0.9970 -0.0317
vn -0.6436 -0.7443 -0.1783
vn -0.6526 -0.7303 -0.2020
vn -0.0388 -0.9859 -0.1630
vn -0.0000 -0.9644 -0.2644
vn -0.5243 -0.8173 -0.2390
vn -0.0309 -0.9280 -0.3712
vn -0.5738 -0.7754 -0.2636
vn -0.0467 -0.8566 -0.5139
vn -0.6125 -0.7366 -0.2869
vn -0.2628 -0.7883 -0.5564
vn 0.7131 -0.6975 -0.0706
vn 0.3587 -0.9279 -0.1013
vn 0.7531 -0.6511 -0.0941
vn 0.6580 -0.7365 -0.1567
vn 0.6570 -0.6962 -0.2894
vn 0.5610 -0.6936 -0.4519
vn 0.4367 -0.6629 -0.6082
vn 0.1560 -0.7252 -0.6706
vn 0.4763 -0.4841 -0.7340
vn 0.0465 -0.6501 -0.7584
vn 0.3423 -0.4202 -0.8404
vn -0.1473 -0.5270 -0.8370
vn 0.2326 -0.3878 -0.8919
vn -0.1091 -0.0936 -0.9896
vn -0.4657 -0.0155 -0.8848
vn -0.5500 -0.5036 -0.6662
vn -0.7068 -0.0311 -0.7068
vn -0.4103 -0.6967 -0.5884
vn -0.6905 -0.6672 -0.2793
vn -0.7357 -0.5808 -0.3485
vn -0.8627 -0.3653 -0.3497
vn -0.9105 -0.4124 0.0311
vn -0.9727 -0.1478 0.1790
vn -0.9217 -0.1640 0.3515
vn -0.8283 0.0781 0.5548
vn -0.7989 0.0862 0.5953
vn -0.8763 0.0310 -0.4808
vn -0.9804 0.0622 -0.1867
vn -0.9753 0.1638 0.1482
vn -0.8428 0.1561 0.5151
vn -0.5351 0.3620 0.7633
vn -0.5264 0.3771 0.7621
vn -0.1590 0.5009 0.8508
vn -0.7835 0.1488 0.6033
vn -0.5292 0.4976 0.6872
vn -0.8172 0.2672 0.5107
vn -0.6054 0.5897 0.5346
vn -0.8733 0.3119 0.3743
vn -0.6579 0.6736 0.3368
vn -0.9922 -0.0000 0.1250
vn -0.2928 0.9416 0.1662
vn -0.6582 0.7522 0.0313
vn 0.1738 0.9558 0.2370
vn -0.2755 0.8502 0.4487
vn 0.6789 0.7342 -0.0000
vn 0.1668 0.9058 0.3894
vn -0.2140 0.7689 0.6025
vn 0.5784 0.8082 0.1109
vn 0.8325 0.5471 -0.0872
vn 0.8530 0.4975 -0.1579
vn 0.5886 0.7875 0.1829
vn 0.2310 0.8286 0.5099
vn -0.1585 0.6657 0.7292
vn 0.6128 0.7481 0.2547
vn 0.2550 0.7409 0.6214
vn -0.1184 0.5920 0.7972
vn 0.2700 0.6273 0.7305
vn 0.6353 0.6671 0.3891
vn 0.8408 0.5315 -0.1031
vn 0.8323 0.5311 -0.1585
vn 0.8331 0.2122 -0.5108
vn 0.8675 0.1262 -0.4811
vn 0.6752 -0.1492 -0.7224
vn 0.2230 0.5734 0.7884
vn 0.4841 0.6825 0.5476
vn 0.8524 0.5179 0.0717
vn 0.8441 0.2367 -0.4812
vn 0.6194 -0.1176 -0.7762
vn 0.3911 0.1955 -0.8994
vn 0.2327 -0.3877 -0.8919
vn -0.1091 -0.0935 -0.9896
vn 0.3425 -0.4201 -0.8404
vn 0.5608 0.7188 -0.4108
vn 0.5708 0.8086 0.1427
vn 0.7365 -0.2116 -0.6425
vn 0.7864 -0.3224 -0.5269
vn 0.4367 -0.6628 -0.6082
vn 0.5611 -0.6934 -0.4520
vn 0.9658 -0.0554 -0.2533
vn 0.6570 -0.6961 -0.2894
vn 0.9379 0.1261 -0.3231
vn 0.2940 0.4211 0.8581
vn 0.4499 -0.1737 0.8760
vn 0.6806 0.1345 0.7202
vn 0.8424 -0.4881 0.2283
vn 0.3967 -0.2645 -0.8790
vn 0.9120 -0.0865 -0.4009
vn 0.7592 0.6485 0.0554
vn 0.1737 0.9475 0.2684
vn 0.1903 0.7214 0.6659
vn 0.0951 0.9513 0.2933
vn 0.3018 0.0239 0.9531
vn 0.1904 0.8094 0.5555
vn 0.3725 0.1268 0.9193
vn 0.4746 0.0633 0.8779
vn 0.4435 -0.0475 0.8950
vn 0.2459 -0.1825 0.9520
vn 0.3810 0.3651 0.8494
vn 0.1505 0.8874 0.4358
vn 0.3811 0.3255 0.8653
vn -0.0236 0.9004 0.4344
vn 0.3553 -0.5684 0.7421
vn 0.5238 -0.3095 0.7936
vn 0.4918 -0.2538 0.8329
vn 0.0156 -0.9968 0.0779
vn 0.4353 -0.2295 0.8705
vn 0.5332 0.1751 0.8277
vn 0.5481 0.0635 0.8340
vn 0.5225 -0.1504 0.8393
vn 0.5537 -0.2057 0.8069
vn -0.0793 0.8802 0.4679
vn -0.2679 0.9378 0.2208
vn -0.2124 0.9756 0.0551
vn 0.0870 0.6884 0.7201
vn 0.4441 0.1665 0.8804
vn 0.4042 -0.1427 0.9035
vn 0.1413 -0.7455 0.6514
vn 0.1866 -0.7541 -0.6297
vn 0.0624 -0.9981 -0.0000
vn 0.2498 -0.9680 -0.0234
vn 0.2435 -0.7934 0.5578
vn 0.2443 -0.4018 0.8825
vn 0.2946 0.0239 0.9553
vn 0.1742 0.4593 0.8710
vn 0.4886 -0.4730 0.7331
vn 0.3965 -0.1586 0.9042
vn 0.3407 0.1981 0.9191
vn 0.3011 0.6419 0.7052
vn 0.1423 0.9569 0.2531
vn 0.1578 0.9867 -0.0395
vn 0.2266 0.2344 -0.9454
vn -0.1717 0.4059 -0.8976
vn -0.0312 0.0701 -0.9970
vn 0.3041 -0.1325 -0.9434
vn 0.0701 -0.3271 -0.9424
vn 0.4843 -0.5312 -0.6952
vn 0.4752 -0.8415 -0.2571
vn 0.5563 -0.7993 0.2273
vn -0.0853 -0.7603 -0.6439
vn -0.1321 -0.4119 -0.9016
vn -0.2258 -0.0467 -0.9731
vn -0.3267 0.3267 -0.8869
vn -0.3512 0.6010 -0.7180
vn -0.2822 0.6977 -0.6585
vn -0.3367 0.7360 -0.5873
vn -0.2787 -0.1238 -0.9524
vn -0.3342 0.2176 -0.9170
vn -0.3039 0.3819 -0.8728
vn -0.2338 0.6392 -0.7327
vn -0.2804 0.2181 -0.9348
vn -0.2664 0.4311 -0.8621
vn -0.2257 -0.0467 -0.9731
vn -0.2106 0.1872 -0.9595
vn -0.3252 -0.0232 -0.9454
vn -0.3249 -0.2166 -0.9206
vn -0.2403 -0.4341 -0.8682
vn -0.3108 -0.5362 -0.7848
vn -0.3263 -0.4351 -0.8392
vn -0.2794 -0.2329 -0.9315
vn 0.1163 -0.6666 -0.7363
vn 0.0388 -0.2020 -0.9786
vn 0.5919 -0.6075 -0.5297
vn 0.2255 -0.9332 -0.2799
vn 0.5220 -0.8181 -0.2415
vn -0.0856 -0.7711 -0.6309
vn -0.2171 -0.8062 -0.5504
vn -0.2242 -0.8350 -0.5025
vn -0.2169 -0.7206 -0.6586
vn -0.0155 -0.9454 -0.3255
vn -0.1392 -0.9355 -0.3247
vn -0.1946 0.0156 -0.9808
vn -0.2182 -0.0623 -0.9739
vn 0.4782 0.0157 -0.8781
vn 0.2811 -0.1171 -0.9525
vn -0.2629 -0.1624 -0.9511
vn -0.7063 0.0466 -0.7064
vn -0.6507 0.0232 -0.7590
vn -0.7381 -0.0932 -0.6682
vn -0.6209 -0.1552 -0.7684
vn -0.2244 -0.1702 -0.9595
vn -0.6204 -0.1939 -0.7600
vn 0.1715 -0.2572 -0.9510
vn -0.2936 -0.3323 -0.8963
vn 0.4213 -0.3355 -0.8426
vn -0.8902 0.0774 -0.4489
vn -0.9547 0.0776 -0.2872
vn -0.9149 0.0233 -0.4031
vn -0.7063 0.0469 -0.7064
vn -0.8223 -0.2482 -0.5120
vn -0.9220 -0.1317 -0.3641
vn -0.8973 -0.0851 -0.4332
vn -0.9144 -0.0387 -0.4029
vn -0.9540 0.0543 -0.2947
vn -0.9663 0.1481 -0.2104
vn -0.9937 0.0621 -0.0932
vn -0.9631 -0.1476 -0.2252
vn -0.9566 -0.2022 -0.2100
vn -0.9416 -0.1868 -0.2801
vn -0.9641 -0.0933 -0.2488
vn -0.9605 -0.0620 -0.2711
vn -0.9553 -0.0699 -0.2874
vn -0.9550 -0.0311 -0.2950
vn -0.9890 -0.0467 -0.1402
vn -0.9095 0.0544 -0.4120
vn -0.9729 -0.1634 -0.1635
vn -0.9341 -0.1012 -0.3425
vn -0.9703 -0.1630 -0.1786
vn -0.9421 -0.1622 -0.2934
vn -0.9074 -0.2094 -0.3645
vn -0.6434 -0.2093 -0.7364
vn -0.8216 -0.0698 -0.5658
vn -0.7592 0.0078 -0.6508
vn -0.4033 0.0078 -0.9150
vn -0.0233 -0.2020 -0.9791
vn 0.2492 0.0701 -0.9659
vn -0.8676 0.0387 -0.4958
vn -0.6451 0.1244 -0.7539
vn -0.3484 0.1239 -0.9291
vn 0.1563 0.1484 -0.9765
vn 0.6133 0.1337 -0.7785
vn 0.4635 0.2278 -0.8563
vn 0.6278 0.1962 -0.7533
vn 0.1794 0.2496 -0.9516
vn -0.2265 0.2655 -0.9371
vn -0.6684 0.1399 -0.7305
vn 0.6580 -0.0392 -0.7520
vn 0.7456 -0.1727 -0.6436
vn 0.8258 -0.0787 -0.5584
vn 0.7888 0.0946 -0.6074
vn 0.5800 0.1097 -0.8072
vn 0.4784 0.2588 -0.8391
vn 0.2187 0.1718 -0.9605
vn -0.2019 0.1786 -0.9630
vn 0.9002 -0.0316 -0.4343
vn 0.8964 -0.2045 -0.3932
vn -0.2879 -0.0389 -0.9569
vn 0.3111 -0.0544 -0.9488
vn 0.9641 -0.1581 -0.2133
vn 0.9021 -0.1961 -0.3843
vn 0.9448 -0.1338 -0.2992
vn 0.9484 -0.0237 -0.3161
vn 0.9381 0.0710 -0.3390
vn 0.9015 0.0712 -0.4270
vn 0.7813 0.1026 -0.6156
vn 0.9771 -0.0000 -0.2127
vn 0.9787 -0.0000 -0.2052
vn 0.9803 -0.0553 -0.1897
vn 0.9942 -0.0631 -0.0868
vn 0.9965 -0.0633 -0.0553
vn 0.9641 -0.1343 -0.2291
vn 0.9927 -0.1182 0.0236
vn 0.9916 -0.0238 0.1269
vn 0.9771 -0.1339 0.1655
vn 0.9842 -0.1496 0.0945
vn 0.9916 0.0952 0.0873
vn 0.9939 0.0395 0.1026
vn 0.9984 0.0396 0.0396
vn 0.9977 -0.0634 0.0237
vn 0.9959 -0.0711 0.0553
vn 0.9821 -0.1742 0.0713
vn 0.9595 -0.2281 0.1652
vn 0.9467 -0.1657 0.2761
vn 0.9918 -0.0159 0.1270
vn 0.9867 -0.1026 0.1263
vn 0.9625 -0.2209 0.1578
vn 0.9346 -0.1030 0.3406
vn 0.9944 -0.0237 0.1026
vn 0.9852 0.0635 0.1589
vn 0.9787 -0.0079 0.2052
vn 0.9520 -0.1587 0.2618
vn 0.9135 -0.2992 0.2756
vn 0.8835 -0.3313 0.3313
vn 0.8675 -0.2287 0.4417
vn 0.9786 -0.0158 0.2052
vn 0.7037 -0.4032 0.5850
vn 0.5204 -0.5756 0.6308
vn 0.8551 -0.1663 0.4910
vn 0.5682 -0.3393 0.7497
vn 0.2441 -0.4803 0.8425
vn 0.0782 -0.6180 0.7823
vn 0.1492 -0.8166 0.5576
vn 0.3867 -0.6866 0.6156
vn 0.7662 -0.4660 0.4424
vn 0.1947 -0.9580 -0.2103
vn 0.4549 -0.8472 -0.2745
vn 0.6494 -0.4539 -0.6102
vn -0.0468 -0.9911 0.1249
vn -0.3668 -0.7414 0.5619
vn -0.4308 -0.5326 0.7285
vn -0.2990 -0.4014 0.8657
vn 0.4257 -0.3469 0.8357
vn -0.6496 -0.2661 0.7122
vn -0.7205 -0.3133 0.6187
vn -0.1794 -0.9592 0.2184
vn 0.5576 -0.7776 -0.2906
vn -0.4983 -0.7708 0.3971
vn -0.6777 -0.4362 0.5920
vn -0.7574 -0.4294 0.4919
vn -0.8123 -0.2577 0.5233
vn -0.6237 -0.6081 0.4912
vn -0.6093 -0.6561 0.4452
vn -0.6986 -0.6287 0.3416
vn -0.8546 -0.4040 0.3263
vn -0.3100 -0.9454 0.1007
vn 0.3600 -0.8843 -0.2974
vn 0.6005 -0.5693 -0.5615
vn 0.7501 -0.4141 -0.5157
vn -0.9871 -0.1010 0.1244
vn -0.9520 -0.1873 0.2419
vn -0.9556 -0.2797 0.0932
vn -0.8418 -0.5144 0.1637
vn -0.5972 -0.7912 0.1319
vn 0.1321 -0.9486 -0.2877
vn 0.2326 -0.7909 -0.5660
vn -0.1087 -0.9940 -0.0155
vn -0.2255 -0.9717 0.0700
vn -0.6506 -0.7590 0.0233
vn -0.8974 -0.4410 -0.0154
vn 0.1322 -0.9801 -0.1478
vn 0.0623 -0.9980 0.0078
vn 0.0078 -0.9980 0.0624
vn 0.0933 -0.9954 0.0234
vn -0.1870 -0.9819 0.0312
vn 0.0234 -0.9997 -0.0000
vn -0.9859 -0.1553 -0.0621
vn -0.9955 -0.0544 -0.0778
vn -0.9911 -0.0468 0.1249
vn -0.9941 -0.0388 -0.1009
vn -0.9931 -0.0155 -0.1163
vn -0.9965 -0.0311 0.0779
vn -0.9940 -0.0155 0.1087
vn -0.9613 -0.0313 0.2736
vn -0.9506 -0.0935 0.2961
vn -0.9290 -0.1561 0.3357
vn -0.8658 -0.2574 0.4290
vn -0.8110 -0.2105 0.5459
vn -0.8787 -0.0785 0.4708
vn -0.9201 0.0390 0.3898
vn -0.9775 -0.0000 0.2111
vn -0.9939 -0.0854 -0.0699
vn -0.8745 -0.2655 0.4060
vn -0.6111 -0.4935 0.6189
vn -0.6333 -0.3831 0.6724
vn -0.7661 -0.0469 0.6410
vn -0.7376 -0.0235 0.6748
vn -0.7240 -0.1338 0.6767
vn -0.5940 -0.4299 0.6800
vn -0.2748 -0.4949 0.8244
vn -0.3997 -0.4624 0.7915
vn -0.4640 -0.2517 0.8493
vn -0.4255 -0.1103 0.8982
vn -0.5575 -0.1492 0.8166
vn -0.5573 -0.2198 0.8007
vn -0.1650 -0.3143 0.9349
vn -0.0554 -0.2533 0.9658
vn 0.1654 -0.3071 0.9372
vn 0.4032 -0.2846 0.8697
vn 0.4667 -0.1582 0.8701
vn 0.4121 -0.2377 0.8796
vn -0.2833 -0.2676 0.9209
vn -0.2431 -0.3372 0.9095
vn 0.2858 -0.3573 0.8892
vn 0.6398 -0.2922 0.7109
vn 0.6740 -0.1586 0.7215
vn 0.6932 -0.1970 0.6933
vn 0.7378 -0.2697 0.6188
vn 0.8288 -0.1579 0.5368
vn 0.9045 -0.0714 0.4205
vn 0.9175 -0.1186 0.3796
vn 0.9691 -0.0709 0.2364
vn 0.9843 -0.1032 0.1429
vn 0.8921 -0.2052 0.4026
vn 0.8834 -0.3392 0.3234
vn 0.6781 -0.4022 0.6151
vn 0.9997 -0.0079 -0.0238
vn 0.9908 -0.0872 -0.1031
vn 0.9282 -0.0865 -0.3618
vn 0.8862 -0.0235 -0.4627
vn 0.6327 -0.1172 -0.7655
vn 0.6821 0.0549 -0.7292
vn 0.8245 0.0236 -0.5654
vn 0.8460 -0.0235 -0.5327
vn 0.8647 -0.1493 -0.4796
vn 0.7905 -0.2739 -0.5478
vn 0.8847 -0.2270 -0.4071
vn 0.8578 -0.2204 -0.4643
vn 0.9294 -0.2363 -0.2835
vn 0.9499 -0.1491 -0.2747
vn 0.6585 -0.2822 -0.6977
vn 0.8882 -0.1022 -0.4480
vn 0.6992 -0.1493 -0.6992
vn 0.9402 -0.0237 -0.3397
vn 0.8550 0.0314 -0.5177
vn 0.7550 -0.0629 -0.6527
vn 0.2956 -0.1634 -0.9412
vn 0.8149 0.1332 -0.5641
vn 0.9372 0.1654 -0.3071
vn -0.2169 -0.0077 -0.9762
vn 0.2020 -0.0388 -0.9786
vn 0.6192 0.0470 -0.7838
vn 0.8439 0.2208 -0.4890
vn 0.9496 0.2216 -0.2216
vn 0.8596 0.0789 -0.5048
vn 0.9849 0.0867 -0.1497
vn 0.9984 0.0475 -0.0317
vn 0.9914 0.1269 0.0317
vn 0.9903 0.0714 0.1189
vn 0.9129 0.0952 0.3969
vn 0.8974 0.1033 0.4289
vn 0.9359 0.0476 0.3490
vn 0.9278 -0.0159 0.3727
vn 0.9909 -0.0951 0.0951
vn 0.9603 -0.2676 0.0787
vn 0.7851 -0.1427 0.6027
vn 0.7149 -0.0159 0.6990
vn 0.6263 0.0634 0.7770
vn 0.6336 0.1425 0.7604
vn 0.3077 -0.2603 0.9152
vn 0.7196 -0.3479 0.6010
vn 0.8841 -0.3710 0.2842
vn 0.3563 -0.0079 0.9343
vn 0.2621 -0.0874 0.9611
vn -0.2278 -0.2436 0.9427
vn 0.0631 -0.3788 0.9233
vn 0.4030 -0.4188 0.8138
vn 0.6821 -0.4362 0.5869
vn 0.3941 -0.4729 0.7881
vn 0.0868 -0.4737 0.8764
vn -0.2583 -0.4383 0.8609
vn -0.5488 -0.2901 0.7840
vn 0.4030 -0.4030 0.8217
vn 0.0709 -0.4649 0.8825
vn -0.1800 -0.4617 0.8686
vn -0.1014 0.5537 -0.8265
vn 0.3859 0.7087 -0.5906
vn 0.3430 0.1481 -0.9276
vn 0.1737 0.9475 0.2685
vn -0.1495 0.9519 -0.2675
vn -0.1886 0.7856 -0.5893
vn -0.4013 0.8735 -0.2755
vn -0.2292 0.9641 -0.1343
vn -0.1185 0.9559 -0.2687
vn -0.1099 0.9261 -0.3610
vn -0.2114 0.7753 -0.5952
vn 0.1905 0.8094 0.5555
vn -0.0000 0.9999 -0.0159
vn 0.1506 0.8874 0.4358
vn -0.0237 0.9004 0.4343
vn -0.2680 0.9378 0.2206
vn -0.2124 0.9756 0.0550
vn -0.2132 0.9552 -0.2053
vn 0.1577 0.9867 -0.0395
vn 0.1981 0.9275 -0.3171
vn 0.3140 0.7851 -0.5339
vn 0.1800 0.5402 -0.8221
vn 0.5654 0.0157 -0.8247
vn 0.4641 0.2989 -0.8338
vn 0.0931 -0.9234 -0.3724
vn 0.0623 -0.7399 -0.6698
vn 0.1165 -0.6289 -0.7687
vn 0.0078 -0.8959 -0.4441
vn -0.3880 -0.6593 -0.6440
vn -0.2941 -0.9210 -0.2554
vn -0.1629 -0.2792 -0.9463
vn 0.2334 -0.0000 -0.9724
vn 0.0466 -0.2019 -0.9783
vn 0.0854 -0.0699 -0.9939
vn 0.0390 -0.2184 -0.9751
vn -0.3962 -0.6133 -0.6833
vn -0.3092 -0.8966 -0.3169
vn 0.0232 -0.8197 -0.5723
vn -0.5273 -0.0853 -0.8454
vn -0.7799 -0.4865 -0.3938
vn -0.6125 -0.7055 -0.3566
vn -0.2093 -0.6434 -0.7364
vn -0.7861 -0.3191 -0.5293
vn -0.8064 -0.4885 -0.3334
vn -0.5197 -0.4577 -0.7214
vn -0.9128 -0.3249 -0.2475
vn -0.8352 -0.0309 -0.5491
vn -0.9980 0.0078 -0.0624
vn -0.9536 0.0620 -0.2946
vn -0.9614 -0.2325 -0.1473
vn -0.9298 -0.3177 -0.1859
vn -0.9901 0.1403 0.0078
vn -0.9985 -0.0390 -0.0390
vn -0.9866 -0.1632 -0.0078
vn -0.9324 -0.1709 -0.3185
vn -0.9896 -0.0312 -0.1403
vn -0.7743 -0.1626 -0.6116
vn -0.8953 -0.0389 -0.4437
vn -0.9931 0.0155 -0.1164
vn -0.9345 -0.0623 -0.3504
vn -0.9936 -0.0310 -0.1087
vn -0.9484 0.0933 -0.3032
vn -0.9904 0.1014 -0.0936
vn -0.9602 0.2498 -0.1249
vn -0.7906 -0.0000 -0.6123
vn -0.9315 0.0699 -0.3571
vn -0.7970 -0.0232 -0.6035
vn -0.6438 -0.1396 -0.7524
vn -0.5664 -0.0543 -0.8223
vn -0.5286 -0.2332 -0.8162
vn -0.1630 -0.3259 -0.9312
vn -0.1557 -0.1168 -0.9809
vn -0.1246 -0.1479 -0.9811
vn -0.1624 -0.2320 -0.9591
vn -0.0310 -0.2479 -0.9683
vn 0.0078 -0.3486 -0.9372
vn 0.5441 -0.4121 -0.7308
vn 0.0155 -0.3807 -0.9246
vn 0.6162 -0.1092 -0.7800
vn 0.0625 -0.1717 -0.9832
vn 0.2970 -0.1328 -0.9456
vn -0.0389 -0.1402 -0.9894
vn -0.0078 -0.6914 -0.7225
vn 0.4690 -0.8832 0.0078
vn 0.5447 -0.8325 -0.1011
vn 0.9832 -0.1809 -0.0236
vn 0.9502 -0.1728 -0.2592
vn 0.4835 -0.7876 -0.3821
vn 0.8209 -0.1876 -0.5394
vn 0.8456 -0.0392 -0.5324
vn 0.8080 -0.0314 -0.5884
vn 0.7538 -0.1649 -0.6360
vn 0.9241 -0.0474 -0.3791
vn 0.9653 -0.0000 -0.2611
vn 0.9188 0.0393 -0.3927
vn 0.9957 0.0316 -0.0869
vn 0.9793 0.1896 -0.0711
vn 0.9606 0.2223 0.1667
vn 0.9606 0.2779 0.0079
vn 0.9702 0.1590 0.1829
vn 0.9968 0.0079 0.0791
vn 0.9889 0.0633 -0.1345
vn 0.9183 -0.2512 -0.3061
vn 0.8003 0.5230 0.2932
vn 0.7046 0.5541 0.4433
vn 0.8963 0.0793 0.4363
vn 0.9884 0.0949 0.1186
vn 0.6197 0.2860 0.7309
vn 0.2779 0.6671 0.6911
vn 0.7009 0.3504 0.6212
vn 0.8920 -0.4105 0.1894
vn 0.5761 -0.5287 0.6234
vn -0.1423 0.2214 0.9647
vn 0.1111 0.5874 0.8017
vn -0.4354 0.5067 0.7441
vn -0.6190 0.0548 0.7835
vn -0.5401 -0.5792 0.6106
vn -0.7109 -0.0156 0.7031
vn -0.5543 -0.4918 0.6715
vn -0.3618 0.1495 0.9202
vn -0.5817 -0.0786 0.8096
vn -0.1562 -0.9682 0.1952
vn 0.0468 -0.8739 0.4838
vn -0.5402 -0.5792 0.6105
vn -0.2093 -0.9535 0.2170
vn -0.5543 -0.4920 0.6714
vn -0.3618 0.1494 0.9202
vn -0.7109 -0.0157 0.7031
vn 0.0392 -0.8398 0.5415
vn 0.5238 -0.3096 0.7936
vn 0.0159 -0.0239 0.9996
vn 0.3381 -0.8098 0.4796
vn 0.5472 0.1824 0.8169
vn 0.0390 -0.7104 0.7027
vn -0.0477 0.5485 0.8348
vn -0.4970 0.5601 0.6627
vn -0.5500 0.2829 0.7858
vn -0.4833 -0.5535 0.6783
vn -0.1947 -0.9658 0.1713
vn 0.0468 -0.9901 0.1325
vn -0.0390 -0.9914 0.1249
vn -0.9816 0.1870 0.0390
vn -0.9644 0.2644 0.0078
vn -0.9446 0.2888 0.1561
vn -0.9411 0.3111 0.1322
vn -0.8192 0.4569 0.3466
vn -0.8318 0.4002 0.3845
vn -0.4815 0.6078 0.6315
vn 0.0395 0.6658 0.7451
vn -0.9799 -0.0700 0.1867
vn -0.9985 0.0078 0.0546
vn -0.9919 0.0775 -0.1007
vn -0.8427 -0.4561 -0.2860
vn -0.7906 -0.6123 -0.0077
vn -0.7460 -0.6527 0.1321
vn -0.7023 -0.6399 0.3121
vn -0.8695 0.0235 0.4934
vn -0.2184 -0.9747 0.0468
vn -0.1632 -0.9787 -0.1243
vn -0.5772 -0.5619 -0.5926
vn -0.0388 -0.8534 -0.5198
vn 0.0233 -0.9703 -0.2406
vn -0.0000 -0.9995 -0.0312
vn 0.0624 -0.8502 -0.5227
vn 0.0622 -0.9882 -0.1401
vn -0.0078 -1.0000 -0.0000
vn 0.0779 -0.9967 -0.0234
vn -0.0078 -0.9989 0.0468
vn 0.3201 -0.9369 0.1405
vn 0.1411 -0.9021 0.4079
vn 0.2761 -0.5601 0.7810
vn -0.0386 -0.7331 -0.6791
vn 0.1316 -0.7977 -0.5886
vn 0.1630 -0.3259 -0.9312
vn 0.5524 -0.3190 -0.7701
vn 0.4522 -0.8265 -0.3353
vn -0.1171 -0.9912 0.0624
vn -0.4803 -0.8289 -0.2867
vn -0.2094 -0.5042 -0.8378
vn -0.0927 -0.9582 -0.2705
vn 0.1244 -0.9800 0.1555
vn 0.3749 -0.9138 -0.1562
vn 0.2484 -0.4270 -0.8695
vn 0.5983 -0.7872 0.1496
vn 0.7874 -0.5433 -0.2913
vn 0.6124 -0.2120 -0.7616
vn 0.5641 0.1332 -0.8149
vn 0.1399 -0.0777 -0.9871
vn 0.6663 0.0392 -0.7447
vn 0.8966 0.0944 -0.4326
vn 0.7835 0.1489 -0.6033
vn 0.8611 0.2765 -0.4266
vn 0.9552 0.2132 -0.2053
vn 0.9871 0.1343 -0.0869
vn 0.9992 0.0397 0.0079
vn 0.9807 0.1028 0.1661
vn 0.9861 -0.1499 0.0710
vn 0.9334 0.0870 0.3481
vn 0.9006 -0.4344 -0.0158
vn 0.9743 -0.2139 0.0713
vn 0.9513 0.0314 -0.3066
vn -0.4487 -0.2476 -0.8587
vn -0.4801 -0.1316 -0.8673
vn 0.0235 -0.9997 -0.0000
vn 0.0931 -0.8921 -0.4422
vn 0.1242 -0.9474 -0.2951
vn 0.1480 -0.8877 -0.4360
vn 0.0774 -0.8902 -0.4490
vn 0.0854 -0.9628 -0.2562
vn 0.1479 -0.9889 0.0156
vn 0.0856 -0.9963 -0.0078
vn 0.0155 -0.9852 -0.1707
vn 0.0468 -0.9986 0.0234
vn 0.0233 -0.9954 -0.0933
vn 0.1329 -0.9851 -0.1094
vn 0.1562 -0.9840 -0.0859
vn 0.0624 -0.9980 0.0078
vn 0.2724 -0.9495 0.1557
vn 0.0859 -0.9919 0.0937
vn 0.0467 -0.9964 0.0701
vn -0.3344 -0.1322 -0.9331
vn -0.2953 -0.8622 -0.4116
vn -0.1859 -0.3177 -0.9298
vn -0.9087 -0.4116 0.0699
vn -0.9168 -0.3186 0.2408
vn -0.7185 -0.6091 0.3358
vn -0.7669 -0.5887 -0.2556
vn -0.7780 -0.1634 -0.6067
vn -0.5043 -0.0621 -0.8613
vn -0.4909 -0.7792 0.3896
vn -0.1090 -0.9415 0.3190
vn -0.1488 -0.7519 0.6423
vn -0.4988 -0.6469 0.5768
vn -0.9906 0.0702 -0.1170
vn -0.9488 -0.2489 0.1944
vn -0.7168 -0.5376 0.4441
vn -0.7183 -0.4841 0.4997
vn -0.7360 -0.4463 0.5090
vn -0.9600 -0.2731 0.0624
vn -0.7417 -0.5153 0.4294
vn -0.8509 -0.5183 -0.0851
vn -0.4702 -0.6583 0.5878
vn -0.3664 -0.9045 0.2183
vn 0.0467 -0.7731 0.6326
vn -0.5423 -0.7050 -0.4570
vn -0.0472 -0.6533 0.7556
vn 0.0469 -0.7731 0.6325
vn 0.3379 -0.7073 0.6209
vn 0.5682 -0.7497 0.3393
vn 0.4059 -0.9134 -0.0312
vn -0.0077 -0.6834 -0.7300
vn -0.4263 -0.1938 -0.8836
vn -0.8388 -0.1320 -0.5281
vn -0.0786 -0.6604 0.7468
vn 0.3298 -0.6675 0.6675
vn 0.7234 -0.5976 0.3459
vn 0.8290 -0.5240 -0.1955
vn 0.5630 -0.4067 -0.7195
vn 0.1553 -0.0544 -0.9864
vn 0.9410 -0.3293 -0.0784
vn 0.6919 -0.5897 0.4167
vn 0.7929 -0.1570 -0.5888
vn 0.5318 0.0626 -0.8446
vn 0.1802 0.2898 -0.9400
vn -0.1712 0.1556 -0.9729
vn -0.2270 0.4071 -0.8847
vn 0.1643 0.5086 -0.8452
vn 0.7621 -0.5423 0.3537
vn 0.8094 0.1257 -0.5736
vn 0.9839 -0.1338 -0.1181
vn 0.9848 -0.1733 0.0079
vn 0.7226 -0.6440 0.2513
vn 0.9320 -0.1027 -0.3476
vn 0.6549 -0.5535 -0.5145
vn 0.4779 0.0391 -0.8775
vn 0.2418 -0.0780 -0.9672
vn 0.5262 0.3063 -0.7933
vn 0.8594 0.2287 -0.4573
vn 0.8782 0.2690 -0.3956
vn 0.8290 0.3711 -0.4184
vn 0.7092 0.3310 -0.6225
vn 0.6410 0.5697 -0.5143
vn 0.4640 0.5112 -0.7235
vn 0.2516 0.7075 -0.6604
vn -0.1493 0.6913 -0.7070
vn 0.1414 0.6679 -0.7307
vn -0.3455 0.6517 -0.6752
vn -0.4144 0.7271 -0.5473
vn -0.4448 0.5931 -0.6711
vn -0.0393 0.8241 -0.5651
vn 0.3467 0.7958 -0.4964
vn 0.4350 0.7039 -0.5615
vn 0.4812 0.5916 -0.6469
vn 0.5178 0.4943 -0.6983
vn 0.0551 0.6531 -0.7553
vn -0.0550 0.7696 -0.6361
vn -0.1259 0.8500 -0.5116
vn -0.3589 0.5774 -0.7334
vn -0.4909 0.6390 -0.5922
vn -0.6263 0.6498 -0.4306
vn -0.6104 0.6887 -0.3913
vn -0.5691 0.6081 -0.5535
vn -0.8089 0.4666 -0.3577
vn -0.9491 0.2645 -0.1711
vn -0.8978 0.3514 -0.2654
vn -0.8086 0.4121 -0.4199
vn -0.9977 0.0390 -0.0546
vn -0.9951 -0.0700 0.0700
vn -0.9834 -0.1161 -0.1394
vn -0.8568 0.2337 -0.4596
vn -0.5522 0.4978 -0.6688
vn -0.6222 0.1789 -0.7622
vn -0.4443 0.3974 -0.8029
vn -0.5829 0.1788 -0.7927
vn -0.6634 0.3746 -0.6478
vn -0.7684 0.4036 -0.4967
vn -0.9349 0.0545 -0.3506
vn -0.9554 0.1321 -0.2641
vn 0.5994 -0.7940 -0.1012
vn 0.8896 -0.2676 -0.3701
vn 0.4133 -0.8266 -0.3821
vn 0.9138 0.3496 -0.2066
vn 0.5869 0.7059 -0.3966
vn 0.8896 -0.2677 -0.3701
vn 0.7305 -0.6439 -0.2277
vn 0.2264 -0.9601 -0.1639
vn 0.3587 -0.9279 -0.1014
vn 0.0389 -0.0778 -0.9962
vn 0.2882 -0.1169 -0.9504
vn 0.2973 0.0156 -0.9547
vn 0.5016 0.0705 -0.8622
vn 0.6430 -0.1411 -0.7528
vn -0.1247 -0.1871 -0.9744
vn -0.2882 -0.1169 -0.9504
vn 0.0622 0.0777 -0.9950
vn 0.4876 0.1652 -0.8573
vn 0.6455 0.1102 -0.7557
vn 0.7875 0.1103 -0.6064
vn 0.8770 -0.1566 -0.4542
vn 0.8218 0.1896 -0.5373
vn 0.9555 0.0395 -0.2922
vn 0.9815 0.1187 -0.1504
vn 0.8051 0.2526 -0.5367
vn 0.9695 0.2050 -0.1340
vn 0.9785 0.0955 0.1829
vn 0.9954 0.0158 0.0948
vn 0.9957 -0.0474 0.0790
vn 0.9909 -0.1189 0.0633
vn 0.9772 -0.0552 -0.2049
vn 0.9602 -0.1810 -0.2125
vn 0.9228 -0.3786 0.0710
vn 0.8094 -0.5658 -0.1572
vn 0.5860 -0.8049 0.0937
vn 0.3197 -0.9436 -0.0858
vn -0.0078 -0.9992 0.0390
vn -0.1472 -0.9840 -0.1007
vn 0.5694 -0.6864 -0.4524
vn 0.1318 -0.9534 -0.2713
vn 0.0620 -0.8912 -0.4494
vn 0.4579 -0.6363 -0.6208
vn -0.1391 -0.9504 -0.2782
vn -0.1787 -0.8936 -0.4118
vn 0.1785 -0.8304 -0.5278
vn 0.4539 -0.5557 -0.6965
vn -0.0465 -0.8758 -0.4805
vn -0.1552 -0.8147 -0.5587
vn -0.2100 -0.8322 -0.5132
vn -0.7141 0.0466 -0.6985
vn -0.6419 -0.1160 -0.7579
vn -0.3964 0.0389 -0.9173
vn -0.5288 -0.2022 -0.8243
vn -0.1467 -0.3473 -0.9262
vn 0.3042 -0.4446 -0.8425
vn 0.2094 -0.7291 -0.6516
vn 0.1397 -0.6052 -0.7837
vn -0.0543 -0.4651 -0.8836
vn -0.3565 -0.3255 -0.8758
vn -0.6045 -0.2403 -0.7595
vn -0.8173 -0.1634 -0.5526
vn -0.8373 -0.1706 -0.5195
vn -0.6820 -0.1937 -0.7052
vn -0.3652 -0.2331 -0.9013
vn -0.2866 -0.2867 -0.9142
vn -0.1545 -0.4326 -0.8883
vn -0.0544 -0.6453 -0.7620
vn -0.0078 -0.8074 -0.5900
vn -0.1316 -0.7276 -0.6733
vn -0.3481 -0.5182 -0.7812
vn -0.0854 -0.4425 -0.8927
vn -0.1239 -0.3872 -0.9136
vn -0.4645 -0.4568 -0.7587
vn -0.5887 -0.5190 -0.6197
vn -0.3727 -0.6600 -0.6523
vn -0.6336 -0.5950 -0.4945
vn -0.0930 -0.5505 -0.8296
vn 0.0078 -0.4810 -0.8767
vn 0.0776 -0.4114 -0.9082
vn 0.1628 -0.3490 -0.9229
vn 0.1554 -0.3264 -0.9324
vn 0.1086 -0.5585 -0.8223
vn 0.1242 -0.5048 -0.8542
vn 0.0234 -0.6073 -0.7941
vn -0.0620 -0.7360 -0.6741
vn -0.3330 -0.7822 -0.5266
vn -0.5907 -0.7539 -0.2876
vn -0.2014 -0.9062 -0.3718
vn -0.0542 -0.8437 -0.5341
vn 0.0778 -0.6691 -0.7391
vn 0.0466 -0.8066 -0.5893
vn -0.0387 -0.5107 -0.8589
vn -0.0619 -0.5801 -0.8122
vn -0.0777 -0.4582 -0.8854
vn 0.0155 -0.6507 -0.7592
vn 0.0466 -0.7762 -0.6287
vn 0.0853 -0.6052 -0.7915
vn 0.0312 -0.9031 -0.4282
vn 0.0310 -0.7589 -0.6505
vn -0.1007 -0.5501 -0.8290
vn -0.1550 -0.4572 -0.8757
vn -0.2182 -0.9668 -0.1326
vn -0.2409 -0.4122 -0.8786
vn -0.3488 -0.3333 -0.8759
vn -0.4121 -0.2411 -0.8787
vn -0.1630 -0.4194 -0.8931
vn -0.0934 -0.4669 -0.8794
vn -0.0387 -0.4407 -0.8968
vn 0.0851 -0.5183 -0.8509
vn -0.1161 -0.4255 -0.8975
vn -0.3028 -0.3726 -0.8772
vn -0.3555 -0.3710 -0.8579
vn -0.2635 -0.3875 -0.8834
vn -0.3892 -0.3192 -0.8641
vn -0.4498 -0.3102 -0.8375
vn -0.4963 -0.2792 -0.8220
vn -0.5116 -0.1938 -0.8371
vn -0.5724 -0.0078 -0.8199
vn -0.1167 0.2024 -0.9723
vn -0.0775 0.0931 -0.9926
vn -0.0701 0.0234 -0.9973
vn -0.2256 0.0622 -0.9722
vn -0.2809 0.2420 -0.9287
vn -0.3660 0.1479 -0.9188
vn -0.4281 0.2647 -0.8641
vn -0.5521 0.2022 -0.8089
vn -0.4282 0.0311 -0.9031
vn -0.4192 -0.1164 -0.9004
vn -0.2866 -0.2866 -0.9142
vn -0.1866 -0.2255 -0.9562
vn -0.1322 -0.4588 -0.8787
vn -0.3032 -0.0933 -0.9484
vn -0.0468 -0.2496 -0.9672
vn -0.0000 0.0234 -0.9997
vn 0.0624 0.0078 -0.9980
vn 0.4375 0.2890 -0.8515
vn 0.5564 0.2272 -0.7993
vn 0.3980 0.1483 -0.9053
vn 0.2500 0.1719 -0.9529
vn 0.1871 -0.0078 -0.9823
vn 0.0545 -0.3506 -0.9349
vn -0.0155 -0.5053 -0.8628
vn -0.0233 -0.4901 -0.8713
vn 0.0387 -0.5107 -0.8589
vn 0.3372 0.2431 -0.9095
vn 0.1631 -0.4659 -0.8697
vn 0.3581 -0.3893 -0.8486
vn 0.1165 -0.4504 -0.8852
vn 0.0621 -0.4893 -0.8699
vn 0.1243 -0.5048 -0.8543
vn 0.0930 -0.4730 -0.8762
vn 0.2638 -0.1862 -0.9464
vn 0.4995 -0.0000 -0.8663
vn 0.3203 -0.3437 -0.8828
vn 0.3583 -0.4206 -0.8335
vn 0.5627 -0.2188 -0.7972
vn 0.6320 0.0624 -0.7724
vn 0.6684 0.2517 -0.6999
vn 0.6769 0.3070 -0.6690
vn 0.5787 0.3363 -0.7429
vn 0.5362 -0.3108 -0.7848
vn 0.6651 -0.0704 -0.7434
vn 0.6092 -0.2343 -0.7576
vn 0.7473 0.1888 -0.6371
vn 0.7783 0.3538 -0.5188
vn 0.6867 0.4105 -0.5999
vn 0.4806 0.4570 -0.7485
vn 0.5269 0.5348 -0.6606
vn 0.8914 0.3865 -0.2367
vn 0.8887 0.2359 -0.3932
vn 0.8276 0.3468 -0.4414
vn 0.9412 0.2847 -0.1819
vn 0.9328 0.0949 -0.3478
vn 0.7778 -0.0000 -0.6285
vn 0.6257 -0.2112 -0.7509
vn 0.7715 -0.1338 -0.6220
vn 0.9638 0.0553 -0.2607
vn 0.9736 0.1900 -0.1266
vn 0.9449 0.3176 -0.0794
vn 0.9479 0.3160 -0.0395
vn 0.9276 0.3568 -0.1110
vn 0.9832 0.1507 -0.1031
vn 0.9584 -0.0079 -0.2852
vn 0.7507 -0.1877 -0.6334
vn 0.5522 -0.2567 -0.7932
vn 0.5598 -0.2644 -0.7853
vn 0.9940 0.0947 -0.0552
vn 0.5096 -0.2744 -0.8155
vn 0.3743 -0.3119 -0.8733
vn 0.4763 -0.2967 -0.8277
vn 0.3351 -0.3351 -0.8806
vn 0.4457 -0.2737 -0.8523
vn 0.0774 -0.4644 -0.8823
vn 0.3575 -0.2953 -0.8860
vn -0.4159 -0.5729 0.7063
vn -0.4448 -0.5931 0.6711
vn -0.0787 -0.6603 0.7468
vn -0.0473 -0.6533 0.7556
vn -0.4581 -0.2174 -0.8619
vn -0.7398 -0.2312 -0.6319
vn -0.8139 -0.1860 -0.5504
vn -0.3416 -0.2407 -0.9085
vn -0.5196 -0.3412 -0.7833
vn -0.8759 -0.1938 -0.4418
vn -0.8936 -0.1787 -0.4118
vn -0.9773 -0.0853 -0.1939
vn -0.9652 -0.1012 -0.2413
vn -0.9878 -0.0933 -0.1245
vn -0.9927 -0.1163 -0.0310
vn -0.9889 -0.1012 -0.1090
vn -0.4801 -0.5885 -0.6505
vn -0.4786 -0.4323 -0.7642
vn -0.3650 -0.3107 -0.8776
vn -0.9790 -0.1554 0.1321
vn -0.9942 -0.0544 -0.0932
vn -0.9595 -0.1006 -0.2631
vn -0.7803 -0.2704 -0.5639
vn -0.5889 -0.4572 -0.6664
vn -0.6996 -0.6141 -0.3653
vn -0.5879 -0.6731 -0.4487
vn -0.9155 -0.2560 -0.3103
vn -0.7994 -0.3492 -0.4889
vn -0.9049 -0.1778 -0.3867
vn -0.9022 -0.3811 -0.2022
vn -0.9833 -0.0387 -0.1781
vn -0.9963 0.0078 -0.0856
vn -0.9952 -0.0467 0.0855
vn -0.9300 -0.1550 -0.3333
vn -0.9692 -0.0541 -0.2405
vn -0.9896 0.0312 -0.1402
vn -0.9970 -0.0000 -0.0779
vn -0.9984 0.0156 0.0546
vn -0.9643 -0.0156 0.2644
vn -0.9710 0.1253 0.2035
vn -0.8371 0.5242 0.1565
vn -0.8361 0.4454 0.3204
vn -0.8297 0.5166 0.2113
vn -0.8993 0.3831 0.2111
vn -0.8949 0.2826 0.3454
vn -0.9727 0.2257 0.0545
vn -0.9945 0.0699 -0.0777
vn -0.9890 0.0467 -0.1402
vn -0.9466 0.3208 -0.0313
vn -0.8837 0.4614 0.0782
vn -0.8663 0.4995 -0.0000
vn -0.8042 0.5857 0.1015
vn -0.9673 0.1794 -0.1794
vn -0.9766 0.0930 -0.1938
vn -0.9815 0.0857 -0.1714
vn -0.9739 0.0234 -0.2259
vn -0.9687 -0.0620 -0.2402
vn -0.9717 -0.1632 -0.1710
vn -0.9644 0.1244 -0.2333
vn -0.9785 0.0699 -0.1942
vn -0.9764 0.1640 -0.1406
vn -0.9871 0.1554 -0.0389
vn -0.9903 0.1092 -0.0858
vn -0.9992 0.0078 -0.0390
vn -0.9914 -0.1249 0.0390
vn -0.9601 -0.2710 -0.0697
vn -0.9634 -0.2564 0.0777
vn -0.9038 -0.4207 0.0779
vn -0.9155 -0.3336 0.2250
vn -0.8313 -0.4972 0.2486
vn -0.7700 -0.6300 0.1011
vn -0.7336 -0.5619 0.3824
vn -0.6465 -0.6465 0.4050
vn -0.6153 -0.6854 0.3894
vn -0.7521 -0.5815 0.3101
vn -0.7279 -0.6505 0.2168
vn -0.6750 -0.7371 -0.0311
vn -0.8272 -0.5566 -0.0773
vn -0.4365 -0.7951 0.4210
vn -0.4700 -0.7520 0.4622
vn -0.4281 -0.7784 0.4592
vn -0.5573 -0.7972 0.2322
vn -0.4766 -0.7579 0.4454
vn -0.4348 -0.7842 0.4426
vn -0.4045 -0.9025 0.1478
vn -0.5581 -0.8216 0.1163
vn -0.5110 -0.8517 0.1162
vn -0.4955 -0.8517 0.1704
vn -0.6693 -0.6849 0.2880
vn -0.5375 -0.7633 0.3583
vn -0.5998 -0.6854 0.4128
vn -0.5697 -0.7102 0.4136
vn -0.7883 -0.4996 0.3591
vn -0.7021 -0.6007 0.3823
vn -0.7943 -0.4906 0.3582
vn -0.8125 -0.4922 0.3125
vn -0.8622 -0.4117 0.2952
vn -0.8353 -0.4293 0.3435
vn -0.8741 -0.3512 0.3356
vn -0.8708 -0.4043 0.2799
vn -0.8348 -0.5149 0.1949
vn -0.8994 -0.3954 0.1861
vn -0.9889 -0.0156 0.1480
vn -0.9631 -0.1864 0.1942
vn -0.9233 -0.2638 0.2793
vn -0.8864 -0.3499 0.3032
vn -0.9547 -0.2950 0.0389
vn -0.8937 -0.4352 -0.1088
vn -0.8999 -0.4344 0.0388
vn -0.9553 -0.2563 0.1476
vn -0.9222 -0.2735 0.2735
vn -0.9372 -0.1953 0.2890
vn -0.9579 -0.1557 0.2414
vn -0.9685 -0.1328 0.2109
vn -0.9653 -0.0779 0.2491
vn -0.9809 -0.0000 0.1947
vn -0.9790 -0.0621 0.1943
vn -0.9840 0.1093 0.1406
vn -0.9801 0.1789 0.0856
vn -0.9653 0.2491 0.0779
vn -0.9925 0.0938 0.0782
vn -0.8684 0.4929 0.0548
vn -0.8054 0.5865 0.0860
vn -0.8850 0.4543 0.1018
vn -0.8398 0.5415 0.0392
vn -0.9228 0.3832 0.0391
vn -0.9160 0.3993 0.0391
vn -0.9574 0.2802 0.0701
vn -0.9616 0.2736 -0.0234
vn -0.8457 0.5168 -0.1331
vn -0.7898 0.6021 -0.1173
vn -0.8436 0.5312 -0.0781
vn -0.9056 0.4216 -0.0468
vn -0.8518 0.5236 -0.0156
vn -0.7913 0.6112 0.0157
vn -0.8072 0.5878 -0.0549
vn -0.7984 0.5792 0.1644
vn -0.7088 0.6774 0.1969
vn -0.7758 0.6112 0.1567
vn -0.7565 0.6384 0.1419
vn -0.8288 0.5395 0.1486
vn -0.7625 0.6446 0.0550
vn -0.7434 0.6651 -0.0704
vn -0.6313 0.7576 0.1657
vn -0.5743 0.7946 0.1967
vn -0.7224 0.6752 0.1492
vn -0.8436 0.5312 0.0781
vn -0.8743 0.4762 0.0937
vn -0.3397 0.9243 0.1738
vn -0.4423 0.8766 0.1895
vn -0.4661 0.8690 0.1659
vn -0.5643 0.8073 0.1724
vn -0.7330 0.6699 0.1182
vn -0.8378 0.5403 0.0783
vn -0.8990 0.4377 0.0157
vn -0.8611 0.5010 0.0861
vn -0.9260 0.3735 -0.0544
vn -0.7239 0.6768 0.1338
vn -0.5497 0.8246 0.1335
vn -0.3960 0.9031 0.1663
vn 0.1505 0.9745 0.1664
vn -0.1030 0.9820 0.1584
vn 0.1421 0.9867 0.0789
vn -0.1262 0.9781 0.1656
vn -0.3231 0.9379 0.1261
vn -0.5052 0.8525 0.1342
vn -0.6953 0.7032 0.1485
vn 0.1662 0.9733 0.1583
vn -0.8439 0.5235 0.1172
vn -0.5752 0.8116 0.1024
vn -0.4566 0.8818 0.1181
vn -0.2911 0.9520 0.0944
vn -0.1104 0.9858 0.1262
vn 0.0634 0.9909 0.1189
vn 0.2627 0.9553 0.1353
vn -0.5880 0.8075 -0.0470
vn -0.4156 0.9095 -0.0078
vn -0.4316 0.8869 -0.1648
vn -0.5741 0.8179 0.0393
vn -0.3550 0.9308 0.0868
vn -0.3223 0.9434 0.0786
vn -0.1031 0.9908 0.0872
vn -0.2215 0.9731 0.0632
vn -0.2206 0.9691 0.1103
vn -0.2679 0.9614 0.0630
vn -0.3154 0.9463 -0.0710
vn -0.3076 0.9309 -0.1972
vn -0.3536 0.8722 -0.3379
vn -0.0791 0.9967 0.0158
vn -0.1183 0.9859 -0.1183
vn -0.0635 0.9918 0.1111
vn -0.0709 0.9922 0.1024
vn -0.0712 0.9963 0.0474
vn 0.1189 0.9909 0.0634
vn -0.0865 0.9597 -0.2674
vn 0.2676 0.9051 -0.3305
vn -0.0706 0.8709 -0.4864
vn 0.2210 0.9707 -0.0947
vn 0.1741 0.9815 0.0792
vn 0.1585 0.9828 0.0951
vn 0.0790 0.9953 0.0553
vn 0.3397 0.9402 0.0237
vn 0.3176 0.9449 0.0794
vn 0.4763 0.8732 -0.1032
vn 0.4439 0.8958 0.0238
vn 0.4048 0.9127 0.0556
vn 0.2461 0.9684 0.0397
vn 0.6449 0.7643 0.0080
vn 0.6729 0.7363 -0.0713
vn 0.6832 0.7229 0.1033
vn 0.3408 0.9353 0.0951
vn 0.4988 0.8631 0.0792
vn 0.7293 0.6738 0.1189
vn 0.8722 0.4678 0.1427
vn 0.8745 0.4770 0.0875
vn 0.4203 0.8961 0.1427
vn 0.5720 0.8103 0.1271
vn 0.7462 0.6589 0.0953
vn 0.8541 0.5141 0.0791
vn 0.9239 0.3743 0.0796
vn 0.4037 0.9024 0.1504
vn 0.5575 0.8203 0.1274
vn 0.7044 0.7044 0.0871
vn 0.8155 0.5779 0.0317
vn 0.8829 0.4693 0.0159
vn 0.8617 0.5059 -0.0395
vn 0.9339 0.3561 -0.0317
vn 0.7406 0.6689 0.0636
vn 0.5821 0.8054 0.1116
vn 0.3744 0.9161 0.1434
vn 0.8937 0.4429 -0.0712
vn 0.9539 0.2759 -0.1182
vn 0.8940 0.4193 -0.1582
vn 0.8494 0.5239 -0.0635
vn 0.8664 0.4849 -0.1192
vn 0.7953 0.6044 0.0477
vn 0.7209 0.6813 0.1268
vn 0.6128 0.7799 0.1273
vn 0.4660 0.8768 0.1185
vn 0.2926 0.9489 0.1186
vn 0.3487 0.9351 0.0634
vn 0.2444 0.9696 -0.0079
vn 0.4280 0.9036 -0.0159
vn 0.5723 0.8187 0.0477
vn 0.6442 0.7555 0.1193
vn 0.6926 0.7085 0.1353
vn 0.3640 0.9257 -0.1029
vn 0.5678 0.8201 -0.0710
vn 0.2379 0.9674 -0.0872
vn -0.1102 0.9924 -0.0551
vn -0.1499 0.9862 0.0710
vn -0.3326 0.9345 0.1267
vn -0.4244 0.9038 -0.0550
vn -0.3628 0.9307 0.0473
vn -0.4103 0.8995 -0.1499
vn 0.0079 0.9848 -0.1733
vn -0.5494 0.8319 -0.0785
vn -0.5121 0.8588 0.0158
vn -0.4978 0.8612 0.1027
vn -0.5658 0.8094 -0.1572
vn -0.3912 0.8762 -0.2816
vn 0.0631 0.9468 -0.3156
vn -0.6202 0.7615 -0.1884
vn -0.6031 0.7519 -0.2663
vn -0.4316 0.8397 -0.3296
vn 0.0472 0.9280 -0.3696
vn 0.4191 0.8540 -0.3084
vn 0.3778 0.8973 -0.2283
vn 0.5066 0.8311 -0.2295
vn 0.6533 0.7569 0.0159
vn 0.7049 0.7049 -0.0792
vn 0.5638 0.8259 -0.0000
vn 0.5620 0.8233 -0.0791
vn 0.6837 0.7156 -0.1431
vn 0.6389 0.7414 -0.2051
vn 0.6084 0.7743 -0.1738
vn 0.7436 0.6566 -0.1266
vn 0.6579 0.7530 -0.0079
vn 0.6798 0.7272 -0.0949
vn 0.7124 0.6887 -0.1346
vn 0.7428 0.6559 -0.1343
vn 0.6989 0.7148 -0.0238
vn 0.7442 0.6650 -0.0633
vn 0.6574 0.7525 0.0396
vn 0.6769 0.7326 0.0717
vn 0.7146 0.6988 0.0318
vn 0.7785 0.6276 0.0079
vn 0.8242 0.5627 -0.0634
vn 0.8237 0.5544 -0.1188
vn 0.7551 0.6517 -0.0715
vn 0.9107 0.4039 -0.0871
vn 0.7367 0.6733 0.0634
vn 0.8498 0.5242 0.0556
vn 0.7921 0.6099 0.0238
vn 0.7519 0.6569 0.0554
vn 0.8074 0.5857 0.0713
vn 0.8784 0.4748 0.0554
vn 0.9183 0.3958 -0.0000
vn 0.9582 0.2851 -0.0237
vn 0.9782 0.2051 -0.0316
vn 0.9497 0.3008 0.0871
vn 0.8808 0.4603 0.1111
vn 0.9497 0.3008 -0.0871
vn 0.9501 0.2850 -0.1267
vn 0.9835 0.1428 -0.1110
vn 0.9660 0.2296 -0.1188
vn 0.9959 0.0711 -0.0553
vn 0.9787 0.2052 0.0079
vn 0.9895 0.0238 0.1425
vn 0.9994 -0.0317 0.0159
vn 0.9612 -0.0556 0.2701
vn 0.9984 0.0079 -0.0555
vn 0.9944 0.0473 -0.0947
vn 0.9935 0.0946 -0.0631
vn 0.8745 -0.0875 0.4770
vn 0.9123 -0.0635 0.4046
vn 0.9334 0.0870 0.3480
vn 0.9977 -0.0475 -0.0475
vn 0.9930 -0.0709 -0.0946
vn 0.9989 -0.0000 -0.0475
vn 0.9937 0.0868 0.0710
vn 0.9715 0.1896 0.1422
vn 0.9491 0.2768 0.1503
vn 0.9987 -0.0158 0.0476
vn 0.9817 -0.0158 0.1900
vn 0.9909 -0.1348 -0.0000
vn 0.9850 -0.1576 -0.0709
vn 0.9689 -0.1969 -0.1497
vn 0.9669 -0.1415 -0.2122
vn 0.9878 -0.0632 -0.1422
vn 0.9991 -0.0159 -0.0396
vn 0.9841 -0.0393 -0.1732
vn 0.8861 -0.1882 -0.4235
vn 0.9859 -0.0237 -0.1657
vn 0.4991 -0.5849 -0.6394
vn 0.4355 -0.5755 -0.6922
vn 0.5392 -0.7501 -0.3829
vn 0.5608 -0.5452 -0.6231
vn 0.7346 -0.5939 -0.3282
vn 0.9060 -0.2994 -0.2994
vn 0.9327 -0.3241 -0.1581
vn 0.9394 -0.3316 -0.0868
vn 0.3965 -0.4199 -0.8164
vn 0.8398 -0.5415 0.0393
vn 0.8337 -0.4955 0.2438
vn 0.9175 -0.3796 0.1186
vn 0.9123 -0.4089 -0.0236
vn 0.8485 -0.5264 -0.0550
vn 0.9507 -0.3064 -0.0471
vn 0.8350 -0.5357 -0.1260
vn 0.6184 -0.7827 -0.0704
vn 0.9541 -0.2996 -0.0000
vn 0.7070 -0.7070 0.0157
vn 0.7637 -0.6456 -0.0079
vn 0.6200 -0.7769 0.1099
vn 0.7394 -0.6686 0.0787
vn 0.7533 -0.6277 0.1962
vn 0.6446 -0.7389 0.1965
vn 0.8303 -0.4744 0.2926
vn 0.8933 -0.3479 0.2846
vn 0.7489 -0.5912 0.2995
vn 0.6837 -0.6759 0.2751
vn 0.5496 -0.7773 0.3062
vn 0.5320 -0.8136 0.2347
vn 0.4858 -0.8461 0.2194
vn 0.4536 -0.8759 0.1643
vn 0.6764 -0.6922 0.2517
vn 0.4075 -0.9091 0.0862
vn 0.5638 -0.8222 0.0783
vn 0.3299 -0.9031 0.2748
vn 0.3835 -0.8844 0.2661
vn 0.1723 -0.9005 0.3993
vn 0.3765 -0.8628 0.3373
vn 0.4467 -0.8464 0.2900
vn 0.4611 -0.8362 0.2970
vn 0.4722 -0.8106 0.3463
vn 0.5804 -0.7608 0.2902
vn 0.4866 -0.8475 0.2119
vn 0.4079 -0.8630 0.2981
vn 0.4228 -0.8848 0.1958
vn 0.3277 -0.8971 0.2964
vn 0.3527 -0.8699 0.3448
vn 0.2818 -0.8688 0.4070
vn 0.1642 -0.8915 0.4223
vn 0.9051 -0.4249 0.0157
vn 0.8476 -0.5259 -0.0707
vn 0.9276 -0.3616 -0.0943
vn 0.8328 -0.5500 0.0629
vn 0.7706 -0.6369 -0.0236
vn 0.7360 -0.6733 0.0705
vn 0.6492 -0.7587 -0.0547
vn 0.6200 -0.7769 0.1098
vn 0.5022 -0.8630 0.0550
vn 0.4449 -0.8898 0.1015
vn 0.6202 -0.7615 0.1884
vn 0.6825 -0.7139 0.1569
vn 0.7855 -0.5813 0.2121
vn 0.8841 -0.4499 0.1263
vn 0.9320 -0.3396 0.1264
vn 0.9591 -0.2830 0.0078
vn 0.8779 -0.4113 0.2453
vn 0.8958 -0.3409 0.2853
vn 0.9381 -0.2601 0.2286
vn 0.9815 -0.1662 0.0950
vn 0.9715 0.2370 0.0079
vn 0.9873 0.1422 -0.0711
vn 0.9894 0.1029 0.1029
vn 0.9998 -0.0159 -0.0079
vn 0.9726 -0.0712 0.2214
vn 0.9425 -0.1980 0.2693
vn 0.9539 -0.1498 0.2601
vn 0.9410 -0.2056 0.2689
vn 0.9675 0.1348 0.2141
vn 0.9710 0.0316 0.2368
vn 0.9672 0.0079 0.2537
vn 0.9790 -0.1658 0.1185
vn 0.9549 0.2841 0.0868
vn 0.9553 0.2448 0.1658
vn 0.9598 0.1904 0.2062
vn 0.9675 0.1665 0.1903
vn 0.9723 0.0949 0.2135
vn 0.9508 0.2615 0.1664
vn 0.9319 0.3425 0.1195
vn 0.9237 0.3584 0.1354
vn 0.9216 0.3814 0.0715
vn 0.9396 0.3424 -0.0000
vn 0.8657 0.5004 0.0159
vn 0.7873 0.6124 0.0716
vn 0.7361 0.6649 0.1267
vn 0.8357 0.5492 -0.0000
vn 0.9873 -0.1422 -0.0711
vn 0.9910 -0.0000 -0.1337
vn 0.9690 0.0945 -0.2285
vn 0.9352 0.2695 -0.2298
vn 0.8705 0.4353 -0.2295
vn 0.9630 -0.2289 -0.1421
vn 0.9665 -0.1021 -0.2357
vn 0.9390 -0.2052 -0.2762
vn 0.9476 -0.0474 -0.3159
vn 0.9463 0.0079 -0.3233
vn 0.9463 0.0710 -0.3154
vn 0.9356 -0.1022 -0.3380
vn 0.9372 -0.1496 -0.3150
vn 0.9348 -0.2042 -0.2906
vn 0.9256 -0.2902 -0.2431
vn 0.9470 0.1499 -0.2841
vn 0.9544 0.2918 -0.0631
vn 0.8886 0.3967 -0.2301
vn 0.8804 0.4441 -0.1665
vn 0.8940 0.3323 -0.3006
vn 0.9301 0.2128 -0.2995
vn 0.9510 0.1415 -0.2751
vn 0.9685 -0.0787 -0.2362
vn 0.9268 0.2772 -0.2535
vn 0.9241 -0.3317 -0.1896
vn 0.8622 -0.4154 -0.2900
vn 0.9743 -0.1964 -0.1100
vn 0.9939 -0.1026 -0.0394
vn 0.9999 -0.0079 -0.0079
vn 0.9878 0.1423 0.0632
vn 0.9491 0.3084 0.0633
vn 0.9582 0.2772 0.0713
vn 0.7868 -0.6058 -0.1180
vn 0.8643 -0.5029 0.0078
vn 0.8863 -0.4157 -0.2039
vn 0.9380 -0.3311 0.1025
vn 0.9740 -0.1821 0.1346
vn 0.9899 -0.0634 0.1267
vn 0.9944 0.0237 0.1026
vn 0.8179 -0.5348 -0.2123
vn 0.7184 -0.6158 0.3236
vn 0.8790 -0.4039 0.2534
vn 0.9133 -0.3070 0.2676
vn 0.9553 -0.1658 0.2447
vn 0.8396 -0.3881 0.3802
vn 0.4485 -0.7947 0.4091
vn 0.6696 -0.5594 0.4885
vn 0.7205 -0.2193 -0.6579
vn 0.6824 -0.4000 -0.6118
vn 0.6494 -0.4537 -0.6103
vn 0.6746 -0.5413 -0.5020
vn 0.7514 -0.6105 -0.2505
vn 0.6058 -0.7946 0.0394
vn 0.6990 -0.7147 -0.0236
vn 0.6774 -0.7247 0.1260
vn 0.4551 -0.8471 -0.2745
vn 0.1492 -0.8167 0.5575
vn 0.3867 -0.6867 0.6156
vn 0.7379 -0.6672 -0.1020
vn 0.7195 -0.6882 -0.0938
vn 0.7395 -0.4799 -0.4720
vn 0.5829 -0.4506 -0.6761
vn 0.6897 -0.7132 -0.1254
vn 0.6791 -0.7259 -0.1093
vn 0.6946 -0.6946 -0.1873
vn 0.7591 -0.6417 -0.1096
vn 0.5389 -0.8278 -0.1562
vn 0.5475 -0.8055 -0.2268
vn 0.5720 -0.7758 -0.2664
vn 0.4591 -0.8404 -0.2879
vn 0.4854 -0.8376 -0.2505
vn 0.4455 -0.8597 -0.2501
vn 0.4362 -0.8802 -0.1869
vn 0.4311 -0.8544 -0.2900
vn 0.5539 -0.8113 -0.1872
vn 0.6650 -0.6885 -0.2894
vn 0.7242 -0.6534 -0.2204
vn 0.8561 -0.4712 -0.2121
vn 0.7435 -0.6418 -0.1878
vn 0.7523 -0.5877 -0.2978
vn 0.7294 -0.6195 -0.2902
vn 0.6578 -0.7205 -0.2193
vn 0.4453 -0.8905 -0.0937
vn 0.5169 -0.8537 -0.0627
vn 0.4378 -0.8990 0.0078
vn 0.7268 0.2715 0.6309
vn 0.8641 -0.0634 0.4994
vn 0.8734 0.1985 0.4447
vn 0.6587 0.3333 0.6746
vn 0.9449 0.0794 0.3177
vn 0.9274 0.0317 0.3726
vn 0.8288 0.1674 0.5339
vn 0.9681 0.0476 0.2460
vn 0.9660 -0.1188 0.2297
vn 0.9228 -0.2840 0.2603
vn 0.7380 -0.0160 0.6746
vn 0.5268 0.2155 0.8222
vn 0.4292 0.4292 0.7947
vn 0.6350 0.0635 0.7699
vn 0.7582 -0.1895 0.6239
vn 0.8051 -0.2526 0.5367
vn 0.9394 -0.2684 0.2132
vn 0.8529 -0.1580 0.4976
vn 0.9720 -0.1660 0.1661
vn 0.9824 -0.0396 0.1823
vn 0.2860 0.0953 0.9535
vn 0.4679 -0.1427 0.8722
vn 0.5297 -0.2372 0.8143
vn 0.5849 -0.1818 0.7904
vn 0.7057 -0.0634 0.7057
vn 0.7714 -0.0159 0.6362
vn 0.2606 -0.2527 0.9318
vn 0.1341 -0.2366 0.9623
vn 0.1349 -0.1190 0.9837
vn -0.0396 0.0079 0.9992
vn 0.1741 0.2611 0.9495
vn -0.1817 0.0869 0.9795
vn -0.0000 0.2052 0.9787
vn -0.5209 0.2052 0.8286
vn -0.2281 -0.1652 0.9595
vn -0.4708 -0.0785 0.8788
vn -0.6194 0.0392 0.7841
vn -0.9048 0.0624 0.4212
vn -0.8665 -0.0859 0.4918
vn -0.9842 -0.1328 0.1172
vn -0.9180 -0.2645 0.2956
vn -0.9641 -0.2644 -0.0233
vn -0.6740 -0.2194 0.7054
vn -0.7326 -0.3352 0.5924
vn -0.3377 -0.2906 0.8953
vn -0.8994 -0.3207 0.2972
vn -0.5783 -0.3204 0.7503
vn -0.0711 -0.2844 0.9561
vn 0.2847 -0.1345 0.9491
vn -0.1815 -0.1578 0.9706
vn 0.2683 -0.0394 0.9625
vn -0.0555 0.0238 0.9982
vn -0.5016 -0.0705 0.8622
vn -0.6134 -0.2045 0.7628
vn -0.8650 -0.2182 0.4519
vn -0.9777 -0.2095 0.0155
vn -0.9430 -0.2860 -0.1701
vn -0.9185 -0.2335 -0.3192
vn -0.8528 -0.1628 -0.4962
vn -0.4180 -0.0697 -0.9058
vn -0.4647 -0.1781 -0.8674
vn -0.7266 -0.2010 -0.6570
vn -0.4269 -0.1863 -0.8849
vn -0.2094 -0.1783 -0.9614
vn -0.1394 -0.1161 -0.9834
vn 0.1478 -0.1322 -0.9801
vn 0.1086 -0.0543 -0.9926
vn 0.6123 -0.0942 -0.7850
vn 0.8895 -0.0866 -0.4487
vn 0.8761 0.0237 -0.4815
vn 0.4306 0.0626 -0.9004
vn -0.1551 0.0775 -0.9849
vn -0.7054 0.0698 -0.7054
vn -0.9624 -0.0000 -0.2717
vn -0.9999 -0.0078 0.0078
vn -0.9238 0.1164 -0.3648
vn -0.6764 0.1400 -0.7231
vn -0.4360 0.1479 -0.8877
vn -0.0854 0.1398 -0.9865
vn -0.2809 0.2107 -0.9363
vn -0.7854 0.2799 -0.5521
vn -0.9804 0.1867 -0.0623
vn -0.9933 0.0852 -0.0777
vn -0.9515 0.1560 0.2652
vn -0.9486 0.2877 -0.1322
vn -0.9326 0.2978 0.2039
vn -0.7148 0.1807 0.6756
vn -0.9133 0.3981 -0.0858
vn -0.7612 0.4428 -0.4738
vn -0.3657 0.3268 -0.8715
vn -0.0390 0.1719 -0.9843
vn 0.0701 0.0389 -0.9968
vn -0.2952 0.2097 -0.9321
vn 0.0776 -0.0854 -0.9933
vn -0.7001 0.2879 -0.6534
vn -0.9421 0.2881 -0.1713
vn -0.9724 0.2100 0.1012
vn -0.8663 0.0078 0.4995
vn -0.5095 -0.1019 0.8544
vn -0.2921 0.0474 0.9552
vn 0.0554 -0.1897 0.9803
vn -0.3467 0.0236 0.9377
vn -0.7915 0.0001 0.6112
vn -0.9771 -0.0625 0.2032
vn -0.8997 0.1096 0.4225
vn -0.9847 -0.1473 0.0930
vn -0.9636 0.1410 0.2272
vn -0.6449 0.3067 0.7000
vn -0.7054 0.4075 0.5800
vn -0.9107 -0.4125 0.0234
vn -0.9946 -0.1010 -0.0233
vn -0.9190 -0.3894 0.0623
vn -0.9209 -0.0464 -0.3870
vn -0.7099 -0.4013 -0.5788
vn -0.8697 -0.4659 0.1631
vn -0.8216 -0.5658 -0.0698
vn -0.8513 -0.4179 -0.3173
vn -0.5550 -0.4703 -0.6861
vn -0.0312 -0.3510 -0.9359
vn -0.8279 -0.2321 -0.5106
vn -0.4184 -0.0542 -0.9066
vn 0.5232 -0.7653 -0.3748
vn 0.4505 -0.3962 -0.8001
vn 0.5385 -0.2263 -0.8117
vn 0.3049 -0.9461 -0.1094
vn 0.2256 -0.9178 -0.3267
vn 0.2256 -0.8326 -0.5058
vn 0.1085 -0.6125 -0.7830
vn 0.3819 -0.2260 -0.8962
vn 0.2032 -0.1407 -0.9690
vn -0.0465 -0.2714 -0.9613
vn -0.2249 -0.2327 -0.9462
vn -0.4253 -0.7578 -0.4949
vn -0.2323 -0.9445 -0.2323
vn -0.0311 -0.8328 -0.5526
vn -0.1162 -0.1394 -0.9834
vn 0.3352 -0.1637 -0.9278
vn 0.0776 -0.7678 -0.6360
vn 0.0701 -0.9971 0.0311
vn 0.1319 -0.9155 -0.3802
vn 0.1246 -0.4437 -0.8875
vn 0.0389 -0.6070 -0.7938
vn -0.1006 -0.2322 -0.9675
vn -0.4261 -0.3796 -0.8212
vn -0.5824 -0.0932 -0.8076
vn 0.1083 -0.9055 -0.4102
vn 0.4855 -0.8615 -0.1488
vn 0.5787 -0.4614 -0.6725
vn 0.2891 -0.9534 0.0860
vn 0.2805 -0.9583 -0.0545
vn 0.9384 -0.2839 -0.1971
vn 0.9030 -0.2199 -0.3690
vn 0.8658 -0.4722 -0.1653
vn 0.6807 -0.7120 -0.1721
vn 0.3832 -0.3363 -0.8603
vn 0.8338 -0.2989 -0.4641
vn 0.9846 -0.1024 -0.1418
vn 0.9783 -0.1341 0.1576
vn 0.9972 -0.0396 0.0633
vn 0.9769 0.1112 0.1826
vn 0.9513 0.1348 0.2774
vn 0.9404 0.2924 0.1738
vn 0.9849 0.1497 -0.0867
vn 0.9195 0.2933 -0.2616
vn 0.7754 0.0783 -0.6266
vn 0.3441 0.0313 -0.9384
vn 0.5578 0.2435 -0.7935
vn 0.8495 0.1809 -0.4956
vn 0.9617 0.0867 -0.2601
vn 0.6928 0.1338 -0.7086
vn 0.2658 0.1407 -0.9537
vn 0.4703 0.1881 -0.8622
vn 0.0777 0.1399 -0.9871
vn -0.0000 0.1480 -0.9890
vn 0.0545 0.0545 -0.9970
vn -0.0545 -0.0468 -0.9974
vn 0.1018 0.1800 -0.9784
vn 0.0391 0.0156 -0.9991
vn -0.1085 -0.2247 -0.9684
vn -0.0697 -0.9224 -0.3798
vn -0.0311 -0.9789 -0.2020
vn -0.1624 -0.9745 -0.1547
vn 0.1008 -0.8836 -0.4573
vn -0.0000 -0.9219 -0.3874
vn -0.0000 -0.9455 -0.3255
vn -0.1009 -0.8230 -0.5590
vn -0.1010 -0.9477 -0.3029
vn -0.1239 -0.6660 -0.7356
vn -0.2245 -0.7587 -0.6116
vn -0.2936 -0.8036 -0.5177
vn -0.3492 -0.8695 -0.3493
vn -0.2943 -0.9526 -0.0774
vn -0.1403 -0.9900 -0.0156
vn -0.1087 -0.9940 0.0078
vn -0.1327 -0.9911 0.0078
vn -0.2169 -0.9762 -0.0078
vn -0.1011 -0.9880 0.1167
vn -0.1637 -0.9821 0.0935
vn -0.1400 -0.9802 0.1400
vn -0.1952 -0.9682 0.1562
vn -0.4119 -0.9016 0.1321
vn -0.1469 -0.8816 -0.4485
vn -0.1712 -0.8948 -0.4124
vn -0.2165 -0.9357 -0.2784
vn -0.2407 -0.9626 -0.1242
vn -0.2644 -0.9641 -0.0233
vn -0.2554 -0.9598 -0.1161
vn -0.2716 -0.9624 -0.0000
vn -0.0079 -0.9992 0.0390
vn -0.7964 -0.3826 0.4684
vn -0.9181 -0.2802 0.2802
vn -0.9029 -0.3191 0.2880
vn -0.5486 -0.4232 0.7211
vn -0.7557 -0.3740 0.5376
vn -0.9041 -0.2650 0.3352
vn -0.7547 -0.3657 0.5447
vn -0.9101 -0.2334 0.3423
vn -0.8501 -0.2418 0.4679
vn -0.6653 -0.3678 0.6497
vn -0.7748 -0.2348 0.5870
vn -0.6961 -0.3520 0.6257
vn -0.7929 -0.2277 0.5652
vn -0.5628 -0.5315 0.6331
vn -0.7149 -0.3221 0.6206
vn -0.2967 -0.8041 0.5152
vn -0.2893 -0.7505 0.5942
vn -0.2337 -0.7943 0.5607
vn -0.4150 -0.7203 0.5559
vn -0.5153 -0.6401 0.5699
vn -0.5546 -0.5312 0.6405
vn -0.5256 -0.4628 0.7139
vn -0.3278 -0.5854 0.7415
vn -0.6559 -0.4763 0.5856
vn -0.8189 -0.3899 0.4212
vn -0.1655 -0.6228 0.7647
vn 0.0078 -0.7149 0.6992
vn 0.0078 -0.8427 0.5384
vn -0.1875 -0.8673 0.4610
vn 0.1099 -0.7067 0.6989
vn 0.1882 -0.7214 0.6665
vn 0.1499 -0.6627 0.7337
vn 0.1648 -0.8084 0.5651
vn 0.2898 -0.8929 0.3446
vn 0.0235 -0.9545 0.2973
vn 0.2423 -0.9621 0.1251
vn -0.2022 -0.9643 0.1711
vn -0.0080 -0.9992 0.0391
vn -0.2345 -0.8679 0.4379
vn -0.2026 -0.9509 0.2339
vn -0.1248 -0.9124 0.3899
vn -0.1247 -0.9661 0.2259
vn -0.1173 -0.8287 0.5472
vn -0.2567 -0.9645 0.0622
vn -0.1091 -0.9661 0.2338
vn -0.0937 -0.8905 0.4453
vn -0.0548 -0.8136 0.5789
vn -0.2169 -0.9762 -0.0077
vn -0.1871 -0.9436 0.2730
vn -0.1329 -0.8601 0.4926
vn -0.0313 -0.7736 0.6329
vn -0.1713 -0.7632 0.6230
vn -0.0157 -0.6991 0.7148
vn -0.3662 -0.8650 0.3429
vn -0.4119 -0.9016 0.1322
vn -0.0078 -0.8084 0.5886
vn 0.0627 -0.7763 0.6273
vn 0.1331 -0.7124 0.6890
vn 0.0551 -0.5826 0.8109
vn 0.2433 -0.5807 0.7769
vn 0.3535 -0.4556 0.8170
vn 0.4812 -0.4417 0.7572
vn 0.6407 -0.3560 0.6803
vn 0.7758 -0.2533 0.5779
vn 0.5603 -0.4262 0.7102
vn 0.7049 -0.3485 0.6178
vn 0.4024 -0.5680 0.7179
vn 0.2590 -0.6985 0.6671
vn 0.1412 -0.7844 0.6040
vn 0.1417 -0.7637 0.6298
vn 0.3951 -0.5294 0.7507
vn 0.1257 -0.4871 0.8642
vn 0.1491 -0.6671 0.7299
vn 0.4005 -0.6360 0.6596
vn 0.3382 -0.6999 0.6291
vn 0.5127 -0.5363 0.6704
vn 0.6628 -0.3629 0.6549
vn 0.5992 -0.4257 0.6780
vn 0.7601 -0.2455 0.6017
vn 0.8228 -0.1582 0.5459
vn 0.8625 -0.0870 0.4985
vn 0.8718 -0.0792 0.4835
vn 0.8023 -0.1033 0.5879
vn 0.6735 -0.2218 0.7052
vn 0.4510 -0.3639 0.8150
vn 0.0079 -0.3303 0.9438
vn 0.1660 -0.2688 0.9488
vn 0.1498 -0.1497 0.9773
vn 0.4510 -0.1583 0.8784
vn 0.6755 -0.0954 0.7312
vn 0.8082 -0.1109 0.5784
vn 0.6557 -0.1738 0.7347
vn 0.6722 -0.2293 0.7039
vn 0.4587 -0.2452 0.8541
vn 0.4499 -0.1263 0.8841
vn 0.4516 -0.3011 0.8399
vn 0.3005 -0.2610 0.9174
vn 0.1343 -0.2292 0.9641
vn 0.6912 -0.1827 0.6992
vn 0.4990 -0.2693 0.8237
vn 0.3930 -0.3537 0.8488
vn 0.2124 -0.3697 0.9046
vn 0.0396 -0.3088 0.9503
vn 0.0316 -0.2610 0.9648
vn 0.2527 -0.4264 0.8685
vn 0.4752 -0.3089 0.8239
vn -0.0079 -0.4250 0.9052
vn -0.0158 -0.4660 0.8846
vn -0.2511 -0.3295 0.9101
vn -0.1652 -0.2595 0.9515
vn -0.2746 -0.4237 0.8632
vn 0.0078 -0.4628 0.8864
vn 0.3871 -0.4028 0.8294
vn 0.6406 -0.2452 0.7276
vn -0.3052 -0.4538 0.8372
vn -0.3846 -0.4160 0.8241
vn -0.2818 -0.5322 0.7983
vn 0.0551 -0.5114 0.8576
vn 0.5903 -0.3227 0.7399
vn 0.4650 -0.4965 0.7330
vn 0.1258 -0.6053 0.7860
vn -0.2120 -0.6124 0.7616
vn -0.4378 -0.5394 0.7193
vn -0.4929 -0.4772 0.7276
vn -0.3069 -0.5352 0.7870
vn 0.1891 -0.5752 0.7958
vn 0.4646 -0.5512 0.6930
vn 0.5988 -0.5042 0.6223
vn 0.5836 -0.3943 0.7099
vn 0.6247 -0.4349 0.6485
vn 0.6883 -0.3085 0.6566
vn 0.7169 -0.3702 0.5908
vn -0.1412 -0.6040 0.7844
vn -0.4148 -0.5947 0.6887
vn -0.4397 -0.5338 0.7223
vn -0.3147 -0.5427 0.7787
vn 0.0788 -0.5439 0.8354
vn 0.4256 -0.4965 0.7566
vn 0.6078 -0.4815 0.6315
vn 0.3069 -0.5352 0.7870
vn 0.5156 -0.5077 0.6902
vn 0.6936 -0.4335 0.5754
vn 0.1879 -0.5716 0.7987
vn 0.2988 -0.6133 0.7312
vn 0.5667 -0.5667 0.5981
vn 0.7030 -0.4662 0.5371
vn 0.8215 -0.3396 0.4581
vn 0.8227 -0.3006 0.4825
vn 0.9395 -0.1500 0.3079
vn 0.9243 -0.1738 0.3397
vn 0.9831 -0.0159 0.1824
vn 0.9965 0.0554 0.0633
vn 0.9909 0.1347 -0.0079
vn 0.9762 0.1905 -0.1032
vn 0.9054 -0.1271 0.4050
vn 0.9798 -0.0316 0.1975
vn 0.9871 0.1500 -0.0553
vn 0.9599 0.2459 -0.1348
vn 0.9099 0.3402 -0.2373
vn 0.9317 0.2867 0.2230
vn 0.9689 0.1827 0.1668
vn 0.9487 0.1898 0.2529
vn 0.9718 0.0553 0.2291
vn 0.9921 0.1032 0.0714
vn 0.9671 -0.0159 0.2537
vn 0.9918 0.0476 0.1190
vn 0.9874 0.1580 -0.0079
vn 0.8382 -0.1581 0.5219
vn 0.8707 0.4908 -0.0317
vn 0.9061 0.3735 0.1987
vn 0.8738 0.4846 0.0397
vn 0.8946 0.2217 0.3879
vn 0.9449 0.1270 0.3017
vn 0.8817 -0.0556 0.4686
vn 0.8886 0.3650 0.2777
vn 0.8823 0.2862 0.3736
vn 0.9107 0.0317 0.4118
vn 0.8959 0.1189 0.4281
vn 0.8508 0.0954 0.5168
vn 0.8576 0.0794 0.5082
vn 0.8379 -0.0949 0.5375
vn 0.8581 -0.0715 0.5085
vn 0.1330 -0.9234 0.3600
vn -0.1486 -0.9149 0.3754
vn 0.1721 -0.9005 0.3994
vn -0.1800 -0.8844 0.4305
vn -0.4735 -0.8151 0.3338
vn -0.2269 -0.8919 0.3912
vn 0.1405 -0.9132 0.3825
vn 0.2818 -0.8689 0.4070
vn -0.2635 -0.8451 -0.4652
vn -0.2171 -0.8992 -0.3798
vn -0.1470 -0.8816 -0.4486
vn -0.4033 -0.8762 -0.2637
vn -0.3264 -0.9324 -0.1554
vn -0.5280 -0.8464 0.0699
vn -0.3967 -0.9019 0.1710
vn -0.4843 -0.8202 0.3046
vn -0.4718 -0.8817 -0.0077
vn -0.2478 -0.8132 -0.5266
vn -0.2705 -0.8116 -0.5179
vn -0.3416 -0.8694 -0.3571
vn -0.4407 -0.8891 -0.1237
vn -0.5573 -0.8127 -0.1703
vn -0.3559 -0.7504 -0.5570
vn -0.2100 -0.8321 -0.5133
vn -0.2009 -0.8501 -0.4869
vn -0.1316 -0.7275 -0.6734
vn -0.2167 -0.8823 -0.4179
vn -0.3105 -0.4891 -0.8151
vn -0.4707 -0.6791 -0.5633
vn -0.1699 -0.5713 -0.8030
vn -0.2487 -0.3731 -0.8938
vn -0.1545 -0.4325 -0.8883
vn -0.4735 -0.5046 -0.7219
vn 0.5487 0.6442 0.5328
vn 0.8908 0.0318 0.4533
vn 0.3573 0.5399 0.7621
vn 0.0477 0.7953 0.6044
vn 0.0713 0.8396 0.5386
vn 0.9048 -0.4091 0.1180
vn 0.9579 0.1187 0.2613
vn 0.5261 0.7334 0.4305
vn -0.0475 0.8466 0.5301
vn -0.0079 0.7531 0.6579
vn 0.0790 0.7507 0.6559
vn 0.0553 0.8555 0.5149
vn -0.1263 0.8920 0.4341
vn 0.0317 0.8793 0.4753
vn 0.9379 -0.3468 -0.0000
vn 0.9468 0.2466 0.2069
vn 0.8481 0.4359 0.3012
vn 0.8744 0.3975 0.2782
vn 0.4446 0.8179 0.3653
vn 0.9312 0.3104 0.1910
vn 0.6211 0.7087 0.3345
vn 0.9619 0.1590 0.2226
vn 0.6914 0.4609 0.5563
vn 0.3728 0.5631 0.7376
vn 0.0239 0.8877 0.4597
vn 0.0159 0.9766 0.2144
vn -0.1828 0.9219 0.3417
vn -0.1577 0.8752 0.4573
vn -0.1343 0.9088 0.3951
vn -0.2217 0.9580 0.1821
vn -0.2604 0.9629 0.0710
vn -0.1032 0.9050 0.4128
vn 0.1504 0.9577 0.2454
vn 0.0874 0.9136 0.3972
vn 0.0712 0.9807 0.1819
vn 0.0317 0.9990 0.0317
vn 0.0870 0.9959 0.0237
vn 0.1108 0.7913 0.6014
vn 0.3586 0.2151 0.9084
vn -0.0790 -0.0553 0.9953
vn -0.0079 -0.1976 0.9802
vn 0.2935 -0.0873 0.9520
vn 0.3164 -0.3955 0.8622
vn 0.5935 -0.0951 0.7992
vn -0.0627 -0.5409 0.8387
vn 0.9101 -0.1979 0.3641
vn 0.5499 -0.7148 0.4320
vn 0.0628 -0.9107 0.4082
vn -0.2978 -0.6347 0.7131
vn -0.2677 -0.3700 0.8896
vn -0.2510 -0.1413 0.9576
vn 0.1108 0.7913 0.6013
vn -0.2758 -0.0079 0.9612
vn -0.4823 -0.6923 0.5367
vn -0.4530 -0.2890 0.8434
vn -0.8740 -0.2419 0.4214
vn -0.5830 0.0394 0.8115
vn -0.3643 0.8314 0.4197
vn -0.9035 0.3221 0.2828
vn -0.3779 0.8265 0.4172
vn -0.9555 0.1880 0.2271
vn -0.3011 0.8399 0.4516
vn -0.8993 0.3987 0.1798
vn -0.9088 -0.3806 -0.1709
vn -0.9984 -0.0468 -0.0312
vn -0.7165 0.6142 0.3307
vn -0.9866 -0.1476 0.0699
vn -0.8472 -0.5285 0.0544
vn -0.8623 -0.4739 -0.1787
vn -0.7754 -0.5738 -0.2636
vn -0.4325 -0.8110 -0.3939
vn -0.1738 0.8589 0.4817
vn 0.0398 0.7564 0.6529
vn -0.1707 -0.8844 -0.4344
vn -0.0929 -0.9140 -0.3950
vn 0.0934 -0.8951 -0.4359
vn -0.4189 -0.8534 -0.3103
vn -0.6045 -0.7518 -0.2635
vn -0.6891 -0.6891 -0.2245
vn -0.4172 -0.8574 -0.3013
vn -0.3191 -0.9029 -0.2880
vn -0.1947 -0.9190 -0.3427
vn -0.1470 -0.9514 -0.2707
vn -0.0546 -0.9433 -0.3274
vn 0.4900 -0.8399 -0.2333
vn 0.2795 -0.9085 -0.3106
vn 0.1245 -0.9341 -0.3347
vn 0.1708 -0.9471 -0.2717
vn 0.2636 -0.8993 -0.3489
vn 0.6268 -0.7521 -0.2037
vn 0.1474 -0.9391 -0.3104
vn 0.3112 -0.8636 -0.3968
vn 0.3809 -0.8707 -0.3110
vn 0.6250 -0.7187 -0.3047
vn 0.9282 -0.3618 -0.0865
vn 0.7749 -0.6262 -0.0861
vn 0.9505 -0.2906 -0.1100
vn 0.6826 -0.7061 -0.1883
vn 0.2571 -0.9659 -0.0312
vn -0.0697 -0.9531 -0.2944
vn 0.7543 -0.6443 0.1257
vn 0.9484 -0.3162 -0.0237
vn -0.1867 -0.9645 0.1867
vn -0.5653 -0.7512 -0.3407
vn -0.3242 -0.8799 -0.3473
vn -0.2488 -0.9641 -0.0933
vn -0.4283 -0.8565 0.2881
vn -0.5750 -0.8158 -0.0622
vn -0.7602 -0.6361 0.1319
vn -0.7045 -0.6890 -0.1703
vn -0.9005 -0.4347 -0.0155
vn -0.9798 -0.1944 0.0467
vn -0.9324 -0.3574 -0.0544
vn -0.8926 -0.1331 0.4307
vn -0.9208 -0.0000 0.3901
vn -0.7965 -0.0625 0.6014
vn 0.1662 -0.0950 0.9815
vn -0.4804 -0.0709 0.8742
vn 0.1347 -0.0396 0.9901
vn -0.6663 -0.0392 0.7447
vn -0.8571 -0.0312 0.5142
vn -0.1820 -0.1424 0.9729
vn -0.5346 -0.1808 0.8255
vn -0.6181 -0.2973 0.7277
vn -0.9190 -0.1947 0.3427
vn 0.5729 -0.0080 0.8196
vn 0.5930 -0.1028 0.7986
vn 0.4666 -0.2294 0.8542
vn 0.0158 -0.2996 0.9539
vn -0.1023 -0.3776 0.9203
vn -0.2900 -0.4467 0.8464
vn 0.2678 -0.5198 0.8112
vn 0.4358 -0.3962 0.8082
vn 0.6244 -0.3556 0.6955
vn 0.7342 -0.1026 0.6711
vn 0.6402 -0.4980 0.5849
vn 0.7631 -0.3383 0.5507
vn 0.8111 -0.0716 0.5805
vn 0.7855 0.0079 0.6189
vn 0.6900 0.0555 0.7217
vn 0.8941 -0.1345 0.4273
vn 0.8919 -0.3236 0.3157
vn 0.7555 -0.5745 0.3148
vn 0.4088 -0.8726 0.2673
vn 0.5968 -0.6125 0.5183
vn 0.3041 -0.9511 0.0546
vn -0.2249 -0.9462 -0.2327
vn 0.5646 -0.7998 0.2039
vn 0.9197 -0.2854 0.2696
vn 0.9700 0.0552 0.2366
vn 0.9089 0.0712 0.4110
vn 0.8991 -0.0079 0.4376
vn -0.2248 -0.9069 -0.3565
vn -0.6128 -0.5741 -0.5430
vn 0.1720 -0.9851 -0.0000
vn 0.2109 -0.9684 0.1328
vn 0.3358 -0.9215 0.1952
vn 0.6989 -0.7067 0.1100
vn 0.9653 -0.2611 -0.0000
vn 0.9909 -0.0951 -0.0950
vn 0.9846 0.0079 0.1747
vn 0.9813 -0.0316 0.1899
vn 0.9935 -0.0631 -0.0946
vn 0.9908 -0.0079 0.1348
vn 0.9887 -0.0474 -0.1423
vn 0.9938 0.0158 0.1104
vn 0.9995 -0.0317 0.0080
vn 0.9726 0.0395 0.2293
vn 0.9795 -0.0869 -0.1817
vn 0.9244 0.0395 0.3793
vn 0.8159 0.0951 0.5703
vn 0.9053 0.1509 0.3971
vn 0.9974 -0.0079 0.0712
vn 0.9795 -0.0395 0.1975
vn 0.7931 0.0872 0.6028
vn 0.8549 -0.1900 0.4828
vn 0.6429 -0.1349 0.7540
vn 0.6892 0.1664 0.7052
vn 0.6505 0.0952 0.7536
vn 0.5230 0.0872 0.8479
vn 0.5059 0.0395 0.8617
vn 0.3877 -0.1899 0.9020
vn 0.2535 -0.0396 0.9665
vn 0.3726 0.0317 0.9275
vn 0.6487 -0.2690 0.7120
vn 0.4358 -0.2535 0.8636
vn 0.0474 -0.2292 0.9722
vn 0.1024 -0.0630 0.9927
vn -0.5183 -0.1099 0.8481
vn -0.7747 -0.1330 0.6182
vn -0.3854 -0.2989 0.8730
vn -0.2202 -0.1258 0.9673
vn -0.3946 -0.0789 0.9155
vn -0.7204 -0.0783 0.6891
vn -0.6361 -0.0550 0.7696
vn -0.7952 -0.0079 0.6063
vn -0.6885 -0.2895 0.6650
vn -0.2518 -0.2440 0.9365
vn 0.3803 -0.1585 0.9112
vn 0.6902 -0.1904 0.6981
vn 0.0871 -0.1663 0.9822
vn -0.2524 -0.1025 0.9622
vn -0.7852 -0.1335 0.6046
vn -0.8968 -0.2886 0.3353
vn -0.9700 -0.2328 0.0698
vn -0.9589 -0.2729 0.0779
vn 0.8611 -0.2765 0.4266
vn 0.8992 -0.1893 0.3944
vn 0.8623 -0.0079 0.5063
vn -0.8096 0.0786 0.5817
vn -0.9901 -0.0468 0.1325
vn -0.3075 0.1577 0.9384
vn 0.1502 0.0158 0.9885
vn 0.5249 0.0159 0.8510
vn 0.2210 0.1973 0.9551
vn 0.6731 0.1267 0.7286
vn 0.4376 0.2069 0.8750
vn 0.9279 -0.0000 0.3728
vn 0.9141 -0.0079 0.4054
vn 0.7863 0.0874 0.6116
vn 0.7464 0.1985 0.6352
vn 0.8968 0.2381 0.3730
vn 0.9205 0.0873 0.3809
vn 0.7438 0.1899 0.6409
vn 0.9442 0.0873 0.3174
vn 0.9767 -0.0000 0.2144
vn 0.9953 -0.0790 0.0553
vn 0.9949 -0.0711 0.0711
vn 0.9922 -0.0394 -0.1180
vn 0.9786 -0.1105 -0.1736
vn 0.9744 -0.1336 -0.1807
vn 0.9740 -0.1257 -0.1885
vn 0.9884 -0.1344 0.0712
vn 0.9830 -0.1337 -0.1258
vn 0.9680 -0.2125 -0.1338
vn 0.9662 -0.2534 0.0475
vn 0.9578 -0.2355 -0.1649
vn 0.9714 -0.2290 0.0632
vn 0.9730 -0.1819 -0.1424
vn 0.9599 -0.2203 -0.1731
vn 0.9641 -0.2134 -0.1580
vn 0.9955 -0.0711 -0.0632
vn 0.7400 0.5668 -0.3621
vn 0.8928 0.4188 -0.1659
vn 0.7805 0.4651 -0.4178
vn 0.8392 0.3642 -0.4038
vn 0.6870 0.4896 -0.5370
vn 0.9160 0.3238 -0.2369
vn 0.9597 0.2697 -0.0793
vn 0.9532 0.3019 0.0159
vn 0.9632 0.2684 0.0158
vn 0.9541 0.2942 0.0557
vn 0.9595 0.2775 -0.0476
vn 0.9481 0.2844 -0.1422
vn 0.9390 0.2762 -0.2051
vn 0.9136 0.3308 -0.2363
vn 0.9242 0.3476 -0.1580
vn 0.8777 0.3796 -0.2926
vn 0.8365 0.3630 -0.4104
vn 0.6231 0.5206 -0.5837
vn 0.4809 0.5361 -0.6938
vn 0.4560 0.4717 -0.7547
vn 0.3930 0.3537 -0.8488
vn 0.4779 0.0392 -0.8776
vn 0.7091 0.3310 -0.6226
vn 0.3542 0.6533 -0.6691
vn 0.1655 0.6934 -0.7013
vn 0.3379 0.6209 -0.7073
vn 0.4548 0.5725 -0.6822
vn 0.5335 0.5492 -0.6433
vn 0.5981 0.5745 -0.5588
vn 0.4411 0.6065 -0.6615
vn 0.4262 0.6629 -0.6156
vn 0.3698 0.6687 -0.6451
vn 0.6339 0.6735 -0.3803
vn 0.4639 0.7548 -0.4639
vn 0.2517 0.7550 -0.6056
vn 0.2119 0.7142 -0.6671
vn 0.2518 0.8264 -0.5037
vn 0.7956 0.5887 -0.1432
vn 0.9111 0.4120 0.0079
vn 0.6419 0.7290 -0.2377
vn 0.4968 0.8201 -0.2839
vn 0.9443 0.3174 0.0873
vn 0.8056 0.5923 -0.0158
vn 0.9481 0.2948 0.1195
vn 0.9527 0.2858 0.1032
vn 0.9444 0.3254 0.0476
vn 0.9428 0.3169 0.1030
vn 0.9309 0.3581 0.0716
vn 0.9100 0.4036 -0.0950
vn 0.9425 0.3247 0.0792
vn 0.9479 0.3160 0.0395
vn 0.9533 0.3019 -0.0000
vn 0.9677 0.2459 -0.0555
vn 0.9798 0.1975 -0.0316
vn 0.9895 0.1425 -0.0237
vn 0.9867 0.1500 0.0632
vn 0.9763 0.2143 0.0317
vn 0.9904 0.1347 0.0317
vn 0.9964 0.0791 0.0316
vn 0.9944 0.0947 0.0474
vn 0.9916 0.0954 0.0872
vn 0.9926 0.0635 0.1032
vn 0.9853 0.0634 0.1589
vn 0.3695 0.6840 -0.6290
vn 0.3223 0.7075 -0.6289
vn 0.1259 0.7397 -0.6610
vn -0.6808 0.5556 -0.4773
vn -0.7886 0.4685 -0.3982
vn -0.7340 0.4763 -0.4841
vn -0.5074 0.6323 -0.5855
vn -0.5225 0.6550 -0.5459
vn -0.2194 0.7130 -0.6660
vn -0.3528 0.7214 -0.5959
vn -0.0940 0.7674 -0.6343
vn 0.1416 0.6921 -0.7078
vn 0.5772 0.5614 -0.5930
vn -0.7921 0.3650 -0.4892
vn -0.6165 0.4995 -0.6087
vn -0.8255 0.3583 -0.4361
vn -0.4539 0.6182 -0.6417
vn -0.2117 0.6508 -0.7292
vn 0.1964 0.6362 -0.7461
vn 0.4564 0.5587 -0.6925
vn 0.7915 0.4590 -0.4036
vn 0.7865 0.4247 -0.4483
vn 0.7437 0.4272 -0.5143
vn 0.6773 0.4489 -0.5828
vn 0.3925 0.5888 -0.7066
vn 0.6532 0.4643 -0.5981
vn 0.4017 0.5986 -0.6931
vn 0.6238 0.4498 -0.6392
vn 0.6893 0.5467 -0.4754
vn 0.8209 0.4341 -0.3710
vn 0.8292 0.4107 -0.3791
vn 0.8345 0.3306 -0.4408
vn 0.7741 0.3475 -0.5292
vn 0.8264 0.2518 -0.5037
vn 0.8121 0.1893 -0.5519
vn 0.7239 0.2991 -0.6216
vn 0.7792 0.0787 -0.6218
vn 0.6764 0.2517 -0.6922
vn 0.7070 0.0158 -0.7070
vn 0.6274 0.2510 -0.7372
vn 0.5655 0.0158 -0.8246
vn 0.5108 0.5108 -0.6915
vn 0.5990 0.3862 -0.7015
vn 0.1801 0.5402 -0.8220
vn 0.2266 0.2344 -0.9453
vn 0.3141 0.7850 -0.5339
vn 0.6703 0.5441 -0.5046
vn 0.1983 0.9274 -0.3171
vn 0.5738 0.4952 -0.6524
vn 0.5290 0.6079 -0.5921
vn 0.3537 0.5737 -0.7388
vn -0.0701 -0.0389 -0.9968
vn 0.3209 -0.0235 -0.9468
vn 0.6358 -0.0627 -0.7693
vn 0.8924 0.0316 -0.4502
vn 0.6972 0.6577 -0.2853
vn 0.1579 0.9867 -0.0395
vn -0.0473 0.8668 -0.4964
vn -0.0316 0.9558 -0.2923
vn 0.1335 0.8718 -0.4712
vn -0.2751 0.7939 -0.5423
vn -0.0235 0.6110 -0.7913
vn 0.3303 0.7551 -0.5663
vn 0.4576 0.5838 -0.6706
vn 0.5900 0.4406 -0.6766
vn 0.3932 0.6055 -0.6920
vn -0.4564 0.8892 -0.0315
vn -0.2107 0.6088 -0.7649
vn -0.4144 0.5473 -0.7271
vn -0.1722 0.6182 -0.7669
vn 0.1101 0.6371 -0.7629
vn 0.1175 0.6578 -0.7440
vn -0.6173 0.4454 -0.6485
vn -0.4296 0.5468 -0.7186
vn -0.1650 0.6445 -0.7466
vn 0.0938 0.6961 -0.7118
vn 0.1493 0.7698 -0.6206
vn -0.1805 0.7299 -0.6593
vn -0.4228 0.5794 -0.6968
vn -0.6290 0.4348 -0.6445
vn -0.7537 0.2719 -0.5983
vn -0.7081 0.2256 -0.6691
vn -0.5076 0.5934 -0.6247
vn -0.2823 0.7921 -0.5411
vn -0.5635 0.6183 -0.5479
vn -0.4159 0.5729 -0.7063
vn 0.3910 0.1955 -0.8994
vn 0.5609 0.7188 -0.4107
vn 0.0394 0.9216 -0.3860
vn 0.0079 0.9154 -0.4025
vn -0.5990 0.6145 -0.5134
vn -0.6225 0.5214 -0.5836
vn -0.5560 0.6108 -0.5638
vn -0.6149 0.5215 -0.5915
vn -0.7068 -0.0309 -0.7068
vn -0.7118 0.5006 -0.4927
vn -0.8763 0.0312 -0.4808
vn -0.7610 0.5492 -0.3452
vn -0.4013 0.8415 -0.3618
vn -0.3314 0.9153 -0.2288
vn -0.4703 0.7367 -0.4859
vn -0.5111 0.2788 -0.8131
vn -0.3734 0.2723 -0.8868
vn -0.4282 0.2647 -0.8641
vn -0.5522 0.2022 -0.8088
vn -0.4671 0.2491 -0.8484
vn -0.3718 0.2014 -0.9062
vn -0.5920 0.2804 -0.7556
vn -0.7384 0.3109 -0.5985
vn -0.7243 0.1636 -0.6698
vn -0.5724 -0.0077 -0.8199
vn -0.6221 0.1789 -0.7622
vn -0.7779 -0.1634 -0.6068
vn -0.4906 0.3583 -0.7943
vn -0.6308 0.4517 -0.6309
vn -0.7206 0.4621 -0.5169
vn -0.8335 0.3583 -0.4206
vn -0.8463 0.3184 -0.4270
vn -0.4443 0.3976 -0.8028
vn -0.5521 0.4978 -0.6689
vn -0.3981 0.6167 -0.6791
vn -0.3455 0.6517 -0.6753
vn -0.4667 0.5600 -0.6845
vn -0.5690 0.6081 -0.5536
vn -0.6183 0.4852 -0.6183
vn -0.7079 0.4590 -0.5368
vn -0.8021 0.3816 -0.4594
vn -0.7582 0.3987 -0.5159
vn -0.5371 0.5604 -0.6305
vn -0.6790 0.5152 -0.5230
vn -0.7892 0.4923 -0.3672
vn -0.8900 0.3591 -0.2810
vn -0.8968 0.2886 -0.3353
vn -0.9432 0.2572 -0.2104
vn -0.9358 0.2885 -0.2027
vn -0.9576 0.2725 -0.0934
vn -0.9459 0.3127 -0.0860
vn -0.9267 0.2881 -0.2414
vn -0.5622 0.6404 -0.5232
vn -0.6506 0.6505 -0.3919
vn -0.6885 0.6807 -0.2504
vn -0.8348 0.5149 -0.1950
vn -0.9496 0.3036 -0.0778
vn -0.4379 0.6881 -0.5786
vn -0.4369 0.6243 -0.6476
vn -0.4843 0.7577 -0.4374
vn -0.5331 0.7918 -0.2979
vn -0.5747 0.8031 -0.1575
vn -0.6897 0.7132 -0.1254
vn -0.8513 0.5233 -0.0390
vn -0.9345 0.3505 0.0623
vn -0.9618 0.2737 0.0078
vn -0.9252 0.3607 0.1176
vn -0.9672 0.2496 0.0468
vn -0.9456 0.2970 0.1328
vn -0.8617 0.5013 0.0783
vn -0.7452 0.6668 -0.0078
vn -0.7908 0.6108 0.0392
vn -0.8154 0.5724 0.0863
vn -0.9162 0.3994 0.0313
vn -0.9502 0.3115 -0.0000
vn -0.9555 0.2820 0.0862
vn -0.9289 0.3513 0.1171
vn -0.9278 0.3664 0.0702
vn 0.7691 0.1269 0.6264
vn -0.7042 -0.6655 -0.2476
vn -0.7735 -0.5956 -0.2166
vn -0.6734 -0.7044 -0.2245
vn -0.6273 -0.7357 -0.2556
vn -0.5415 -0.8123 -0.2166
vn -0.3581 -0.8954 -0.2647
vn -0.2633 -0.9137 -0.3097
vn -0.5256 -0.8039 -0.2783
vn -0.6342 -0.7270 -0.2630
vn -0.7601 -0.5973 -0.2560
vn -0.8451 -0.4885 -0.2171
vn -0.8533 -0.4499 -0.2637
vn -0.9166 -0.3495 -0.1942
vn -0.7587 -0.6116 -0.2245
vn -0.4894 -0.8234 -0.2874
vn -0.3948 -0.8593 -0.3251
vn -0.2795 -0.9085 -0.3106
vn -0.2559 -0.9074 -0.3335
vn -0.3268 -0.9026 -0.2801
vn -0.4732 -0.8611 -0.1862
vn -0.6506 -0.7435 -0.1549
vn -0.7882 -0.6105 -0.0773
vn -0.1316 -0.9442 -0.3018
vn -0.1550 -0.9454 -0.2867
vn -0.2398 -0.9514 -0.1934
vn -0.3482 -0.9363 -0.0464
vn -0.5493 -0.8356 0.0077
vn -0.3724 -0.9234 0.0931
vn -0.3115 -0.9347 0.1714
vn 0.0858 -0.9436 -0.3197
vn 0.0389 -0.9801 -0.1945
vn -0.1395 -0.9843 -0.1085
vn -0.1706 -0.9852 0.0155
vn -0.2169 -0.9683 0.1239
vn -0.2184 -0.9592 0.1794
vn 0.3276 -0.8971 0.2964
vn 0.1015 -0.9445 0.3123
vn -0.1637 -0.9434 0.2885
vn 0.1170 -0.9670 0.2262
vn 0.0782 -0.9932 0.0860
vn 0.1249 -0.9911 -0.0468
vn 0.1554 -0.9402 -0.3030
vn 0.3205 -0.9069 -0.2736
vn 0.3353 -0.8890 -0.3119
vn 0.3196 -0.9120 -0.2573
vn 0.3267 -0.9412 -0.0856
vn 0.3603 -0.9320 0.0392
vn 0.3668 -0.9208 0.1326
vn 0.4452 -0.8905 -0.0937
vn 0.4135 -0.8661 -0.2809
vn 0.3890 -0.8870 -0.2490
vn 0.3441 -0.9071 0.2424
vn 0.4080 -0.8629 0.2981
vn 0.4448 -0.8899 0.1015
vn 0.4378 -0.8991 0.0078
vn -0.9321 -0.3107 0.1864
vn -0.7056 0.2980 0.6429
vn -0.8613 0.2427 0.4463
vn -0.5615 0.4824 0.6723
vn -0.3264 -0.8782 -0.3497
vn 0.1716 -0.9047 -0.3900
vn -0.6034 -0.7581 -0.2475
vn -0.5593 -0.8157 -0.1476
vn -0.9333 -0.3578 -0.0311
vn -0.9751 0.0390 0.2184
vn -0.8074 0.1960 0.5565
vn -0.5823 0.2046 0.7868
vn -0.4656 0.1262 0.8760
vn -0.7001 -0.3225 0.6371
vn -0.5230 0.5784 0.6260
vn -0.2298 0.1664 0.9589
vn -0.0873 0.6509 0.7541
vn -0.5576 -0.2905 0.7776
vn -0.8693 0.0313 0.4934
vn -0.8510 0.1015 0.5153
vn -0.8785 0.2353 0.4157
vn -0.9837 -0.0078 0.1796
vn -0.7722 0.4413 0.4571
vn -0.8787 -0.4665 -0.1011
vn -0.9922 -0.1240 0.0155
vn -0.9520 -0.2887 0.1014
vn -0.9876 -0.1555 0.0233
vn -0.9631 -0.1476 0.2252
vn -0.9853 -0.1086 0.1319
vn -0.9963 -0.0000 0.0856
vn -0.9576 0.1791 0.2258
vn -0.8603 0.3363 0.3832
vn -0.7331 0.4730 0.4887
vn -0.9610 -0.1875 0.2032
vn -0.9442 -0.2653 0.1951
vn -0.9572 -0.1712 0.2335
vn -0.9729 0.1245 0.1946
vn -0.8873 0.3141 0.3377
vn -0.7881 0.3941 0.4729
vn -0.8772 0.2272 0.4230
vn -0.9478 0.1331 0.2898
vn -0.5900 0.4406 0.6766
vn -0.6381 0.5120 0.5751
vn -0.3773 0.5975 0.7075
vn -0.7784 0.2359 0.5818
vn -0.8990 -0.0078 0.4378
vn -0.9375 -0.0547 0.3437
vn -0.8441 -0.3204 0.4299
vn -0.7975 -0.1955 0.5708
vn -0.8062 -0.2583 0.5323
vn -0.8847 -0.3523 0.3053
vn -0.7301 -0.0236 0.6830
vn -0.5977 0.2910 0.7471
vn -0.4422 0.4106 0.7974
vn -0.1584 0.5068 0.8474
vn -0.3234 0.3392 0.8834
vn -0.0712 0.4587 0.8857
vn -0.1030 0.5071 0.8557
vn -0.1985 0.4604 0.8652
vn -0.0713 0.6260 0.7765
vn -0.0079 0.7071 0.7071
vn -0.2692 0.6967 0.6650
vn -0.5127 0.3392 0.7887
vn -0.4962 0.0551 0.8664
vn -0.5120 0.1654 0.8429
vn -0.0635 0.6350 0.7699
vn -0.0636 0.7627 0.6436
vn -0.1498 0.7804 0.6070
vn -0.4121 0.6973 0.5864
vn -0.5746 0.5904 0.5668
vn -0.7066 0.2355 0.6673
vn -0.1272 0.7474 0.6520
vn -0.9865 0.0156 -0.1631
vn -0.9891 -0.0779 0.1246
vn -0.9207 0.3901 -0.0078
vn -0.8381 0.3446 0.4229
vn -0.7178 0.6548 0.2367
vn -0.5612 0.7272 0.3952
vn -0.3862 0.7723 0.5044
vn -0.1667 0.7542 0.6351
vn -0.9100 -0.3811 -0.1634
vn -0.9448 -0.3253 -0.0387
vn -0.9310 -0.0155 -0.3647
vn -0.9315 0.2018 -0.3027
vn -0.9354 0.2339 -0.2650
vn -0.9260 -0.2469 -0.2855
vn -0.8642 0.4671 -0.1868
vn -0.8105 0.5845 0.0390
vn -0.6923 0.6847 0.2279
vn -0.5448 0.6632 0.5132
vn -0.2754 0.8418 0.4642
vn -0.8559 0.4476 0.2591
vn 0.0317 0.7672 0.6406
vn -0.0476 0.9131 0.4049
vn -0.1500 0.8921 0.4263
vn -0.1740 0.7196 0.6722
vn -0.9753 0.1639 0.1483
vn -0.7373 0.6589 0.1490
vn -0.9804 0.0624 -0.1867
vn -0.7730 0.6168 -0.1483
vn -0.3398 0.9404 0.0079
vn -0.7611 0.5492 -0.3452
vn -0.2928 0.9022 0.3166
vn -0.7238 0.4800 0.4957
vn -0.3166 0.5461 0.7756
vn -0.3618 -0.1494 0.9202
vn -0.7738 -0.0156 0.6332
vn -0.7535 -0.3611 0.5494
vn -0.9848 0.1016 0.1407
vn -0.9901 -0.1169 -0.0779
vn -0.7609 -0.6056 0.2329
vn -0.9643 -0.2022 -0.1711
vn -0.7199 -0.6888 -0.0851
vn -0.4239 -0.6123 0.6673
vn -0.3968 -0.8635 0.3112
vn -0.4030 -0.9068 -0.1240
vn -0.5256 -0.7498 -0.4019
vn -0.8447 -0.4417 -0.3022
vn -0.9006 -0.1397 -0.4115
vn -0.9572 -0.0311 -0.2879
vn -0.9112 0.1090 -0.3972
vn -0.9734 -0.0700 -0.2180
vn -0.9962 -0.0389 -0.0778
vn -0.9761 -0.2169 -0.0155
vn -0.9791 -0.1477 -0.1398
vn -0.9786 0.0388 -0.2019
vn -0.9388 0.1319 -0.3181
vn -0.8753 0.2556 -0.4105
vn -0.8397 0.2177 -0.4976
vn -0.7708 0.3426 -0.5372
vn -0.9468 -0.3104 -0.0854
vn -0.9531 -0.2325 -0.1937
vn -0.9920 -0.1239 -0.0232
vn -0.9883 -0.1478 -0.0389
vn -0.9401 -0.2331 -0.2487
vn -0.9004 -0.3571 -0.2484
vn -0.9349 -0.3506 0.0545
vn -0.9801 -0.1711 0.1011
vn -0.9155 -0.2426 0.3208
vn -0.9216 -0.3408 0.1859
vn -0.9794 -0.1865 -0.0777
vn -0.9872 -0.1166 0.1088
vn -0.8667 -0.3328 -0.3715
vn -0.8594 -0.4336 -0.2710
vn -0.8567 -0.4985 0.1324
vn -0.8633 -0.4200 0.2800
vn -0.7298 -0.6599 -0.1786
vn -0.7465 -0.4666 -0.4744
vn -0.8820 -0.4101 -0.2321
vn -0.9634 -0.2641 0.0466
vn -0.9590 -0.1481 0.2417
vn -0.8113 -0.5795 -0.0772
vn -0.9067 -0.3952 0.1472
vn -0.9416 -0.2179 0.2568
vn -0.1942 -0.9631 -0.1864
vn -0.3172 -0.8588 -0.4023
vn -0.3718 -0.8830 -0.2866
vn -0.5960 -0.7198 -0.3560
vn -0.5870 -0.7801 -0.2163
vn -0.7371 -0.6750 0.0310
vn -0.8788 -0.4511 0.1555
vn -0.7762 -0.6287 0.0466
vn -0.3103 -0.8842 -0.3490
vn -0.5532 -0.8259 -0.1091
vn -0.5576 -0.8208 -0.1239
vn -0.8709 -0.4899 -0.0389
vn -0.1400 -0.9641 -0.2255
vn 0.1009 -0.9787 -0.1787
vn 0.0936 -0.9748 -0.2027
vn -0.1087 -0.9779 -0.1785
vn -0.2860 -0.9430 -0.1700
vn -0.2177 -0.9251 -0.3110
vn -0.0465 -0.9301 -0.3643
vn -0.0927 -0.9271 -0.3631
vn -0.0622 -0.9558 -0.2875
vn 0.0702 -0.9594 -0.2730
vn -0.0775 -0.9677 -0.2400
vn -0.1087 -0.9940 -0.0078
vn -0.1482 -0.9829 0.1092
vn -0.0234 -0.9738 0.2260
vn -0.3054 -0.7674 0.5638
vn -0.2820 -0.6423 0.7127
vn 0.0235 -0.7224 0.6910
vn -0.0157 -0.8608 0.5087
vn -0.1869 -0.8723 0.4518
vn 0.0078 -0.9235 0.3835
vn -0.1478 -0.9335 0.3267
vn -0.4028 -0.9141 0.0465
vn -0.6189 -0.6962 -0.3636
vn -0.5041 -0.7678 0.3955
vn -0.5070 -0.8035 0.3120
vn -0.4147 -0.5947 0.6887
vn -0.5695 -0.5773 0.5851
vn -0.6389 -0.6389 0.4285
vn -0.7436 -0.6041 0.2866
vn -0.8265 -0.3353 0.4522
vn -0.9290 -0.1717 0.3279
vn -0.8268 -0.3120 0.4680
vn -0.7260 -0.4372 0.5308
vn -0.6895 -0.4544 0.5641
vn -0.7798 -0.4835 0.3977
vn 0.2862 0.8981 0.3338
vn 0.3264 0.9395 0.1035
vn 0.1748 0.9774 0.1192
vn 0.0869 0.9959 0.0237
vn 0.0318 0.9990 0.0317
vn 0.2301 0.9601 0.1587
vn 0.2775 0.9040 0.3251
vn 0.3731 0.8495 0.3731
vn 0.2618 0.8568 0.4443
vn 0.0555 0.8555 0.5149
vn 0.0556 0.9292 0.3653
vn 0.0554 0.9817 0.1821
vn 0.1107 0.7912 0.6014
vn 0.1108 0.7596 0.6409
vn -0.1422 0.9006 0.4108
vn 0.4131 0.8341 0.3655
vn -0.1659 0.8690 0.4661
vn -0.7299 0.6357 0.2512
vn -0.0552 0.7255 0.6861
vn 0.1913 0.7020 0.6860
vn 0.1747 0.7385 0.6512
vn -0.9173 0.2117 0.3371
vn -0.8609 0.1956 0.4696
vn -0.6613 0.2677 0.7007
vn -0.7951 0.2992 0.5275
vn -0.2223 0.3415 0.9132
vn -0.9409 0.2509 0.2274
vn -0.9566 0.0467 0.2877
vn -0.9896 0.0935 0.1091
vn -0.9740 0.0156 0.2260
vn -0.9871 0.1010 0.1244
vn -0.8600 0.1329 0.4926
vn -0.9734 0.0390 0.2258
vn -0.8981 0.1484 0.4139
vn -0.9603 0.0858 0.2655
vn -0.5690 0.2529 0.7825
vn -0.9866 -0.1631 -0.0077
vn -0.9896 -0.0312 -0.1402
vn -0.9931 0.0155 -0.1163
vn -0.0624 -0.9979 -0.0156
vn 0.1550 -0.7752 -0.6124
vn -0.0388 -0.7369 -0.6749
vn 0.2733 -0.8122 0.5154
vn 0.1642 -0.9853 -0.0469
vn -0.0622 -0.9091 -0.4119
vn -0.2792 -0.6981 -0.6593
vn -0.3017 -0.5880 -0.7505
vn -0.0620 -0.6197 -0.7824
vn 0.1863 -0.6751 -0.7139
vn 0.4365 -0.7093 -0.5534
vn 0.3739 -0.9191 -0.1246
vn 0.3439 -0.9378 -0.0469
vn 0.3434 -0.9365 0.0702
vn 0.2412 -0.9337 -0.2646
vn 0.4929 -0.8057 -0.3286
vn 0.6921 -0.6291 -0.3539
vn 0.5460 -0.7331 -0.4055
vn 0.5535 -0.7093 -0.4365
vn 0.0545 -0.9194 -0.3896
vn -0.7354 -0.3990 0.5477
vn -0.4750 -0.8799 -0.0078
vn -0.1864 -0.9631 -0.1942
vn -0.4291 -0.7724 0.4682
vn -0.0785 -0.4552 0.8869
vn -0.1656 0.0394 0.9854
vn -0.5304 -0.3822 0.7567
vn 0.2367 0.0475 0.9704
vn 0.4193 -0.1977 0.8861
vn 0.4039 0.1901 0.8949
vn 0.3249 0.1426 0.9349
vn 0.4109 -0.4108 0.8139
vn 0.6951 0.0079 0.7188
vn 0.5487 0.3579 0.7555
vn 0.6832 -0.1032 0.7229
vn 0.6092 -0.3323 0.7200
vn 0.6237 0.0079 0.7816
vn 0.2547 0.5492 0.7959
vn 0.8921 0.0395 0.4500
vn 0.6364 -0.6442 0.4242
vn 0.8921 -0.4026 0.2053
vn 0.7961 0.2707 0.5413
vn 0.8016 0.0555 0.5952
vn 0.8507 -0.2599 0.4569
vn 0.9141 -0.0000 0.4054
vn 0.9599 0.0397 0.2776
vn 0.9691 -0.2363 0.0709
vn 0.6338 -0.7668 -0.1017
vn 0.9231 0.1592 0.3501
vn 0.8625 0.0871 0.4985
vn 0.9428 0.1585 0.2931
vn 0.9783 -0.1341 0.1578
vn 0.8679 -0.4891 -0.0868
vn 0.2563 -0.8852 -0.3883
vn -0.2638 -0.8689 -0.4189
vn 0.6653 0.4911 0.5624
vn 0.9827 0.1347 0.1268
vn 0.9560 -0.2923 0.0237
vn 0.9859 -0.0237 0.1656
vn 0.9827 -0.1268 0.1348
vn 0.8943 -0.4474 0.0078
vn 0.5378 -0.8029 -0.2572
vn -0.2942 -0.8594 -0.4181
vn -0.5652 -0.6969 -0.4414
vn 0.7135 -0.6978 -0.0627
vn 0.9616 0.0477 0.2702
vn 0.9144 0.2863 0.2863
vn 0.9304 0.0795 0.3578
vn 0.2057 0.6880 0.6959
vn 0.6292 0.5575 0.5416
vn 0.8395 0.3802 0.3881
vn 0.8164 0.3963 0.4201
vn 0.8560 0.3012 0.4201
vn 0.9033 0.0872 0.4200
vn 0.7643 0.3503 0.5414
vn 0.6594 0.4687 0.5879
vn 0.8417 0.1588 0.5161
vn 0.8484 -0.0793 0.5233
vn 0.8568 -0.1983 0.4760
vn 0.9052 -0.2302 0.3573
vn 0.0079 0.6189 0.7855
vn 0.3251 0.5154 0.7929
vn 0.3898 0.5887 0.7081
vn 0.6038 0.3972 0.6912
vn 0.6981 0.2618 0.6664
vn 0.7978 0.0553 0.6003
vn 0.0951 0.5467 0.8319
vn 0.0792 0.7128 0.6969
vn 0.1266 0.4117 0.9025
vn 0.1743 0.4435 0.8792
vn 0.4367 0.3176 0.8417
vn 0.6351 0.1667 0.7542
vn 0.5558 0.0953 0.8258
vn 0.3503 0.3105 0.8837
vn 0.7291 -0.0634 0.6815
vn 0.7240 -0.0875 0.6842
vn 0.6896 0.0634 0.7214
vn 0.4676 0.4756 0.7451
vn 0.1595 0.6778 0.7177
vn 0.8341 -0.4092 0.3699
vn -0.1422 0.7346 0.6635
vn 0.0634 0.7291 0.6815
vn 0.2303 0.7304 0.6431
vn 0.5009 0.6758 0.5407
vn 0.7202 0.3007 0.6252
vn 0.5487 0.6442 0.5329
vn 0.7941 0.3335 0.5082
vn 0.7453 -0.2854 0.6026
vn 0.6482 -0.1660 0.7431
vn 0.6133 -0.5425 0.5740
vn 0.7917 -0.1979 0.5779
vn 0.6405 -0.0395 0.7670
vn 0.7229 -0.2066 0.6593
vn 0.7633 -0.1511 0.6281
vn 0.8636 -0.2535 0.4358
vn 0.8175 -0.1191 0.5635
vn 0.8246 -0.0555 0.5629
vn 0.8067 -0.1582 0.5694
vn 0.8872 -0.2614 0.3802
vn -0.4414 -0.3252 -0.8363
vn -0.1163 -0.1784 -0.9771
vn 0.0778 -0.3890 -0.9180
vn -0.0156 -0.1871 -0.9822
vn 0.0390 -0.1794 -0.9830
vn -0.0934 -0.3657 -0.9260
vn -0.7977 -0.1317 -0.5886
vn -0.6990 -0.1087 -0.7068
vn -0.5892 -0.6436 -0.4885
vn -0.1239 -0.8208 -0.5576
vn -0.1240 -0.7283 -0.6740
vn -0.1858 -0.3408 -0.9216
vn 0.1710 -0.1088 -0.9792
vn 0.3119 -0.1638 -0.9359
vn 0.1400 -0.0700 -0.9877
vn 0.5561 -0.0392 -0.8302
vn -0.2015 -0.9533 -0.2248
vn -0.1091 -0.9581 -0.2648
vn -0.1855 -0.7574 -0.6260
vn 0.2183 -0.2183 -0.9512
vn 0.6500 -0.0235 -0.7596
vn 0.8830 -0.0631 -0.4651
vn 0.8825 0.0709 -0.4649
vn 0.9778 0.0710 -0.1971
vn 0.5564 -0.3527 -0.7523
vn 0.1170 -0.6865 -0.7177
vn 0.0078 -0.9455 -0.3255
vn -0.0388 -0.9933 -0.1086
vn -0.0311 -0.9944 -0.1010
vn 0.3048 -0.9146 -0.2658
vn 0.8541 -0.2665 -0.4466
vn 0.9696 0.1340 -0.2049
vn 0.9918 0.1111 -0.0635
vn 0.9952 -0.0237 -0.0948
vn 0.8561 -0.4948 -0.1492
vn -0.0078 -0.9975 -0.0701
vn 0.0156 -0.9974 -0.0701
vn 0.2183 -0.9744 -0.0546
vn 0.7847 -0.6199 0.0078
vn 0.9658 0.2533 -0.0554
vn -0.0312 -0.9995 -0.0078
vn -0.0156 -0.9998 0.0078
vn 0.2333 -0.9721 0.0233
vn 0.6971 -0.6657 0.2663
vn 0.9921 -0.0397 0.1191
vn 0.8951 0.2455 0.3723
vn 0.9473 0.2866 0.1433
vn 0.8017 0.3811 0.4604
vn 0.6813 -0.1268 0.7209
vn 0.4679 0.3567 0.8086
vn 0.4368 0.6035 0.6671
vn 0.3419 0.4611 0.8188
vn 0.9567 0.2135 0.1977
vn 0.9665 0.2535 0.0396
vn 0.9844 0.1667 0.0556
vn 0.9981 0.0475 0.0396
vn 0.9901 0.0396 0.1346
vn 0.9972 0.0396 0.0633
vn 0.9909 -0.0157 -0.1337
vn 0.9653 -0.0633 -0.2532
vn 0.7425 -0.1329 -0.6565
vn 0.2649 -0.1636 -0.9503
vn -0.0698 -0.1008 -0.9925
vn -0.3487 -0.1162 -0.9300
vn -0.8162 -0.0544 -0.5752
vn -0.8848 -0.0155 -0.4657
vn -0.9105 -0.1401 -0.3891
vn -0.7433 -0.6426 -0.1858
vn -0.9949 0.0544 -0.0855
vn -0.8621 0.4310 0.2665
vn -0.9919 0.1249 -0.0234
vn -0.9751 0.0390 -0.2184
vn -0.5437 0.3467 0.7643
vn -0.2534 0.6177 0.7444
vn -0.8832 0.2814 0.3752
vn -0.9719 -0.2333 0.0311
vn -0.5581 -0.8294 -0.0233
vn -0.1638 -0.9828 -0.0858
vn -0.8907 -0.4182 0.1781
vn -0.3243 0.4668 0.8228
vn 0.3573 0.4049 0.8416
vn -0.7872 -0.1715 0.5924
vn -0.3574 -0.9246 0.1321
vn -0.0000 0.3090 0.9511
vn 0.5251 0.1989 0.8275
vn 0.1024 -0.2283 0.9682
vn -0.4027 0.5132 0.7580
vn -0.8239 0.2119 0.5256
vn -0.3319 0.2529 0.9088
vn 0.2690 0.2373 0.9335
vn 0.4773 0.4614 0.7478
vn 0.2698 0.3889 0.8809
vn -0.4895 0.3868 0.7815
vn 0.2532 0.0633 0.9653
vn -0.2447 -0.1658 0.9553
vn 0.5044 -0.3862 0.7723
vn 0.1648 -0.4630 0.8709
vn 0.6757 0.2067 0.7076
vn 0.2227 0.1988 0.9544
vn -0.5358 0.3231 0.7801
vn -0.6463 0.4728 0.5990
vn -0.7484 0.4018 0.5278
vn -0.7921 0.2666 0.5490
vn -0.4641 0.1888 0.8654
vn -0.0159 0.1746 0.9845
vn -0.0239 0.4375 0.8989
vn -0.1819 0.6248 0.7593
vn -0.4574 0.3786 0.8046
vn 0.1028 0.4033 0.9093
vn 0.3418 0.4611 0.8189
vn 0.4367 0.6035 0.6671
vn 0.4676 0.3568 0.8087
vn 0.6814 -0.1268 0.7209
vn 0.8040 0.2627 0.5334
vn 0.8018 0.3810 0.4604
vn 0.6138 0.4543 0.6456
vn 0.1902 0.4200 0.8874
vn 0.1508 0.5318 0.8334
vn 0.6272 0.3890 0.6748
vn 0.2295 0.4510 0.8625
vn 0.5140 0.1819 0.8383
vn 0.8622 0.0158 0.5063
vn 0.9349 0.1426 0.3249
vn 0.9289 0.1905 0.3176
vn -0.1189 0.4121 0.9034
vn -0.3149 0.4802 0.8187
vn -0.2766 0.5690 0.7744
vn -0.0316 0.5061 0.8619
vn 0.9783 -0.1341 0.1579
vn 0.9769 0.1112 0.1827
vn 0.9972 -0.0395 0.0634
vn 0.9901 0.0396 0.1347
vn 0.9898 -0.1346 -0.0475
vn 0.9979 -0.0634 0.0158
vn 0.9987 -0.0159 0.0476
vn 0.9996 0.0159 -0.0238
vn 0.9024 -0.0785 -0.4237
vn 0.8751 -0.1025 -0.4730
vn 0.8495 -0.2197 -0.4797
vn 0.9615 -0.1261 -0.2443
vn 0.8007 -0.2198 -0.5573
vn 0.7116 -0.2033 -0.6725
vn 0.7498 -0.1328 -0.6482
vn 0.6041 -0.2824 -0.7452
vn 0.5097 -0.2744 -0.8154
vn 0.5522 -0.2566 -0.7933
vn 0.4992 -0.2028 -0.8424
vn 0.3422 -0.2878 -0.8945
vn 0.1629 -0.3490 -0.9229
vn 0.1554 -0.3263 -0.9324
vn 0.2183 -0.2495 -0.9434
vn -0.1399 -0.3108 -0.9401
vn -0.4717 -0.3943 -0.7887
vn -0.1552 -0.2560 -0.9541
vn -0.2637 -0.1862 -0.9465
vn 0.1716 -0.1404 -0.9751
vn 0.3914 -0.1487 -0.9081
vn 0.5562 -0.1645 -0.8146
vn 0.5091 -0.1096 -0.8537
vn -0.4879 -0.3175 -0.8131
vn -0.5196 -0.2327 -0.8221
vn -0.5653 -0.1394 -0.8130
vn -0.7221 -0.0311 -0.6911
vn -0.7332 -0.1080 -0.6714
vn -0.6968 -0.2245 -0.6813
vn -0.7939 -0.3083 -0.5241
vn -0.8623 0.0388 -0.5049
vn -0.9455 0.0078 -0.3255
vn -0.8839 -0.0465 -0.4653
vn -0.8787 -0.1011 -0.4666
vn -0.9622 -0.0931 -0.2560
vn -0.9278 -0.3093 -0.2088
vn -0.7739 -0.5185 -0.3637
vn -0.8312 -0.5360 -0.1476
vn -0.6737 -0.4569 -0.5808
vn -0.6336 -0.5949 -0.4945
vn -0.6506 -0.7590 0.0232
vn -0.8974 -0.4410 -0.0155
vn -0.2183 -0.9668 -0.1325
vn 0.0155 -0.9852 -0.1706
vn -0.1870 -0.9819 0.0311
vn -0.9610 -0.0542 -0.2712
vn -0.9941 -0.0388 -0.1010
vn -0.9590 -0.0390 -0.2807
vn -0.9931 -0.0155 -0.1164
vn 0.3696 0.6840 -0.6289
vn 0.4490 0.6773 -0.5828
vn 0.5602 0.6312 -0.5365
vn 0.3163 0.7275 -0.6089
vn 0.3468 0.7408 -0.5753
vn 0.1491 0.7767 -0.6120
vn 0.7993 0.4590 -0.3878
vn 0.7506 0.4978 -0.4346
vn 0.5341 0.6911 -0.4869
vn 0.2048 0.8192 -0.5356
vn -0.0944 0.8021 -0.5897
vn -0.3067 0.7471 -0.5898
vn -0.3529 0.7214 -0.5959
vn -0.4994 0.6788 -0.5384
vn -0.3385 0.7793 -0.5274
vn -0.1177 0.8474 -0.5178
vn 0.0630 0.8423 -0.5353
vn 0.5053 0.7264 -0.4658
vn 0.7031 0.5688 -0.4266
vn 0.7741 0.4818 -0.4107
vn 0.7998 0.4831 -0.3563
vn 0.7556 0.5510 -0.3542
vn 0.7256 0.6074 -0.3234
vn 0.6977 0.6500 -0.3013
vn 0.8574 0.4012 -0.3225
vn 0.8233 0.4354 -0.3641
vn 0.9419 0.2770 -0.1900
vn 0.8782 0.3719 -0.3007
vn 0.8436 0.4100 -0.3469
vn 0.1172 0.6327 -0.7655
vn -0.5679 0.4901 -0.6613
vn -0.8900 0.2811 -0.3591
vn -0.9572 0.1712 -0.2335
vn -0.9911 0.0859 -0.1014
vn -0.9659 -0.0701 0.2492
vn -0.9851 -0.0543 0.1629
vn -0.9940 0.0155 0.1087
vn -0.9973 0.0701 0.0234
vn -0.9996 0.0155 0.0235
vn -0.9887 0.1324 -0.0701
vn -0.9479 0.2253 -0.2253
vn -0.9699 0.1940 -0.1474
vn -0.9201 0.2885 -0.2651
vn -0.8846 0.3259 -0.3336
vn -0.8311 0.3651 -0.4195
vn -0.8268 0.3978 -0.3978
vn -0.9956 0.0933 -0.0000
vn -0.9784 0.1708 -0.1165
vn -0.9249 0.2876 -0.2487
vn -0.8673 0.3673 -0.3360
vn -0.8435 0.4061 -0.3514
vn -0.9877 -0.0156 0.1555
vn -0.1742 0.0713 0.9821
vn 0.1984 0.0873 0.9762
vn -0.0791 0.0474 0.9957
vn 0.8651 0.0397 0.5000
vn 0.8344 -0.0556 0.5483
vn 0.9802 -0.0790 0.1818
vn 0.5960 0.0239 0.8026
vn 0.5654 0.1433 0.8123
vn 0.2783 0.1113 0.9540
vn 0.1425 0.0158 0.9897
vn -0.0634 -0.0238 0.9977
vn 0.1973 -0.0553 0.9788
vn -0.1661 -0.1028 0.9807
vn -0.0947 -0.0473 0.9944
vn 0.2380 -0.0794 0.9680
vn 0.6321 -0.1580 0.7586
vn 0.9316 -0.2053 0.3000
vn 0.9704 -0.2367 -0.0474
vn 0.9830 -0.1258 -0.1337
vn 0.9258 -0.2511 -0.2824
vn 0.6593 -0.1805 -0.7299
vn 0.8801 -0.1336 -0.4557
vn 0.8736 -0.1889 -0.4486
vn 0.9821 -0.0713 -0.1743
vn 0.4755 -0.0000 0.8797
vn 0.5641 0.1589 0.8103
vn 0.7860 0.1350 0.6034
vn 0.9472 0.0553 0.3157
vn 0.8887 -0.0472 -0.4561
vn 0.6565 -0.1329 -0.7425
vn 0.3883 -0.1941 -0.9009
vn 0.6658 -0.0548 -0.7441
vn 0.2333 -0.1244 -0.9644
vn 0.4199 -0.1011 -0.9019
vn 0.4469 -0.0392 -0.8937
vn 0.6440 0.0707 -0.7618
vn 0.9183 0.0792 -0.3879
vn 0.9915 0.0315 -0.1259
vn 0.9560 0.0237 0.2923
vn 0.9034 -0.1981 0.3804
vn 0.9077 -0.0868 0.4105
vn 0.9638 -0.0553 0.2607
vn 0.9341 -0.0792 0.3482
vn 0.9973 -0.0712 -0.0158
vn 0.9820 -0.1030 0.1584
vn 0.9242 -0.1018 -0.3681
vn 0.7631 0.0393 -0.6451
vn 0.9223 -0.1103 -0.3704
vn 0.2501 0.1172 -0.9611
vn 0.1717 0.0547 -0.9836
vn 0.3204 0.0547 -0.9457
vn 0.5898 -0.0943 -0.8020
vn 0.7234 -0.1730 -0.6684
vn 0.9452 -0.1103 -0.3072
vn 0.4524 -0.1794 -0.8736
vn 0.5547 -0.1797 -0.8124
vn 0.2505 -0.1018 -0.9628
vn -0.0701 0.1324 -0.9887
vn -0.0313 0.2110 -0.9770
vn -0.0856 -0.0233 -0.9961
vn 0.0546 -0.2183 -0.9744
vn 0.2717 -0.3183 -0.9082
vn 0.4705 -0.2195 -0.8547
vn -0.0389 -0.4593 -0.8874
vn -0.3284 0.2346 -0.9149
vn -0.4108 0.0930 -0.9070
vn -0.2945 -0.0697 -0.9531
vn -0.2711 -0.3021 -0.9139
vn -0.2789 -0.5345 -0.7978
vn -0.4730 -0.3722 -0.7986
vn -0.5605 -0.0700 -0.8252
vn -0.6928 0.0856 -0.7161
vn -0.6505 0.2168 -0.7279
vn -0.6444 0.2019 -0.7376
vn -0.1562 0.1952 -0.9682
vn -0.9304 -0.0388 -0.3644
vn -0.7677 -0.2327 -0.5971
vn -0.9336 -0.2023 -0.2957
vn -0.7838 -0.0155 -0.6208
vn -0.4032 -0.0077 -0.9151
vn 0.0546 -0.0390 -0.9977
vn -0.9464 -0.2638 -0.1863
vn -0.9937 -0.0932 -0.0621
vn -0.6420 -0.3945 -0.6574
vn -0.4333 -0.3559 -0.8280
vn -0.0078 -0.2572 -0.9663
vn 0.2183 -0.2183 -0.9511
vn -0.2024 -0.3970 -0.8952
vn 0.1484 -0.2655 -0.9526
vn 0.7685 -0.2117 -0.6038
vn 0.4609 -0.1484 -0.8749
vn 0.1552 -0.1397 -0.9780
vn -0.1238 -0.1857 -0.9748
vn -0.4712 -0.2627 -0.8420
vn 0.6334 -0.1877 -0.7507
vn 0.2029 -0.0858 -0.9754
vn -0.1939 -0.0853 -0.9773
vn -0.7206 -0.1627 -0.6740
vn -0.8227 -0.3260 -0.4657
vn -0.9236 -0.3570 -0.1397
vn -0.9339 -0.3010 -0.1930
vn -0.9321 -0.2097 -0.2952
vn -0.8391 -0.0000 -0.5439
vn -0.4596 0.0156 -0.8880
vn -0.3727 0.1475 -0.9162
vn -0.9370 0.0774 -0.3407
vn -0.9829 0.1092 -0.1482
vn -0.9896 0.0312 -0.1403
vn -0.9747 -0.0541 -0.2167
vn -0.9452 0.3047 -0.1173
vn -0.9084 0.1553 -0.3882
vn -0.7845 0.1321 -0.6059
vn 0.2028 0.3744 -0.9048
vn 0.4928 0.3286 -0.8057
vn 0.6776 0.5200 -0.5200
vn -0.0078 0.2334 -0.9724
vn 0.2737 0.1721 -0.9463
vn -0.0078 0.1871 -0.9823
vn 0.4222 0.2033 -0.8834
vn -0.4205 0.1869 -0.8878
vn -0.7079 0.3034 -0.6379
vn -0.4754 0.1091 -0.8730
vn -0.6724 -0.4792 -0.5642
vn -0.8188 -0.0540 -0.5716
vn -0.7917 0.2639 -0.5510
vn -0.3507 0.2961 -0.8884
vn -0.3361 0.3049 -0.8911
vn -0.9029 -0.3503 -0.2491
vn -0.9455 -0.2015 -0.2557
vn -0.9560 0.1555 -0.2487
vn -0.8722 0.3894 -0.2959
vn -0.9745 0.2105 -0.0780
vn -0.9617 -0.1939 -0.1939
vn -0.8137 -0.4650 -0.3487
vn -0.9675 -0.1626 -0.1936
vn -0.4326 -0.8960 -0.1004
vn -0.2327 -0.9462 -0.2249
vn 0.1792 -0.9659 -0.1869
vn -0.8798 0.0156 -0.4750
vn -0.9641 -0.0233 -0.2644
vn -0.7631 -0.0078 -0.6463
vn -0.6168 -0.1927 -0.7632
vn -0.2241 -0.1777 -0.9582
vn -0.2334 0.0078 -0.9724
vn -0.0156 -0.0234 -0.9996
vn 0.1555 0.0311 -0.9873
vn 0.0233 -0.5052 -0.8627
vn 0.1169 -0.3117 -0.9430
vn -0.0545 0.0545 -0.9970
vn -0.1326 0.0312 -0.9907
vn -0.3959 -0.0621 -0.9162
vn -0.5845 0.0390 -0.8105
vn -0.0777 -0.1399 -0.9871
vn 0.0622 0.0855 -0.9944
vn 0.6584 0.1097 -0.7446
vn 0.6416 0.0156 -0.7668
vn -0.8778 -0.0699 -0.4739
vn 0.3031 -0.0933 -0.9484
vn 0.7937 -0.0629 -0.6051
vn 0.0702 -0.2106 -0.9750
vn 0.6704 -0.1169 -0.7327
vn 0.4675 -0.3350 -0.8181
vn 0.9715 -0.0079 -0.2370
vn 0.6522 -0.7151 -0.2514
vn 0.8306 -0.1332 -0.5407
vn 0.5874 -0.5953 -0.5483
vn 0.1558 -0.9111 -0.3816
vn -0.0467 -0.4591 -0.8871
vn -0.0546 -0.1793 -0.9823
vn -0.6678 -0.2563 -0.6988
vn -0.0467 -0.7693 -0.6372
vn 0.0389 -0.9871 -0.1555
vn 0.0155 -0.8355 -0.5493
vn 0.0233 -0.3966 -0.9177
vn -0.1089 -0.2099 -0.9716
vn 0.0312 -0.9992 -0.0234
vn 0.0701 -0.9961 -0.0544
vn 0.9659 -0.2512 -0.0628
vn 0.4125 -0.9106 -0.0233
vn 0.0234 -0.9996 0.0156
vn -0.0545 -0.9978 0.0390
vn 0.0078 -0.9998 0.0156
vn -0.3348 -0.9422 0.0156
vn -0.7883 -0.5487 -0.2782
vn 0.2257 -0.9727 0.0545
vn 0.0233 -0.9954 0.0933
vn 0.0389 -0.9968 0.0701
vn -0.0000 -0.8864 0.4628
vn -0.1015 -0.9609 0.2578
vn 0.2657 -0.9456 0.1876
vn 0.8185 -0.5666 0.0944
vn 0.9872 0.1579 -0.0237
vn 0.9745 -0.1189 0.1902
vn 0.6772 -0.4961 0.5434
vn 0.0626 -0.9620 0.2659
vn -0.1971 -0.4098 0.8906
vn 0.4576 -0.4656 0.7575
vn -0.4104 0.2526 0.8762
vn -0.1970 -0.4099 0.8906
vn -0.4386 -0.1566 0.8849
vn 0.0473 -0.1103 0.9928
vn 0.3408 0.3092 0.8878
vn 0.8240 0.1981 0.5309
vn 0.9495 0.2611 0.1741
vn 0.8717 0.4755 0.1188
vn 0.9913 0.1190 0.0555
vn 0.9279 0.1507 0.3410
vn 0.9527 0.1985 0.2302
vn 0.9979 -0.0158 0.0634
vn 0.7712 0.2942 0.5645
vn 0.7863 0.4369 0.4369
vn 0.9624 0.0954 0.2545
vn 0.9992 0.0396 0.0079
vn 0.9925 0.0315 -0.1182
vn 0.9667 -0.1729 -0.1886
vn 0.9045 -0.4247 -0.0393
vn 0.9552 -0.2921 0.0474
vn 0.9901 0.0951 -0.1030
vn 0.9558 0.0316 -0.2922
vn 0.9223 0.0079 -0.3863
vn 0.8631 -0.0549 -0.5021
vn 0.7900 -0.5319 -0.3050
vn 0.4945 -0.2512 -0.8321
vn -0.3400 -0.6878 -0.6414
vn 0.2646 -0.4437 -0.8562
vn 0.3823 -0.9049 -0.1873
vn 0.6486 -0.7266 0.2266
vn 0.8233 -0.5225 0.2217
vn 0.8801 -0.4479 0.1572
vn 0.5010 -0.8612 0.0861
vn 0.8984 -0.4334 -0.0710
vn 0.9217 -0.3387 0.1891
vn 0.9088 -0.3319 0.2529
vn 0.9576 -0.0791 0.2770
vn 0.8095 0.0952 0.5794
vn 0.8471 -0.2217 0.4829
vn 0.9570 -0.1266 0.2610
vn 0.9936 0.1025 -0.0473
vn 0.8495 -0.0236 -0.5270
vn 0.5467 -0.1250 -0.8279
vn 0.4468 0.1724 -0.8779
vn 0.0548 0.1017 -0.9933
vn 0.0311 0.2333 -0.9719
vn -0.2405 0.0388 -0.9699
vn 0.5623 -0.6404 -0.5232
vn 0.2186 -0.1249 -0.9678
vn -0.3579 0.0156 -0.9336
vn -0.1710 -0.1632 -0.9717
vn 0.0779 0.0156 -0.9968
vn 0.3278 -0.0312 -0.9442
vn -0.0854 0.0776 -0.9933
vn -0.5563 -0.3245 -0.7650
vn 0.3978 -0.4134 -0.8190
vn 0.5546 -0.3437 -0.7578
vn -0.0854 -0.4580 -0.8848
vn 0.3253 -0.8442 -0.4260
vn 0.5842 -0.6465 -0.4907
vn -0.2864 -0.6658 -0.6890
vn -0.4634 -0.2240 -0.8574
vn -0.2400 -0.8053 -0.5421
vn 0.0701 -0.9968 -0.0389
vn -0.3115 -0.9501 0.0156
vn -0.0078 0.1480 -0.9890
vn 0.0313 0.2035 -0.9786
vn 0.8214 0.3396 -0.4581
vn 0.4884 0.4490 -0.7482
vn 0.9299 0.0398 0.3656
vn 0.7064 -0.2143 0.6746
vn 0.9430 0.3328 0.0079
vn 0.8766 0.4423 -0.1896
vn 0.7719 0.5277 -0.3545
vn 0.8169 0.4917 -0.3014
vn 0.8879 0.3408 -0.3091
vn 0.9316 0.3632 -0.0158
vn 0.8887 0.0472 -0.4561
vn 0.9884 -0.0237 -0.1502
vn 0.8046 0.1972 -0.5601
vn 0.9807 0.1898 -0.0475
vn 0.8903 0.3180 0.3259
vn 0.6974 -0.1268 0.7053
vn 0.1586 0.0873 0.9835
vn -0.2448 -0.2053 0.9476
vn -0.1969 0.2599 0.9453
vn 0.3319 -0.2529 0.9088
vn 0.1894 -0.2604 0.9467
vn 0.6187 0.1586 0.7694
vn 0.8991 0.1432 0.4137
vn 0.9587 -0.0634 0.2773
vn -0.2601 -0.2286 0.9381
vn -0.0475 0.0475 0.9977
vn 0.5213 0.1185 0.8451
vn 0.7530 0.0158 0.6579
vn 0.7067 -0.1112 0.6987
vn 0.3493 -0.0238 0.9367
vn 0.1978 -0.1187 0.9730
vn -0.2122 -0.0707 0.9747
vn -0.3005 -0.0949 0.9490
vn -0.0079 0.0317 0.9995
vn -0.5652 -0.2277 0.7929
vn -0.7512 -0.1174 0.6495
vn -0.6530 0.0551 0.7553
vn -0.5121 0.0236 0.8586
vn -0.8574 0.0156 0.5144
vn -0.9705 -0.1320 0.2018
vn -0.9469 -0.0235 0.3208
vn -0.8661 -0.0234 0.4994
vn -0.9529 0.1719 0.2500
vn -0.9907 0.0312 0.1326
vn -0.9887 -0.0234 0.1479
vn -0.7288 -0.0627 0.6818
vn -0.9694 0.1954 0.1485
vn -0.7132 -0.1254 0.6897
vn -0.9620 -0.1095 0.2501
vn -0.9748 -0.0542 -0.2165
vn -0.9829 0.1092 -0.1481
vn -0.9452 0.3047 -0.1171
vn 0.8623 -0.2452 0.4430
vn 0.4745 -0.2689 0.8382
vn -0.0474 -0.2292 0.9722
vn -0.5100 -0.2197 0.8317
vn -0.8250 -0.2179 0.5214
vn -0.9607 -0.2402 0.1395
vn -0.9541 -0.2793 0.1084
vn -0.8880 -0.2882 0.3583
vn -0.7804 -0.2575 0.5697
vn -0.5186 -0.2515 0.8172
vn -0.6198 -0.1569 0.7689
vn -0.8582 -0.2106 0.4681
vn -0.6665 -0.0314 0.7449
vn -0.9041 -0.1091 0.4131
vn -0.8072 0.0549 0.5878
vn -0.9936 -0.0311 0.1087
vn -0.9349 0.0545 0.3506
vn -0.9890 -0.0078 0.1480
vn -0.9320 0.0392 0.3603
vn -0.9792 -0.1710 0.1088
vn -0.8241 0.0392 0.5651
vn -0.9273 0.0156 0.3740
vn -0.9770 0.0312 0.2110
vn -0.6667 0.0157 0.7451
vn -0.6550 0.0947 0.7497
vn -0.9937 0.0621 -0.0931
vn -0.9939 -0.0699 -0.0854
vn -0.8977 -0.0547 0.4372
vn -0.6599 -0.0864 0.7464
vn -0.3957 0.0237 0.9181
vn -0.3390 -0.2207 0.9145
vn -0.6418 -0.1878 0.7435
vn -0.5625 -0.4219 0.7110
vn -0.7729 -0.3591 0.5231
vn -0.5981 -0.6680 0.4427
vn -0.7165 -0.6698 0.1947
vn -0.8653 -0.1325 0.4834
vn -0.9723 -0.1167 0.2023
vn -0.9897 -0.0545 -0.1325
vn -0.9523 -0.2576 0.1639
vn -0.9440 -0.2089 -0.2553
vn -0.3663 -0.8650 0.3429
vn -0.4120 -0.9015 0.1321
vn -0.3494 -0.8694 -0.3493
vn -0.6499 -0.5958 -0.4719
vn -0.8312 -0.2641 -0.4893
vn -0.8390 -0.0233 -0.5437
vn -0.9297 0.0930 -0.3563
vn -0.9979 -0.0624 -0.0156
vn -0.9606 -0.0620 -0.2711
vn -0.6060 0.0315 0.7948
vn -0.0867 0.0788 0.9931
vn -0.1733 -0.0079 0.9848
vn -0.6058 -0.0393 0.7946
vn -0.2531 -0.0712 0.9648
vn -0.6069 -0.1025 0.7882
vn -0.8847 -0.0626 0.4619
vn -0.9038 -0.0779 0.4207
vn -0.9944 -0.1010 -0.0311
vn -0.8515 -0.2187 0.4765
vn -0.9762 -0.2169 -0.0077
vn -0.8651 -0.3507 0.3585
vn -0.9705 -0.2407 -0.0155
vn -0.9703 -0.1630 -0.1785
vn -0.8507 -0.3980 0.3434
vn -0.9898 -0.1403 0.0234
vn -0.9729 -0.1634 -0.1634
vn -0.9052 -0.4214 0.0546
vn -0.9128 -0.3713 -0.1702
vn -0.9603 -0.2788 -0.0078
vn -0.9533 -0.2248 -0.2015
vn -0.8680 -0.4572 0.1937
vn -0.9853 -0.1707 -0.0000
vn -0.9912 -0.1171 -0.0624
vn -0.9784 -0.1165 -0.1708
vn -0.9894 -0.1402 -0.0390
vn -0.9897 -0.0701 -0.1247
vn -0.9658 -0.1402 -0.2181
vn -0.9388 -0.2017 -0.2793
vn -0.9204 -0.1624 -0.3558
vn -0.8977 -0.2244 -0.3792
vn -0.9173 -0.2488 -0.3109
vn -0.9343 -0.3037 -0.1869
vn -0.9151 -0.4033 -0.0000
vn -0.9212 -0.3871 -0.0387
vn -0.8283 -0.0781 0.5548
vn -0.9066 -0.4184 0.0542
vn -0.8163 -0.5053 0.2799
vn -0.8354 -0.2108 0.5075
vn -0.7789 -0.1558 0.6075
vn -0.6338 -0.3365 0.6964
vn -0.7835 -0.1488 0.6033
vn -0.7748 -0.1644 0.6105
vn -0.6853 -0.4829 0.5451
vn -0.7632 -0.4906 0.4205
vn -0.5719 -0.3917 0.7208
vn -0.4958 -0.2125 0.8420
vn -0.4408 -0.2362 0.8660
vn -0.7040 -0.2034 0.6805
vn -0.7679 -0.1646 0.6191
vn -0.6948 -0.3122 0.6479
vn -0.4402 -0.3144 0.8411
vn -0.6765 -0.2281 0.7002
vn -0.6190 -0.2507 0.7443
vn 0.6556 0.2054 0.7266
vn 0.8596 0.1592 0.4855
vn 0.9577 0.1504 0.2454
vn 0.1905 0.3810 0.9047
vn 0.6124 0.3181 0.7237
vn -0.5433 0.3307 0.7717
vn -0.5666 0.3935 0.7240
vn -0.1975 0.3477 0.9166
vn 0.2535 0.2773 0.9267
vn 0.3573 0.2303 0.9052
vn 0.3011 0.1426 0.9429
vn -0.0947 0.3313 0.9388
vn -0.8109 0.1102 0.5747
vn -0.4510 0.1978 0.8703
vn 0.0636 0.2940 0.9537
vn 0.2220 0.0159 0.9749
vn -0.7944 0.0472 0.6056
vn -0.8206 -0.5187 -0.2400
vn -0.8836 -0.4108 -0.2248
vn -0.8464 -0.5280 0.0699
vn -0.8264 -0.5020 -0.2549
vn -0.8903 -0.3871 -0.2400
vn -0.6834 -0.7300 -0.0078
vn -0.7464 -0.6609 0.0777
vn -0.6275 -0.7747 0.0775
vn -0.6813 -0.7200 0.1316
vn -0.7649 -0.6087 0.2107
vn -0.1856 -0.8894 -0.4177
vn -0.2319 -0.7810 -0.5799
vn -0.1393 -0.8826 -0.4490
vn -0.1703 -0.8127 -0.5573
vn 0.0853 -0.8454 -0.5273
vn 0.1631 -0.9166 -0.3651
vn 0.0388 -0.7765 -0.6289
vn -0.2094 -0.7291 -0.6516
vn 0.2167 -0.7352 -0.6423
vn 0.2020 -0.8392 -0.5050
vn 0.2724 -0.9105 -0.3113
vn 0.1482 -0.9435 -0.2963
vn -0.1086 -0.9391 -0.3260
vn 0.2490 -0.6691 -0.7002
vn 0.1240 -0.6820 -0.7208
vn 0.2952 -0.7690 -0.5670
vn 0.1787 -0.7927 -0.5829
vn -0.2708 -0.8975 -0.3482
vn -0.2554 -0.9210 -0.2941
vn -0.2801 -0.9182 -0.2801
vn -0.3177 -0.6508 -0.6896
vn -0.3101 -0.7521 -0.5815
vn -0.2556 -0.7357 -0.6273
vn -0.7673 -0.5735 -0.2868
vn -0.7094 -0.6631 -0.2390
vn -0.5423 -0.7050 -0.4571
vn -0.5025 -0.4562 -0.7344
vn -0.4791 -0.5642 -0.6724
vn -0.8211 -0.5422 -0.1782
vn -0.7607 -0.4890 -0.4269
vn -0.7349 -0.3868 -0.5570
vn -0.6282 -0.3102 -0.7135
vn -0.6287 -0.3571 -0.6908
vn -0.5650 -0.6656 -0.4876
vn -0.3558 -0.9127 -0.2011
vn -0.6129 -0.5740 -0.5430
vn -0.6926 -0.2490 -0.6770
vn -0.6016 -0.7867 -0.1388
vn -0.9388 -0.1252 0.3208
vn -0.9753 -0.1170 0.1873
vn -0.9546 -0.0157 0.2973
vn -0.9077 -0.3957 0.1398
vn -0.9818 -0.1792 -0.0623
vn -0.6332 -0.6488 0.4221
vn -0.0470 -0.7906 0.6106
vn 0.2678 -0.5199 0.8112
vn -0.2899 -0.4467 0.8464
vn -0.4226 -0.5400 0.7279
vn -0.7340 -0.3437 0.5858
vn -0.8683 -0.3051 0.3911
vn -0.9540 -0.0782 0.2893
vn 0.2651 -0.9124 -0.3119
vn 0.1480 -0.8877 -0.4361
vn 0.1243 -0.9474 -0.2951
vn 0.3584 -0.9272 -0.1091
vn 0.1480 -0.9889 0.0156
vn 0.2724 -0.9495 0.1556
vn 0.6989 -0.7067 0.1099
vn 0.8934 -0.3919 -0.2195
vn 0.7546 -0.6210 -0.2122
vn 0.5769 -0.7484 -0.3274
vn 0.4211 -0.8033 -0.4211
vn 0.1551 -0.7289 -0.6668
vn -0.0387 -0.5345 -0.8443
vn 0.7381 -0.5183 -0.4319
vn 0.6554 -0.6320 -0.4135
vn 0.4348 -0.6289 -0.6445
vn -0.0000 -0.5583 -0.8297
vn -0.3170 -0.4639 -0.8272
vn -0.3100 -0.4650 -0.8293
vn -0.4650 -0.4417 -0.7672
vn 0.4354 -0.5364 -0.7230
vn 0.8003 -0.4080 -0.4394
vn -0.4351 -0.3263 -0.8392
vn -0.4967 -0.2251 -0.8382
vn -0.6499 -0.2863 -0.7041
vn -0.1165 -0.2718 -0.9553
vn -0.0622 -0.3733 -0.9256
vn -0.3636 -0.3791 -0.8509
vn -0.1474 -0.4578 -0.8768
vn 0.0389 -0.5525 -0.8326
vn 0.1867 -0.4824 -0.8558
vn 0.3356 -0.3512 -0.8741
vn 0.4229 -0.2271 -0.8772
vn 0.5013 -0.3995 -0.7676
vn 0.6833 -0.3848 -0.6205
vn 0.9153 -0.2288 -0.3314
vn 0.5617 -0.2965 -0.7724
vn 0.6808 -0.2269 -0.6964
vn 0.6639 -0.3124 -0.6795
vn 0.8335 -0.2280 -0.5032
vn 0.8349 -0.1812 -0.5198
vn 0.7674 -0.0939 -0.6343
vn 0.9403 -0.1264 -0.3161
vn 0.9547 -0.1105 -0.2762
vn 0.8165 -0.0707 -0.5731
vn 0.9350 -0.0786 -0.3457
vn 0.9147 -0.1183 -0.3864
vn -0.5037 -0.1395 -0.8525
vn -0.0000 -0.1871 -0.9823
vn 0.1250 -0.1250 -0.9843
vn 0.5855 -0.2186 -0.7807
vn 0.5244 -0.1018 -0.8454
vn 0.8440 -0.1577 -0.5127
vn 0.9546 -0.1578 -0.2525
vn 0.9887 -0.0475 -0.1424
vn 0.3043 -0.4291 -0.8505
vn -0.1400 -0.5599 -0.8166
vn -0.3497 -0.3653 -0.8627
vn 0.1322 -0.4588 -0.8787
vn 0.5483 -0.4621 -0.6971
vn 0.7793 -0.3385 -0.5274
vn 0.8979 -0.1969 -0.3938
vn 0.9545 -0.1814 -0.2367
vn 0.9995 -0.0317 0.0079
vn 0.9729 -0.1819 -0.1424
vn 0.9604 -0.2047 -0.1889
vn 0.9328 -0.2587 -0.2508
vn 0.9487 -0.2274 -0.2195
vn 0.8651 -0.3303 -0.3775
vn 0.8182 -0.2911 -0.4957
vn 0.6463 -0.3193 -0.6931
vn 0.0856 -0.4046 -0.9105
vn 0.5697 -0.3200 -0.7570
vn -0.0233 -0.3417 -0.9395
vn 0.4437 -0.2647 -0.8562
vn -0.1323 -0.2568 -0.9574
vn -0.0310 -0.3021 -0.9528
vn -0.4734 -0.2173 -0.8536
vn -0.6222 -0.1789 -0.7622
vn -0.9128 -0.1315 -0.3868
vn -0.9643 -0.1711 -0.2022
vn -0.8787 -0.2410 -0.4121
vn -0.7219 -0.2717 -0.6365
vn -0.3575 -0.3575 -0.8628
vn -0.3793 -0.3794 -0.8439
vn -0.6630 -0.4009 -0.6322
vn -0.8392 -0.3263 -0.4351
vn -0.9459 -0.2481 -0.2093
vn -0.9252 -0.2644 -0.2721
vn -0.8614 -0.3182 -0.3958
vn -0.8510 -0.3636 -0.3791
vn -0.6590 -0.4575 -0.5970
vn -0.7837 -0.2871 -0.5509
vn -0.8860 -0.2953 -0.3575
vn -0.7602 -0.1319 -0.6361
vn -0.8802 -0.1776 -0.4401
vn -0.9290 -0.2245 -0.2942
vn -0.9777 -0.2095 -0.0155
vn -0.9486 -0.1477 -0.2799
vn -0.8223 -0.1086 -0.5586
vn -0.6285 -0.0543 -0.7759
vn -0.9980 -0.0546 -0.0312
vn -0.9751 -0.0464 -0.2167
vn -0.9961 -0.0545 0.0700
vn -0.8168 -0.0389 -0.5756
vn -0.8847 -0.1474 -0.4423
vn -0.9099 -0.0467 -0.4122
vn -0.8974 -0.0155 -0.4410
vn -0.8806 -0.1545 -0.4480
vn -0.9006 -0.2873 -0.3261
vn -0.9729 -0.1712 -0.1557
vn -0.8711 -0.3189 -0.3734
vn -0.7452 -0.2794 -0.6055
vn -0.6988 -0.3106 -0.6444
vn -0.7891 -0.3636 -0.4951
vn -0.8038 -0.2473 -0.5410
vn -0.7586 -0.1084 -0.6425
vn -0.8332 0.0078 -0.5529
vn -0.5186 -0.3793 -0.7663
vn -0.5892 -0.3489 -0.7288
vn -0.6671 -0.0233 -0.7446
vn -0.7375 -0.0078 -0.6753
vn -0.5986 -0.0233 -0.8007
vn -0.0778 -0.0544 -0.9955
vn -0.4808 0.0310 -0.8763
vn -0.4184 -0.0543 -0.9066
vn -0.0468 -0.0234 -0.9986
vn 0.5562 -0.0313 -0.8304
vn 0.5708 0.2140 0.7927
vn 0.5250 0.5170 0.6761
vn 0.4128 0.4604 0.7859
vn 0.0797 0.5891 0.8041
vn 0.1107 0.1659 0.9799
vn 0.0397 0.6658 0.7451
vn 0.5258 0.4700 0.7090
vn -0.3853 0.4562 0.8021
vn -0.1979 0.5066 0.8391
vn 0.0159 -0.0238 0.9996
vn 0.7057 0.3727 0.6026
vn 0.6019 0.1029 0.7919
vn 0.1031 0.0794 0.9915
vn -0.5121 0.0157 0.8588
vn -0.4181 0.0473 0.9072
vn -0.2355 -0.1649 0.9578
vn -0.1899 0.0317 0.9813
vn 0.2541 0.2064 0.9449
vn 0.1742 0.4277 0.8870
vn -0.0870 0.3008 0.9497
vn 0.2683 -0.1263 0.9550
vn 0.2211 -0.0868 0.9714
vn -0.5760 0.1815 0.7970
vn -0.1025 0.1340 0.9857
vn -0.9896 -0.1091 -0.0935
vn -0.9999 -0.0156 -0.0000
vn -0.9950 -0.0777 0.0622
vn -0.9800 -0.1711 -0.1011
vn -0.9911 -0.1249 0.0468
vn -0.9842 -0.1550 -0.0852
vn -0.9311 -0.1785 -0.3181
vn -0.9231 -0.2559 -0.2870
vn -0.9572 -0.1712 -0.2335
vn -0.9985 -0.0546 -0.0078
vn -0.9919 -0.0937 0.0859
vn -0.9833 -0.1249 0.1327
vn -0.9813 -0.0701 0.1792
vn -0.9949 0.0078 0.1010
vn -0.9739 -0.1168 0.1948
vn -0.9992 0.0391 -0.0078
vn -0.8866 -0.1555 -0.4355
vn -0.8427 -0.2860 -0.4561
vn -0.8116 -0.2705 -0.5179
vn -0.9418 -0.0311 -0.3347
vn -0.9892 0.0623 -0.1324
vn -0.9958 0.0856 -0.0311
vn -0.9946 0.0932 0.0466
vn -0.9966 0.0545 0.0623
vn -0.9882 0.0778 0.1323
vn -0.9790 0.0621 0.1942
vn -0.9763 0.0937 0.1953
vn -0.7341 -0.3436 0.5857
vn -0.9424 -0.1402 0.3038
vn -0.9717 -0.0389 0.2332
vn -0.9694 0.0391 0.2424
vn -0.9547 -0.0157 0.2973
vn -0.9388 -0.1251 0.3208
vn -0.9271 -0.0234 0.3740
vn -0.9547 0.0078 0.2974
vn -0.9792 0.0156 0.2021
vn -0.9973 -0.0234 0.0701
vn -0.9809 -0.0000 0.1946
vn -0.9353 0.0467 0.3507
vn -0.9127 -0.2011 -0.3558
vn -0.9492 -0.0467 0.3112
vn -0.9132 -0.2420 0.3278
vn -0.9052 -0.2965 0.3043
vn -0.6915 0.6994 0.1808
vn -0.6746 0.7138 0.1883
vn -0.7147 0.6833 0.1492
vn -0.6360 0.7538 0.1649
vn -0.6610 0.7397 0.1259
vn -0.7452 0.6668 -0.0000
vn -0.8347 0.5461 -0.0702
vn -0.9115 0.3739 -0.1714
vn -0.4571 0.8826 0.1103
vn -0.6412 0.7664 0.0391
vn -0.8041 0.5777 -0.1405
vn -0.8391 0.5050 -0.2020
vn -0.9118 0.3429 -0.2260
vn -0.8878 0.4206 -0.1869
vn -0.9551 0.2096 -0.2096
vn -0.9434 0.2885 -0.1637
vn -0.9430 0.3195 -0.0935
vn -0.8123 0.5467 -0.2031
vn -0.7697 0.6048 -0.2042
vn -0.7519 0.6423 -0.1488
vn -0.7461 0.6362 -0.1963
vn -0.7652 0.6246 -0.1562
vn -0.7100 0.6867 -0.1560
vn -0.6984 0.6905 -0.1883
vn -0.6509 0.7137 -0.2588
vn -0.6501 0.7519 -0.1097
vn -0.6456 0.7637 -0.0000
vn -0.6725 0.7351 0.0860
vn -0.5210 0.8526 -0.0395
vn -0.1259 0.9916 0.0309
vn -0.4267 0.9009 0.0790
vn -0.1108 0.9812 -0.1583
vn 0.2924 0.9563 -0.0079
vn -0.4311 0.8621 -0.2665
vn -0.7372 0.6667 -0.1098
vn -0.1030 0.9901 0.0950
vn -0.7067 0.6989 0.1099
vn -0.7375 0.6747 -0.0314
vn -0.7666 0.5945 -0.2425
vn -0.7203 0.6498 -0.2427
vn -0.8423 0.4602 -0.2808
vn -0.8735 0.3978 -0.2807
vn -0.8015 0.4669 -0.3735
vn -0.7740 0.5316 -0.3440
vn -0.8256 0.5296 -0.1947
vn -0.7689 0.6355 -0.0706
vn -0.6995 0.7073 0.1022
vn -0.9346 0.3116 -0.1714
vn -0.8659 0.4914 0.0936
vn -0.8781 0.4782 0.0157
vn -0.7731 0.6326 0.0469
vn -0.8192 0.5514 0.1576
vn -0.7307 0.6679 0.1414
vn -0.7476 0.6453 0.1574
vn -0.9122 0.1481 0.3821
vn -0.8582 0.3386 0.3858
vn -0.8525 0.4067 0.3285
vn -0.8716 0.4161 0.2591
vn -0.8834 0.4143 0.2189
vn -0.9207 0.3902 -0.0078
vn -0.9234 0.3600 0.1331
vn -0.9142 0.3360 0.2266
vn -0.9017 0.3058 0.3058
vn -0.8754 0.2736 0.3986
vn -0.8493 0.2910 0.4404
vn -0.9214 0.1484 0.3592
vn -0.9372 0.1952 0.2890
vn -0.8160 0.1804 0.5492
vn -0.8984 0.0391 0.4375
vn -0.9335 0.0233 0.3578
vn -0.9589 0.1013 0.2651
vn -0.9509 0.2338 0.2026
vn -0.8572 -0.1558 0.4909
vn -0.7921 -0.2117 0.5725
vn -0.9014 -0.0392 0.4311
vn -0.9690 0.0782 0.2344
vn -0.9647 0.2490 0.0856
vn -0.9682 0.2498 -0.0156
vn -0.9271 0.3506 -0.1324
vn -0.9666 0.2416 -0.0857
vn -0.9933 0.1086 0.0388
vn -0.9892 0.0623 0.1324
vn -0.9830 -0.0390 0.1794
vn -0.9909 0.1326 -0.0234
vn -0.9192 -0.1636 0.3583
vn -0.9877 -0.0155 0.1555
vn -0.9578 0.2414 -0.1558
vn -0.8953 0.3582 -0.2647
vn -0.8599 0.3909 -0.3283
vn -0.8398 0.4277 -0.3344
vn -0.7737 0.4924 -0.3986
vn -0.7016 0.5691 -0.4288
vn -0.7719 0.5302 -0.3509
vn -0.4717 0.7547 -0.4560
vn -0.4067 0.7743 -0.4849
vn -0.5492 0.6905 -0.4708
vn -0.6325 0.6168 -0.4685
vn -0.7940 0.4670 -0.3892
vn -0.6559 0.5856 -0.4763
vn -0.5225 0.6550 -0.5458
vn -0.8435 0.4061 -0.3515
vn -0.8673 0.3672 -0.3360
vn 0.0631 0.8830 -0.4652
vn 0.4751 0.7601 -0.4434
vn 0.7180 0.5839 -0.3788
vn 0.7746 0.6007 -0.1976
vn 0.7228 0.6910 -0.0080
vn 0.5219 0.8146 -0.2531
vn -0.0079 0.9612 -0.2757
vn 0.4033 0.9093 -0.1028
vn 0.7472 0.6598 -0.0795
vn 0.7223 0.6905 0.0397
vn 0.6101 0.7923 -0.0000
vn 0.5538 0.8308 0.0554
vn 0.2531 0.9648 0.0712
vn 0.6811 0.7049 -0.1980
vn 0.7136 0.6977 0.0634
vn 0.6973 0.7132 0.0713
vn 0.7206 0.6731 0.1663
vn 0.6980 0.7139 0.0555
vn 0.7456 0.6584 0.1031
vn 0.7215 0.6740 0.1586
vn 0.7278 0.6803 0.0870
vn 0.7600 0.6492 -0.0317
vn 0.7992 0.5618 -0.2137
vn 0.8475 0.5307 -0.0079
vn 0.8152 0.5699 0.1029
vn 0.8247 0.5472 0.1428
vn 0.8165 0.5707 0.0872
vn 0.9284 0.3571 -0.1032
vn 0.8946 0.4434 -0.0554
vn 0.8718 0.4834 0.0793
vn 0.9265 0.3722 -0.0554
vn 0.8894 0.4367 0.1350
vn 0.8827 0.4294 0.1909
vn 0.9093 0.4033 0.1028
vn 0.9669 0.2061 0.1506
vn 0.9200 0.3172 0.2300
vn -0.5638 -0.3939 -0.7260
vn -0.6743 -0.3487 -0.6510
vn -0.6727 -0.3247 -0.6649
vn -0.4861 -0.4244 -0.7639
vn -0.3023 -0.4263 -0.8526
vn -0.6094 -0.2623 -0.7482
vn -0.5896 -0.2250 -0.7757
vn -0.4712 -0.2626 -0.8420
vn -0.7761 -0.1475 -0.6131
vn -0.4727 -0.3565 -0.8059
vn -0.5052 -0.2565 -0.8240
vn -0.0389 -0.9495 -0.3113
vn -0.1399 -0.9641 -0.2255
vn 0.3204 -0.9301 -0.1798
vn 0.6663 -0.7447 -0.0392
vn 0.9462 -0.2366 0.2208
vn 0.9009 -0.4267 0.0791
vn 0.8483 -0.4477 0.2828
vn 0.8993 -0.4339 -0.0552
vn 0.6175 -0.7035 -0.3518
vn 0.9215 -0.3701 -0.1181
vn 0.7198 -0.5320 -0.4460
vn 0.5375 -0.7479 -0.3895
vn 0.7939 -0.5423 -0.2751
vn 0.7766 -0.6276 -0.0549
vn 0.7518 -0.6343 0.1801
vn 0.6690 -0.6769 0.3070
vn 0.7091 -0.5436 0.4491
vn 0.5821 -0.7945 0.1731
vn 0.3042 -0.8656 0.3977
vn 0.4165 -0.7466 0.5187
vn 0.7030 -0.4661 0.5371
vn 0.8000 -0.4040 0.4436
vn 0.8214 -0.3397 0.4581
vn 0.8790 -0.2771 0.3880
vn 0.0236 -0.7225 0.6910
vn -0.0156 -0.8608 0.5087
vn 0.0079 -0.9235 0.3835
vn 0.2112 -0.9543 0.2112
vn 0.4307 -0.8926 -0.1331
vn -0.0233 -0.9739 0.2259
vn -0.1411 -0.6040 0.7844
vn 0.6578 -0.7517 -0.0470
vn 0.3910 -0.8994 -0.1955
vn 0.2577 -0.9291 -0.2654
vn 0.4621 -0.8459 -0.2663
vn 0.2482 -0.9151 -0.3179
vn 0.2886 -0.8813 -0.3743
vn 0.2097 -0.9321 -0.2952
vn 0.2182 -0.9739 -0.0623
vn 0.0468 -0.9978 -0.0468
vn 0.2735 -0.9222 -0.2735
vn 0.1091 -0.9272 -0.3584
vn 0.0778 -0.9568 -0.2800
vn -0.0774 -0.9677 -0.2400
vn 0.3519 -0.9229 -0.1564
vn 0.5708 -0.8210 -0.0078
vn 0.1010 -0.9787 -0.1786
vn 0.8278 -0.5282 0.1892
vn 0.9488 -0.2688 0.1660
vn 0.9664 -0.1426 0.2139
vn 0.9815 -0.1186 0.1504
vn 0.9674 -0.0872 0.2379
vn 0.9909 -0.0634 0.1189
vn 0.5124 -0.5913 0.6228
vn 0.6052 -0.7860 0.1258
vn -0.0235 -0.9861 0.1643
vn 0.8109 -0.5354 0.2362
vn 0.8910 -0.4337 0.1340
vn 0.0933 -0.9716 -0.2176
vn -0.4510 -0.8475 -0.2799
vn -0.2103 -0.9739 -0.0857
vn -0.0932 -0.9937 0.0621
vn 0.0234 -0.9973 0.0701
vn 0.0234 -0.9982 -0.0546
vn 0.1718 -0.9761 -0.1327
vn 0.2651 -0.9589 0.1013
vn 0.2101 -0.9494 0.2334
vn 0.1637 -0.9434 -0.2885
vn 0.0311 -0.9550 -0.2950
vn -0.0155 -0.9948 -0.1010
vn -0.2261 -0.9279 0.2963
vn -0.5587 -0.7371 -0.3802
vn -0.3342 -0.9170 -0.2176
vn -0.0853 -0.9920 -0.0930
vn 0.2036 -0.9789 0.0157
vn 0.3434 -0.9366 0.0702
vn 0.3738 -0.9191 -0.1246
vn 0.1161 -0.9598 -0.2554
vn -0.1629 -0.9229 -0.3488
vn -0.6354 -0.6045 -0.4805
vn -0.2483 -0.8223 -0.5120
vn 0.1942 -0.8546 -0.4817
vn 0.2566 -0.9097 -0.3266
vn 0.4928 -0.8057 -0.3286
vn 0.5459 -0.7332 -0.4056
vn 0.5533 -0.7094 -0.4365
vn 0.4365 -0.7094 -0.5534
vn 0.1862 -0.6751 -0.7139
vn -0.0155 -0.7374 -0.6753
vn -0.3418 -0.6448 -0.6836
vn -0.3018 -0.5880 -0.7505
vn -0.4797 -0.6964 -0.5338
vn -0.0155 -0.9623 -0.2715
vn 0.3990 -0.9153 0.0548
vn -0.2793 -0.6981 -0.6593
vn 0.2734 -0.8122 0.5154
vn 0.9825 -0.0396 0.1821
vn 0.9783 -0.1341 -0.1578
vn 0.9721 -0.1659 0.1659
vn 0.9539 -0.2759 -0.1182
vn 0.9394 -0.2684 0.2131
vn 0.8495 -0.2360 -0.4719
vn 0.5223 -0.2105 -0.8264
vn 0.9749 0.0159 0.2219
vn -0.7371 -0.1474 -0.6595
vn -0.9315 -0.0699 -0.3571
vn -0.7517 -0.0310 -0.6587
vn -0.3969 -0.1167 -0.9104
vn -0.1160 -0.1933 -0.9743
vn 0.0545 -0.1868 -0.9809
vn 0.2178 -0.1478 -0.9647
vn 0.3765 0.2118 -0.9019
vn 0.2111 0.0157 -0.9773
vn 0.0623 0.1401 -0.9882
vn -0.1010 -0.0000 -0.9949
vn -0.0233 -0.1240 -0.9920
vn 0.2106 -0.1872 -0.9595
vn 0.4286 -0.2338 -0.8727
vn -0.6672 0.1086 -0.7369
vn -0.4190 0.0155 -0.9078
vn -0.2336 0.1168 -0.9653
vn 0.5883 0.1177 -0.8001
vn 0.8579 0.1023 -0.5036
vn 0.9891 0.1187 -0.0870
vn 0.5703 -0.0469 -0.8201
vn 0.2898 -0.1332 -0.9478
vn 0.5916 -0.2102 -0.7784
vn 0.8474 -0.2981 -0.4394
vn 0.6904 -0.2982 -0.6591
vn 0.8788 -0.3452 -0.3295
vn 0.9733 -0.2295 0.0079
vn 0.9966 -0.0791 -0.0237
vn 0.9119 -0.1179 -0.3931
vn 0.6175 -0.1407 -0.7739
vn 0.8759 -0.0315 -0.4814
vn 0.9992 0.0079 -0.0397
vn 0.9968 -0.0079 0.0791
vn 0.9449 0.0794 0.3176
vn 0.9275 0.0317 0.3724
vn 0.9658 0.0554 0.2533
vn 0.9228 -0.2840 0.2602
vn 0.9660 -0.1188 0.2296
vn -0.2506 -0.7754 0.5796
vn -0.2263 -0.8117 0.5385
vn -0.1484 -0.7967 0.5858
vn -0.1722 -0.7043 0.6887
vn -0.3140 -0.6514 0.6907
vn -0.0469 -0.7590 0.6494
vn -0.0236 -0.6369 0.7706
vn -0.1415 -0.5345 0.8332
vn -0.1027 -0.3475 0.9320
vn -0.3844 -0.1961 0.9021
vn -0.3378 -0.2357 0.9112
vn -0.2590 -0.4003 0.8790
vn -0.4790 -0.3925 0.7852
vn -0.3598 -0.5319 0.7665
vn -0.5567 -0.2509 0.7919
vn -0.7279 -0.2191 0.6497
vn -0.4954 -0.1415 0.8571
vn -0.6430 -0.1411 0.7528
vn -0.5033 -0.1966 0.8414
vn -0.6120 -0.1491 0.7767
vn -0.7764 -0.1804 0.6039
vn -0.7061 -0.1883 0.6826
vn -0.6359 -0.1256 0.7615
vn -0.6114 -0.2195 0.7603
vn -0.7041 -0.2269 0.6728
vn -0.6402 -0.3435 0.6871
vn -0.5942 -0.3597 0.7194
vn -0.4864 -0.3844 0.7846
vn -0.4068 -0.3833 0.8292
vn -0.4083 -0.3377 0.8481
vn -0.5245 -0.3523 0.7751
vn 0.8868 -0.1648 -0.4317
vn 0.9682 -0.1023 -0.2283
vn 0.7519 -0.2663 -0.6031
vn 0.6339 -0.3521 -0.6886
vn 0.4983 -0.3815 -0.7786
vn 0.4584 -0.4584 -0.7614
vn 0.4189 -0.3103 -0.8534
vn 0.5567 -0.2509 -0.7919
vn 0.4696 -0.1957 -0.8609
vn 0.3259 -0.2638 -0.9078
vn 0.9981 -0.0475 -0.0396
vn 0.3198 -0.3275 -0.8891
vn 0.2490 -0.6926 -0.6770
vn 0.1398 -0.6602 -0.7379
vn 0.1244 -0.8244 -0.5522
vn 0.0387 -0.7657 -0.6420
vn 0.1785 -0.5277 -0.8304
vn 0.0544 -0.6453 -0.7620
vn 0.2174 -0.4115 -0.8851
vn 0.2806 -0.4754 -0.8338
vn 0.3826 -0.7964 -0.4685
vn 0.2491 -0.3503 -0.9029
vn 0.0932 -0.5123 -0.8537
vn 0.2022 -0.8088 -0.5522
vn 0.2335 -0.9263 -0.2958
vn -0.0312 -0.9995 -0.0000
vn 0.2106 -0.9750 0.0702
vn 0.1017 -0.9541 0.2816
vn 0.2500 -0.9375 0.2422
vn 0.1331 -0.9234 0.3600
vn -0.1486 -0.9149 0.3753
vn -0.3965 -0.9019 0.1711
vn -0.1479 -0.9571 0.2490
vn -0.3263 -0.9324 -0.1554
vn -0.2170 -0.8993 -0.3798
vn -0.4406 0.0393 0.8968
vn -0.2447 0.1658 0.9553
vn -0.7170 0.0709 0.6935
vn -0.9056 -0.0468 0.4216
vn 0.1429 0.1032 0.9843
vn 0.3963 0.1110 0.9114
vn 0.5085 0.0715 0.8581
vn 0.7883 0.1115 0.6052
vn 0.9749 0.0158 0.2220
vn 0.9512 0.1347 0.2775
vn 0.7732 0.1594 0.6138
vn 0.4508 -0.1107 0.8857
vn 0.2611 0.0159 0.9652
vn 0.5935 -0.0949 0.7992
vn 0.8631 0.1188 0.4909
vn 0.9403 0.2924 0.1739
vn -0.8589 -0.2321 -0.4565
vn -0.9050 -0.0000 -0.4254
vn -0.9876 -0.0233 -0.1555
vn -0.9946 0.0466 -0.0932
vn -0.9658 0.1402 0.2181
vn -0.8307 0.3213 0.4546
vn -0.8825 0.2499 0.3983
vn -0.9804 0.0622 0.1868
vn -0.9848 0.1407 0.1016
vn -0.9994 -0.0312 0.0156
vn -0.4227 -0.5399 0.7279
vn 0.9474 -0.0869 0.3079
vn 0.9913 -0.0555 0.1190
vn 0.9954 -0.0395 0.0869
vn 0.9781 -0.0868 0.1893
vn 0.9116 -0.1348 0.3884
vn 0.9977 -0.0554 0.0396
vn 0.9588 -0.1426 0.2457
vn 0.8656 -0.2303 0.4447
vn 0.7889 -0.2998 0.5365
vn 0.9031 -0.2139 0.3723
vn 0.9632 -0.1737 0.2053
vn 0.9894 -0.1029 0.1029
vn -0.9307 -0.1318 -0.3413
vn -0.9740 -0.1714 -0.1481
vn -0.9980 -0.0624 -0.0078
vn -0.9995 -0.0000 0.0313
vn -0.9909 0.0234 -0.1326
vn -0.3000 0.2053 0.9316
vn -0.6736 0.1645 0.7206
vn -0.9091 0.1176 0.3997
vn -0.9918 0.1015 0.0781
vn -0.9622 0.0861 0.2582
vn -0.7899 0.0626 0.6100
vn -0.5490 0.0863 0.8314
vn -0.9399 -0.1010 0.3262
vn -0.9372 -0.1952 0.2890
vn -0.9757 -0.1471 -0.1626
vn -0.9968 -0.0389 -0.0701
vn -0.9971 0.0701 -0.0311
vn -0.9301 0.0465 -0.3643
vn -0.9931 -0.1164 0.0155
vn -0.9524 -0.1239 -0.2787
vn -0.8885 -0.1636 -0.4287
vn -0.9938 -0.1087 0.0233
vn -0.9633 -0.1010 0.2486
vn -0.8354 -0.1315 -0.5337
vn 0.9549 0.2841 -0.0868
vn 0.9722 0.2292 0.0474
vn 0.9269 0.3723 -0.0475
vn 0.8721 0.4361 -0.2220
vn 0.8404 0.5074 -0.1903
vn 0.8942 0.4431 -0.0633
vn 0.9459 0.3100 0.0954
vn -0.3936 -0.6020 -0.6947
vn -0.6666 -0.3178 -0.6743
vn -0.5101 -0.6492 -0.5642
vn -0.8389 -0.0233 -0.5438
vn -0.8311 -0.2641 -0.4894
vn -0.6498 -0.5958 -0.4720
vn -0.3493 -0.8694 -0.3493
vn -0.2937 -0.8036 -0.5177
vn -0.2245 -0.7586 -0.6116
vn -0.1239 -0.6659 -0.7357
vn 0.0931 -0.5122 -0.8538
vn -0.9297 0.0930 -0.3564
vn -0.8538 0.2328 -0.4657
vn -0.8929 0.1165 -0.4348
vn -0.7277 -0.2973 0.6181
vn -0.8302 -0.1645 0.5326
vn -0.6591 -0.2982 0.6905
vn -0.9523 -0.0234 0.3044
vn -0.8599 -0.1016 0.5003
vn -0.6864 -0.2808 0.6708
vn -0.4789 -0.4082 0.7772
vn -0.4766 -0.4454 0.7579
vn -0.5806 -0.3766 0.7218
vn -0.5948 -0.4147 0.6886
vn -0.6017 -0.4767 0.6408
vn -0.7644 -0.3666 0.5304
vn -0.6894 -0.4544 0.5641
vn -0.6385 -0.3348 0.6930
vn -0.8959 0.0078 0.4441
vn -0.8819 -0.1561 0.4448
vn -0.7928 -0.0785 0.6044
vn -0.8711 0.1099 0.4787
vn -0.8908 0.2032 0.4063
vn -0.8077 0.1411 0.5724
vn -0.7899 -0.0626 0.6100
vn -0.7764 -0.1804 0.6038
vn -0.7041 -0.2269 0.6729
vn -0.5655 0.8011 -0.1963
vn -0.2051 0.9782 -0.0315
vn -0.2526 0.9472 -0.1973
vn -0.5649 0.8238 -0.0471
vn -0.6887 0.7043 -0.1722
vn -0.6814 0.7285 -0.0705
vn 0.3019 0.9533 -0.0079
vn 0.2217 0.9658 -0.1346
vn 0.1183 0.9539 -0.2759
vn -0.3676 0.8758 -0.3128
vn -0.3852 -0.6446 0.6604
vn -0.1252 -0.6102 0.7823
vn -0.2664 -0.4153 0.8698
vn -0.1098 -0.4940 0.8625
vn 0.1345 -0.4745 0.8699
vn 0.2047 -0.1889 0.9604
vn 0.1891 -0.3152 0.9300
vn 0.1895 -0.4423 0.8766
vn 0.3950 -0.4108 0.8217
vn 0.6111 -0.3412 0.7142
vn 0.7609 -0.2774 0.5866
vn 0.6480 -0.2924 0.7033
vn 0.5715 -0.1746 0.8018
vn 0.7634 0.0477 0.6441
vn 0.9284 0.1270 0.3492
vn 0.8130 -0.1263 0.5684
vn 0.8282 -0.1341 0.5442
vn 0.8411 -0.2063 0.4999
vn 0.8423 -0.2598 0.4723
vn 0.6407 -0.3559 0.6803
vn 0.7889 -0.2998 0.5364
vn 0.9031 -0.2139 0.3724
vn 0.9353 -0.1982 0.2933
vn 0.9743 -0.1426 0.1743
vn 0.9975 -0.0633 0.0317
vn 0.7801 -0.3231 0.5358
vn 0.2921 -0.2763 0.9156
vn -0.1421 -0.2289 0.9630
vn -0.3315 -0.1500 0.9315
vn -0.3560 -0.0395 0.9336
vn -0.4240 0.0707 0.9029
vn 0.9692 -0.2443 0.0315
vn 0.8857 -0.1724 -0.4311
vn 0.1094 0.0625 -0.9920
vn 0.6826 0.0392 -0.7297
vn 0.3892 -0.0701 -0.9185
vn 0.7047 -0.1331 -0.6969
vn -0.9560 -0.2487 0.1555
vn -0.9739 -0.1948 0.1169
vn -0.9182 -0.2801 0.2801
vn -0.9042 -0.2650 0.3350
vn -0.9102 -0.2333 0.3423
vn -0.9510 -0.1715 0.2572
vn -0.8501 -0.2417 0.4679
vn -0.9998 0.0078 -0.0156
vn -0.9653 0.0779 0.2491
vn -0.9676 -0.1626 -0.1933
vn -0.9642 -0.0233 -0.2643
vn -0.9821 -0.0234 -0.1870
vn -0.9989 0.0078 -0.0468
vn -0.9948 -0.0544 0.0855
vn -0.9871 -0.0622 -0.1476
vn -0.9526 0.1483 0.2655
vn -0.7758 0.2664 0.5720
vn -0.6975 0.1646 0.6974
vn -0.4575 0.3786 0.8046
vn -0.4198 0.4832 0.7683
vn -0.7242 0.4250 0.5431
vn -0.8381 0.1175 0.5327
vn -0.9872 0.1166 0.1088
vn -0.9813 0.1791 -0.0701
vn -0.9791 0.2021 0.0233
vn -0.9818 -0.1792 0.0632
vn -0.9787 0.1566 0.1331
vn -0.9105 -0.4124 -0.0311
vn -0.8540 0.3134 0.4153
vn -0.9279 0.3587 0.1014
vn -0.0546 -0.9977 0.0390
vn -0.5352 -0.8377 0.1086
vn -0.9484 -0.2565 0.1866
vn -0.8774 0.2977 0.3761
vn -0.8067 0.4856 0.3368
vn -0.3561 0.6647 0.6568
vn -0.2618 0.4284 0.8648
vn 0.7065 0.4843 0.5160
vn 0.6513 0.5163 0.5560
vn 0.6214 0.5337 0.5736
vn 0.4394 0.6231 0.6471
vn 0.1353 0.6763 0.7241
vn -0.5132 0.4027 0.7580
vn -0.9012 -0.0940 0.4232
vn -0.5983 -0.7537 0.2720
vn 0.4904 0.3480 0.7990
vn 0.2380 0.3332 0.9123
vn 0.6604 0.1671 0.7320
vn 0.7522 0.0475 0.6572
vn 0.4577 -0.4656 0.7574
vn 0.3328 -0.0079 0.9430
vn 0.5962 0.0080 0.8028
vn 0.0937 -0.9763 0.1952
vn 0.3515 -0.8905 0.2890
vn 0.1646 -0.9560 0.2429
vn -0.1170 -0.9592 0.2573
vn -0.1092 -0.9438 0.3120
vn -0.1473 -0.9847 0.0930
vn -0.0000 -0.9980 0.0624
vn 0.2026 -0.9428 0.2649
vn -0.9601 0.1639 -0.2264
vn -0.9506 0.1948 -0.2416
vn 0.2023 -0.9723 0.1167
vn -0.1012 -0.8325 -0.5447
vn -0.0469 -0.9691 0.2423
vn -0.0860 -0.9623 0.2582
vn -0.7664 -0.6271 0.1393
vn 0.3513 -0.8978 -0.2654
vn 0.1396 -0.9851 -0.1008
vn -0.2096 -0.9393 -0.2717
vn -0.6460 -0.7316 0.2179
vn -0.9402 -0.3030 0.1554
vn 0.0078 -0.5053 -0.8629
vn 0.1940 -0.8460 -0.4967
vn 0.2411 -0.5366 -0.8087
vn -0.0078 -0.5145 -0.8575
vn -0.6680 -0.5981 -0.4427
vn -0.9823 -0.1871 -0.0000
vn -0.9901 0.1169 -0.0780
vn -0.9896 0.0312 0.1403
vn -0.0311 -0.2879 -0.9572
vn 0.1862 -0.4112 -0.8923
vn -0.1781 -0.2477 -0.9523
vn -0.5264 -0.1548 -0.8360
vn -0.9003 -0.0854 -0.4269
vn -0.9306 0.2171 -0.2947
vn -0.9524 0.1394 -0.2710
vn -0.9970 0.0623 -0.0468
vn -0.9091 -0.0622 -0.4118
vn -0.7537 0.0777 -0.6527
vn -0.8218 0.1473 -0.5504
vn -0.4802 -0.2091 -0.8519
vn -0.7994 -0.0621 -0.5976
vn -0.9830 0.1794 -0.0390
vn -0.9592 0.2184 0.1794
vn -0.9527 0.1328 0.2733
vn -0.9961 0.0233 -0.0856
vn -0.9525 0.0387 -0.3020
vn -0.8958 0.0156 -0.4441
vn -0.9734 -0.0389 -0.2258
vn -0.9931 0.0938 0.0704
vn -0.9261 0.2668 0.2668
vn -0.8239 0.3375 0.4552
vn -0.7583 0.2502 0.6020
vn -0.9178 0.1255 0.3766
vn -0.6907 0.3847 0.6123
vn -0.3012 0.2219 0.9274
vn -0.6529 0.1966 0.7315
vn -0.4416 0.2287 0.8676
vn -0.3009 0.3880 0.8711
vn -0.5340 0.4869 0.6912
vn -0.0318 0.5726 0.8192
vn -0.2528 0.4978 0.8296
vn 0.2625 0.4693 0.8431
vn -0.2210 0.3946 0.8919
vn 0.1267 0.4594 0.8791
vn 0.3816 0.4134 0.8267
vn 0.7370 0.4280 0.5231
vn 0.5953 0.4365 0.6746
vn 0.3190 0.3589 0.8772
vn -0.0789 0.2603 0.9623
vn 0.0632 0.2290 0.9714
vn 0.4041 0.2219 0.8874
vn 0.8931 0.3589 0.2711
vn 0.8202 0.3265 0.4698
vn 0.9479 0.2291 0.2212
vn 0.9568 0.2689 0.1107
vn 0.9831 0.0555 0.1744
vn 0.8870 0.2376 0.3960
vn 0.6023 0.3883 0.6974
vn 0.5613 0.2688 0.7827
vn 0.9684 0.1508 0.1985
vn 0.9601 0.0318 0.2779
vn 0.9352 0.2298 0.2695
vn 0.9847 0.1191 0.1271
vn 0.8171 0.3252 0.4760
vn 0.4134 0.5087 0.7552
vn -0.1976 0.3477 0.9166
vn -0.2059 0.0950 0.9740
vn 0.0475 0.1346 0.9898
vn -0.3143 -0.1100 0.9429
vn -0.6515 0.3611 0.6672
vn -0.1353 0.6681 0.7317
vn 0.2915 -0.1891 0.9377
vn 0.0395 0.2609 0.9646
vn -0.3175 0.4524 0.8334
vn -0.6552 0.3315 0.6789
vn -0.8832 0.1876 0.4299
vn -0.9801 0.0389 0.1945
vn -0.7683 0.3293 0.5489
vn -0.4174 0.3938 0.8190
vn -0.7120 0.1722 0.6807
vn -0.9459 0.0860 0.3127
vn -0.9888 0.0934 -0.1167
vn -0.9748 -0.2183 -0.0468
vn -0.9589 -0.1237 -0.2552
vn -0.7752 -0.3101 -0.5504
vn -0.8575 -0.0078 -0.5145
vn -0.9522 0.0465 -0.3019
vn -0.9999 0.0156 -0.0000
vn -0.9770 0.1016 0.1876
vn -0.8752 0.4142 0.2501
vn -0.4193 0.6012 0.6803
vn -0.7141 0.4709 0.5180
vn 0.0318 0.6273 0.7782
vn -0.9992 -0.0000 0.0391
vn -0.2691 0.1029 0.9576
vn -0.0474 0.0869 0.9951
vn 0.1971 -0.0709 0.9778
vn 0.1989 0.4854 0.8514
vn 0.4910 -0.0079 0.8711
vn -0.4329 0.1887 0.8815
vn 0.3977 0.0716 0.9147
vn 0.4773 0.3898 0.7876
vn 0.3011 0.4359 0.8481
vn 0.2609 -0.0395 0.9645
vn -0.3244 0.2849 0.9020
vn 0.1823 0.1821 0.9662
vn 0.6907 -0.0317 0.7224
vn 0.4434 -0.2929 0.8471
vn -0.1955 -0.7351 0.6491
vn -0.8927 -0.3027 0.3338
vn -0.9840 0.1406 0.1093
vn -0.3798 -0.9145 0.1395
vn 0.0780 -0.9901 0.1169
vn 0.1946 -0.9730 0.1245
vn 0.3209 -0.9313 0.1722
vn 0.2344 -0.9454 0.2266
vn 0.2357 -0.8170 0.5263
vn -0.0156 -0.8662 0.4994
vn -0.5643 -0.2822 0.7758
vn -0.2032 -0.9378 0.2814
vn -0.5099 -0.6276 0.5884
vn 0.4691 -0.8677 0.1642
vn 0.5883 -0.6276 0.5099
vn 0.0862 -0.9555 0.2820
vn 0.0545 -0.9966 0.0623
vn -0.0000 -0.9985 0.0546
vn -0.1164 -0.9929 0.0233
vn -0.5755 -0.8165 0.0467
vn -0.1479 -0.9882 -0.0389
vn 0.0940 -0.9085 0.4072
vn 0.2369 -0.3238 0.9160
vn 0.7278 0.0870 0.6803
vn 0.9549 -0.0868 0.2841
vn 0.5720 0.5720 0.5879
vn 0.8218 0.4548 0.3431
vn 0.4134 0.5088 0.7552
vn 0.8171 0.3253 0.4760
vn 0.2217 0.3879 0.8946
vn -0.0633 0.6566 0.7516
vn -0.1351 0.6681 0.7317
vn 0.9972 -0.0238 0.0712
vn 0.9527 0.2540 0.1667
vn 0.9205 0.3571 0.1587
vn 0.9561 0.2844 0.0711
vn 0.9351 0.2299 0.2695
vn 0.9983 -0.0159 -0.0555
vn 0.6655 -0.7438 0.0626
vn 0.3032 -0.9329 -0.1944
vn 0.9101 -0.1726 -0.3766
vn 0.7767 -0.6120 -0.1491
vn -0.0699 -0.9785 -0.1942
vn -0.0000 -0.7521 -0.6591
vn -0.1472 -0.8059 -0.5734
vn -0.0000 -0.9778 -0.2095
vn -0.0078 -0.9998 -0.0156
vn 0.1642 -0.9853 0.0469
vn -0.0234 -0.9982 -0.0546
vn 0.1084 -0.7897 -0.6039
vn -0.1246 -0.9421 -0.3114
vn -0.0311 -0.6460 -0.7627
vn 0.1470 -0.3405 -0.9287
vn -0.2404 -0.2482 -0.9384
vn 0.0931 -0.2250 -0.9699
vn 0.1327 -0.1249 -0.9833
vn -0.5798 -0.4484 -0.6803
vn -0.6199 -0.7749 -0.1240
vn -0.6501 -0.6346 -0.4179
vn -0.8468 -0.0622 -0.5283
vn -0.7769 -0.1010 -0.6215
vn -0.4896 -0.0544 -0.8702
vn -0.9079 -0.2638 -0.3259
vn -0.8391 -0.0155 -0.5438
vn -0.9005 0.0078 -0.4347
vn -0.9835 -0.1550 -0.0929
vn -0.9525 -0.3021 0.0387
vn -0.9887 0.1479 -0.0234
vn -0.9938 0.1087 -0.0233
vn -0.9672 0.0780 -0.2418
vn -0.9792 -0.0155 -0.2021
vn -0.5577 -0.0465 -0.8288
vn -0.2632 -0.3716 -0.8903
vn -0.1552 -0.5587 -0.8147
vn -0.1399 -0.2566 -0.9563
vn -0.1240 0.0233 -0.9920
vn -0.0390 -0.0623 -0.9973
vn 0.2737 -0.0000 -0.9618
vn 0.1476 -0.2563 -0.9553
vn -0.1706 -0.8065 -0.5661
vn -0.1318 -0.8139 -0.5659
vn 0.2101 -0.7472 -0.6305
vn 0.1472 -0.9684 -0.2014
vn 0.0852 -0.8206 -0.5651
vn 0.3973 -0.5531 -0.7323
vn 0.6468 -0.1480 -0.7481
vn 0.5946 -0.7902 -0.1486
vn 0.6719 -0.6640 -0.3281
vn 0.7394 -0.5821 -0.3383
vn 0.9101 -0.3766 -0.1726
vn 0.7289 -0.1881 -0.6583
vn 0.3429 -0.2260 -0.9118
vn 0.2422 -0.2500 -0.9375
vn 0.4450 -0.2264 -0.8665
vn 0.7000 -0.1416 -0.7000
vn 0.9083 -0.0790 -0.4107
vn 0.9842 0.0630 -0.1653
vn 0.9388 -0.3234 -0.1183
vn 0.6641 -0.1406 -0.7343
vn 0.8365 -0.1105 -0.5366
vn 0.9140 -0.0552 -0.4019
vn 0.9879 -0.0395 -0.1502
vn 0.9873 0.0711 0.1422
vn 0.9959 0.0237 0.0869
vn 0.9832 0.0236 -0.1809
vn 0.9154 -0.0000 -0.4025
vn 0.9893 0.0950 0.1108
vn 0.9988 0.0476 -0.0079
vn 0.9443 0.0873 0.3174
vn 0.9922 -0.0394 -0.1181
vn 0.8818 -0.1181 -0.4566
vn 0.9060 -0.1734 -0.3861
vn 0.9142 -0.1813 -0.3625
vn -0.8385 0.0388 -0.5435
vn -0.9695 0.0775 -0.2327
vn -0.9469 0.1086 -0.3027
vn -0.9105 -0.4124 -0.0312
vn -0.9871 -0.0622 -0.1477
vn -0.9821 -0.0234 -0.1871
vn 0.8932 0.3588 0.2711
vn 0.9989 -0.0000 0.0476
vn 0.9480 0.2290 0.2211
vn 0.9428 -0.2750 -0.1886
vn 0.9924 0.0551 -0.1102
vn 0.9685 0.1508 0.1984
vn 0.9982 -0.0238 -0.0554
vn 0.9602 0.0317 0.2777
vn 0.9973 0.0554 -0.0475
vn 0.9107 -0.0628 -0.4083
vn 0.9618 0.1813 -0.2050
vn 0.8931 0.1423 -0.4268
vn 0.9361 -0.0629 -0.3461
vn 0.9195 0.0078 -0.3929
vn 0.7297 -0.0392 -0.6826
vn 0.7636 0.0079 -0.6456
vn 0.5942 -0.3753 -0.7114
vn 0.4204 -0.0856 -0.9033
vn 0.1705 -0.3255 -0.9300
vn -0.0857 -0.2416 -0.9666
vn 0.0156 -0.1946 -0.9808
vn -0.1011 -0.1711 -0.9801
vn -0.2014 -0.3718 -0.9062
vn -0.1241 -0.4344 -0.8921
vn 0.2967 -0.6714 -0.6791
vn 0.5214 -0.7470 -0.4124
vn 0.7739 -0.5784 -0.2580
vn 0.0699 -0.7612 -0.6447
vn 0.3730 -0.8236 -0.4273
vn 0.7373 -0.6589 -0.1490
vn 0.7989 -0.5953 -0.0862
vn 0.8933 -0.4111 0.1818
vn 0.9033 -0.3883 0.1823
vn 0.8690 -0.1422 0.4740
vn 0.7024 -0.6867 -0.1873
vn 0.2877 -0.8787 -0.3810
vn -0.1555 -0.8085 -0.5675
vn -0.3091 -0.6569 -0.6878
vn -0.2098 -0.5829 -0.7850
vn -0.1239 -0.5343 -0.8362
vn 0.1091 -0.4754 -0.8730
vn 0.6990 -0.4477 -0.5576
vn -0.5581 -0.4108 -0.7209
vn -0.4633 -0.3398 -0.8185
vn -0.3954 -0.3412 -0.8528
vn -0.3330 -0.3098 -0.8906
vn -0.0701 -0.0390 -0.9968
vn 0.3208 -0.0235 -0.9469
vn 0.6358 -0.0629 -0.7693
vn 0.9584 -0.2828 -0.0393
vn 0.9030 -0.1663 0.3961
vn 0.7627 0.1192 0.6356
vn 0.9658 -0.0554 0.2533
vn 0.8924 0.0315 -0.4502
vn 0.9807 0.1422 -0.1344
vn 0.9437 0.2299 0.2379
vn 0.8247 0.2141 0.5234
vn 0.4762 0.4524 0.7540
vn 0.4215 0.4056 0.8111
vn 0.0555 0.5391 0.8404
vn 0.0555 0.6266 0.7773
vn 0.4380 0.4460 0.7805
vn 0.7141 0.2142 0.6665
vn 0.9023 -0.0554 0.4275
vn 0.9205 -0.3698 0.1259
vn 0.6714 -0.7105 -0.2108
vn 0.9574 -0.2849 0.0475
vn 0.9533 -0.0000 0.3019
vn 0.7396 0.3897 0.5487
vn 0.4768 0.5325 0.6994
vn 0.1033 0.7072 0.6994
vn 0.2150 0.7793 0.5886
vn -0.2617 0.8485 0.4600
vn -0.2066 0.9138 0.3496
vn -0.5882 0.8078 0.0392
vn -0.0788 0.9703 0.2288
vn -0.0475 0.9986 0.0238
vn -0.6660 0.7445 0.0470
vn -0.5989 0.7881 0.1419
vn -0.6202 0.7615 0.1884
vn -0.3152 0.7722 0.5516
vn -0.9242 0.3681 -0.1018
vn -0.9139 0.3984 -0.0781
vn -0.4778 0.8695 -0.1253
vn -0.5025 0.8637 -0.0393
vn -0.8739 0.4838 -0.0468
vn -0.9140 0.3906 -0.1094
vn -0.9265 0.1557 -0.3426
vn -0.8278 0.5389 -0.1562
vn -0.8146 0.5562 -0.1645
vn -0.8762 0.2094 -0.4342
vn -0.7996 -0.1475 -0.5822
vn -0.7307 -0.0933 -0.6763
vn -0.5582 -0.4108 -0.7209
vn -0.6810 -0.4565 -0.5726
vn -0.9346 -0.1622 -0.3167
vn -0.9878 -0.0000 -0.1556
vn -0.9944 0.0311 -0.1010
vn -0.8350 -0.4792 -0.2706
vn -0.8996 -0.4110 -0.1474
vn -0.8453 -0.5274 -0.0853
vn -0.9413 -0.3344 -0.0467
vn -0.9643 0.1711 -0.2022
vn -0.4310 0.8621 -0.2665
vn 0.2282 0.9519 -0.2046
vn -0.8178 0.4440 -0.3661
vn -0.9264 -0.3581 -0.1168
vn -0.1814 0.8195 -0.5437
vn 0.8853 0.2451 -0.3952
vn 0.7596 0.6409 -0.1108
vn 0.9651 -0.1266 -0.2294
vn 0.9930 -0.0000 -0.1182
vn 0.8023 -0.5663 -0.1888
vn 0.8781 -0.4547 -0.1490
vn 0.8790 0.4751 0.0396
vn 0.4058 0.9071 0.1114
vn 0.6357 0.7231 0.2702
vn 0.9988 -0.0079 0.0476
vn 0.3581 0.8116 0.4615
vn 0.8728 0.3491 0.3412
vn -0.9264 -0.3580 -0.1168
vn -0.9413 -0.3345 -0.0467
vn -0.9643 0.1710 -0.2022
vn -0.9263 -0.3582 -0.1167
vn -0.8179 0.4439 -0.3661
vn -0.9144 0.0388 -0.4029
vn -0.7053 -0.6820 -0.1937
vn -0.4586 -0.8859 -0.0699
vn -0.2942 -0.9444 -0.1471
vn -0.9412 -0.3345 -0.0467
vn -0.5274 -0.7910 -0.3102
vn -0.0312 -0.9498 -0.3114
vn -0.2491 -0.8798 -0.4049
vn -0.8349 -0.4793 -0.2706
vn -0.4726 -0.8522 -0.2247
vn -0.8996 -0.4111 -0.1474
vn -0.8454 -0.5274 -0.0853
vn 0.1014 -0.9825 -0.1560
vn -0.0388 -0.9949 -0.0933
vn 0.6536 -0.7314 -0.1945
vn -0.4585 -0.8859 -0.0699
vn -0.6287 -0.7762 -0.0466
vn 0.6495 -0.6964 -0.3053
vn 0.3354 -0.9126 -0.2340
vn -0.9412 -0.3346 -0.0467
vn -0.4585 -0.8859 -0.0700
vn -0.6809 -0.4567 -0.5726
vn -0.9144 0.0387 -0.4030
vn -0.7942 -0.3545 -0.4935
vn -0.7052 -0.6820 -0.1938
vn -0.2942 -0.9443 -0.1471
vn 0.8537 -0.1410 -0.5013
vn 0.8582 -0.2756 -0.4330
vn 0.8411 -0.2909 -0.4560
vn -0.8510 -0.5183 -0.0851
vn -0.9329 -0.3498 -0.0855
vn -0.4171 -0.8575 -0.3013
vn -0.5896 -0.2249 -0.7758
vn -0.5053 -0.2565 -0.8239
vn -0.6652 -0.1702 -0.7270
vn -0.5737 -0.2403 -0.7830
vn -0.7761 -0.1474 -0.6131
vn -0.8074 -0.0078 -0.5900
vn -0.9380 0.0620 -0.3411
vn -0.8332 0.0934 -0.5451
vn -0.9709 0.1942 -0.1398
vn -0.9491 0.1711 -0.2645
vn -0.8948 0.1712 -0.4124
vn -0.7922 0.1553 -0.5902
vn -0.6447 -0.0699 -0.7612
vn -0.8772 0.2717 -0.3959
vn -0.9290 0.2732 -0.2498
vn -0.9046 0.3510 -0.2417
vn -0.8940 0.3499 -0.2798
vn -0.8888 0.3040 -0.3430
vn -0.9557 0.2585 0.1410
vn -0.9769 0.1954 0.0860
vn -0.9774 0.1329 0.1642
vn -0.9608 0.2734 0.0469
vn -0.9793 0.2021 -0.0078
vn -0.9897 0.1247 -0.0701
vn -0.9851 0.1095 0.1329
vn -0.9790 0.0622 0.1943
vn -0.9595 -0.1703 -0.2244
vn -0.9982 -0.0546 -0.0234
vn -0.9774 -0.0078 0.2111
vn -0.9760 0.0547 0.2108
vn -0.9664 -0.0623 -0.2494
vn -0.9823 0.0546 -0.1793
vn -0.9680 0.0387 -0.2478
vn -0.9804 -0.0311 -0.1945
vn -0.9973 0.0234 0.0701
vn -0.9820 0.1169 0.1481
vn -0.9506 0.2727 -0.1480
vn -0.9412 0.2956 -0.1634
vn -0.9345 0.3271 -0.1402
vn -0.9695 0.1396 -0.2016
vn -0.9720 0.1322 -0.1944
vn -0.9918 0.0781 -0.1015
vn -0.9217 0.3515 -0.1640
vn -0.9059 0.4217 0.0391
vn -0.8990 0.4378 0.0078
vn -0.9333 0.3578 -0.0311
vn -0.9763 0.1953 -0.0937
vn -0.9234 0.3835 0.0156
vn -0.9734 0.2258 -0.0389
vn -0.9927 0.0853 -0.0853
vn -0.9523 0.3044 0.0234
vn -0.9291 0.3669 0.0468
vn -0.9144 0.3986 0.0703
vn -0.9335 0.3501 0.0778
vn -0.9461 0.3049 0.1095
vn -0.9582 0.2493 0.1402
vn -0.9668 0.2495 0.0546
vn -0.9740 0.2026 0.1013
vn -0.9729 0.1635 0.1635
vn -0.9658 0.1947 0.1713
vn -0.9750 0.0702 0.2106
vn -0.9858 0.0782 0.1487
vn -0.9850 -0.0156 0.1720
vn -0.9872 -0.1088 0.1166
vn -0.9827 -0.1716 0.0702
vn -0.9596 -0.2786 -0.0387
vn -0.9424 -0.3037 -0.1402
vn -0.9976 -0.0312 0.0623
vn -0.9852 -0.1707 -0.0155
vn -0.9752 -0.1780 -0.1315
vn -0.9992 -0.0234 -0.0312
vn -0.9864 0.1553 0.0544
vn -0.9332 -0.2799 -0.2255
vn -0.9591 -0.1624 -0.2320
vn -0.9847 -0.0621 -0.1628
vn -0.9981 0.0468 0.0390
vn -0.9095 0.0157 0.4155
vn -0.9753 -0.0312 0.2185
vn -0.8235 -0.0552 0.5647
vn -0.8805 -0.0779 0.4675
vn -0.9974 -0.0701 -0.0156
vn -0.9813 0.0467 -0.1869
vn -0.9980 0.0078 -0.0623
vn 0.3953 0.8934 -0.2135
vn -0.3343 -0.1321 -0.9332
vn -0.2327 0.2249 -0.9462
vn -0.7779 -0.1635 -0.6067
vn -0.1860 -0.3176 -0.9298
vn -0.0078 -0.0389 -0.9992
vn -0.9738 -0.1948 0.1169
vn -0.8189 -0.3899 0.4211
vn -0.9659 -0.1870 0.1792
vn -0.8799 -0.2725 0.3893
vn -0.7315 -0.4202 0.5369
vn -0.3042 -0.6083 0.7331
vn -0.1656 -0.6228 0.7647
vn -0.8044 -0.2812 0.5233
vn -0.7652 -0.1562 0.6246
vn 0.3368 -0.6736 0.6579
vn 0.3386 -0.5907 0.7324
vn 0.1495 -0.5430 0.8263
vn -0.3763 -0.4939 0.7839
vn -0.5488 -0.3293 0.7684
vn -0.0079 -0.3930 0.9195
vn -0.1103 -0.2206 0.9691
vn 0.3086 -0.1820 0.9336
vn 0.3548 -0.2286 0.9066
vn 0.4344 -0.4028 0.8056
vn 0.8564 -0.0317 0.5154
vn 0.9113 -0.0792 0.4041
vn 0.6642 -0.1344 0.7354
vn 0.6582 -0.1507 0.7376
vn 0.5473 -0.1426 0.8247
vn 0.6638 -0.2055 0.7191
vn 0.5992 -0.5125 0.6150
vn 0.4147 -0.7747 0.4773
vn 0.5968 -0.7539 0.2748
vn 0.8294 -0.3871 0.4029
vn 0.8931 -0.1423 0.4268
vn 0.7745 -0.1422 0.6164
vn 0.9957 -0.0474 0.0791
vn 0.9909 -0.1189 0.0635
vn 0.5860 -0.8049 0.0938
vn 0.2425 -0.9620 0.1252
vn -0.0077 -0.9992 0.0390
vn -0.3365 0.6964 -0.6338
vn -0.3053 0.6575 -0.6888
vn -0.3447 0.7835 -0.5171
vn -0.0944 0.7233 -0.6840
vn -0.0939 0.6882 -0.7194
vn -0.1100 0.7700 -0.6285
vn -0.5164 -0.0782 0.8528
vn -0.1186 -0.0949 0.9884
vn 0.3396 -0.1264 0.9320
vn 0.6183 -0.1189 0.7769
vn -0.3088 0.0396 0.9503
vn 0.0238 0.0396 0.9989
vn 0.3484 0.1425 0.9264
vn 0.9678 -0.2439 0.0629
vn 0.9681 -0.1731 -0.1810
vn 0.9196 -0.1336 -0.3694
vn 0.9460 -0.2129 -0.2444
vn 0.9589 -0.2829 0.0236
vn 0.9658 0.0554 0.2534
vn 0.9785 0.0954 0.1830
vn 0.9954 0.0158 0.0950
vn 0.2383 0.8898 0.3893
vn 0.5707 0.8087 0.1427
vn 0.0554 0.8866 0.4592
vn 0.0873 0.7863 0.6116
vn 0.1823 0.9827 0.0317
vn 0.0394 0.9217 -0.3860
vn 0.5608 0.7189 -0.4107
vn 0.0317 0.9580 0.2850
vn 0.0635 0.9123 0.4046
vn -0.1182 0.9539 0.2759
vn -0.0238 0.9977 0.0633
vn 0.0710 0.9778 -0.1971
vn 0.0079 0.9154 -0.4024
vn -0.4029 0.8138 0.4187
vn -0.2061 0.7452 0.6342
vn 0.2932 0.8003 0.5230
vn 0.1112 0.6277 0.7705
vn 0.6128 0.6526 0.4457
vn 0.8246 0.4837 0.2934
vn 0.9296 0.3655 0.0477
vn 0.8968 0.3730 0.2381
vn 0.8991 0.4137 0.1432
vn 0.7834 0.5776 0.2295
vn 0.5164 0.7706 0.3734
vn 0.2627 0.8598 0.4379
vn 0.0795 0.8665 0.4929
vn 0.8687 0.4462 0.2152
vn 0.8790 0.4672 0.0950
vn 0.7715 0.5090 0.3818
vn 0.4910 0.6653 0.5623
vn 0.2229 0.7643 0.6051
vn 0.8158 0.5624 0.1347
vn 0.7794 0.5488 0.3022
vn 0.7005 0.5572 0.4458
vn 0.9182 0.3958 0.0158
vn 0.9123 0.2856 0.2935
vn 0.9647 -0.2214 0.1423
vn 0.9646 -0.2609 0.0395
vn 0.9796 -0.1422 -0.1422
vn 0.9938 -0.0158 0.1104
vn 0.8872 -0.1267 0.4436
vn 0.9894 0.1029 -0.1029
vn 0.8989 0.4337 -0.0631
vn 0.9705 -0.2052 -0.1263
vn 0.9530 -0.2993 -0.0473
vn 0.9720 -0.0790 -0.2213
vn 0.9624 0.2209 -0.1578
vn 0.8494 -0.4797 -0.2202
vn 0.9176 -0.1490 -0.3686
vn 0.7388 -0.5737 -0.3537
vn 0.9586 -0.0314 -0.2829
vn 0.9732 -0.2295 -0.0158
vn 0.9773 0.1419 -0.1576
vn 0.8119 0.2547 0.5253
vn 0.9437 0.2300 0.2379
vn 0.7391 0.6358 0.2225
vn 0.3013 0.6418 0.7052
vn 0.3407 0.1981 0.9190
vn 0.3966 -0.1586 0.9042
vn 0.5613 -0.2688 0.7827
vn 0.4888 -0.4730 0.7330
vn 0.1424 0.9569 0.2531
vn 0.6973 0.6576 -0.2852
vn 0.9806 0.1424 -0.1344
vn 0.5565 -0.7992 0.2273
vn 0.4754 -0.8414 -0.2571
vn 0.6952 -0.5312 -0.4843
vn 0.6671 -0.2590 -0.6985
vn 0.8302 -0.2271 -0.5091
vn 0.7070 0.0157 -0.7070
vn 0.5655 0.0157 -0.8246
vn 0.3041 -0.1326 -0.9434
vn 0.8668 -0.0473 -0.4964
vn 0.9064 0.0631 -0.4177
vn 0.9496 0.0554 -0.3086
vn 0.9223 0.2995 -0.2443
vn 0.9257 0.2295 -0.3007
vn 0.8933 0.2530 -0.3715
vn 0.8920 0.1894 -0.4105
vn 0.8122 0.1892 -0.5519
vn -0.9885 -0.1245 -0.0856
vn 0.5595 0.4019 -0.7249
vn 0.4790 0.3220 -0.8166
vn -0.0078 -0.0392 -0.9992
vn 0.1397 -0.5511 -0.8227
vn 0.2969 -0.9533 -0.0547
vn 0.2737 -0.8213 0.5006
vn 0.2995 -0.7092 0.6383
vn -0.0776 0.0931 -0.9926
vn -0.2951 -0.8622 -0.4117
vn -0.1089 -0.9415 0.3190
vn 0.6698 -0.5594 0.4883
vn 0.7184 -0.6157 0.3237
vn 0.9133 -0.3070 0.2677
vn 0.8790 -0.3167 0.3564
vn 0.4485 -0.7946 0.4093
vn 0.9553 -0.1658 0.2448
vn -0.4747 -0.8793 -0.0389
vn -0.3578 -0.9180 0.1711
vn -0.1325 -0.8653 0.4834
vn 0.1012 -0.9889 0.1090
vn -0.0701 -0.9659 -0.2493
vn -0.4883 -0.8215 -0.2945
vn 0.2101 -0.9494 0.2335
vn -0.1251 -0.6488 0.7506
vn -0.3627 0.4573 0.8120
vn -0.5271 0.0158 0.8497
vn -0.2608 0.6165 0.7429
vn -0.0079 0.9696 0.2444
vn 0.1509 0.9532 0.2621
vn -0.1113 0.9540 0.2783
vn -0.5214 0.0079 0.8533
vn -0.3851 0.0786 0.9195
vn -0.4568 -0.3072 0.8349
vn -0.2220 0.8799 0.4202
vn -0.4496 0.2682 0.8520
vn -0.5120 -0.1182 0.8508
vn -0.4935 0.0157 0.8696
vn -0.4696 -0.2270 0.8532
vn -0.3725 0.1744 0.9115
vn -0.2995 0.4885 0.8195
vn -0.5269 0.1651 0.8337
vn -0.5637 -0.2114 0.7985
vn -0.4571 0.1103 0.8826
vn -0.2371 -0.1186 0.9642
vn -0.2992 0.1811 0.9369
vn -0.1106 0.9085 0.4030
vn -0.2768 0.3322 0.9017
vn -0.3700 0.8740 0.3149
vn -0.4345 0.3318 0.8373
vn -0.8703 0.1176 0.4783
vn -0.4480 -0.1572 0.8801
vn -0.2514 -0.1808 0.9508
vn -0.2673 -0.1966 0.9434
vn -0.8424 0.4992 -0.2028
vn -0.3228 -0.0551 0.9449
vn -0.4179 -0.2129 0.8832
vn -0.4559 -0.2672 0.8490
vn -0.9076 -0.4034 0.1164
vn -0.7595 -0.1705 -0.6278
vn -0.2893 0.4925 -0.8208
vn 0.0473 0.8523 -0.5209
vn 0.1416 0.9049 -0.4013
vn 0.2117 0.6038 -0.7685
vn 0.1183 0.9466 -0.2998
vn 0.1644 0.2741 -0.9475
vn -0.0854 -0.0776 -0.9933
vn -0.5960 -0.4490 -0.6657
vn -0.6968 -0.5884 -0.4103
vn -0.2244 -0.5495 -0.8048
vn 0.1871 0.0078 -0.9823
vn 0.2426 0.3209 -0.9155
vn 0.2433 0.5807 -0.7769
vn 0.2573 0.1715 -0.9510
vn 0.2510 0.5883 -0.7687
vn 0.2970 0.1797 -0.9378
vn 0.2982 0.6828 -0.6670
vn 0.0237 0.9402 -0.3397
vn 0.2750 0.6992 -0.6599
vn 0.3548 0.8908 -0.2838
vn 0.3605 0.7367 -0.5721
vn 0.3000 0.9316 -0.2052
vn 0.1657 0.9231 -0.3471
vn 0.1262 0.9068 -0.4021
vn -0.1106 0.9085 0.4029
vn 0.0552 0.9924 -0.1103
vn -0.2219 0.8799 0.4202
vn -0.1113 0.9541 0.2782
vn 0.3083 0.9486 0.0710
vn 0.0554 0.9980 -0.0317
vn -0.4010 0.8416 -0.3618
vn -0.0707 0.8165 -0.5731
vn -0.4702 0.7368 -0.4859
vn -0.3138 0.5571 -0.7689
vn -0.5559 0.6108 -0.5638
vn -0.5984 0.4042 -0.6917
vn -0.3397 0.9405 0.0079
vn -0.5609 0.2571 -0.7869
vn -0.5256 -0.7498 -0.4020
vn -0.7261 -0.3167 -0.6103
vn -0.4339 -0.3874 -0.8134
vn -0.6508 -0.0077 -0.7592
vn -0.3114 0.1246 -0.9421
vn 0.1170 0.3742 -0.9199
vn -0.0465 -0.1163 -0.9921
vn 0.2980 0.2901 -0.9094
vn 0.1792 -0.1869 -0.9659
vn -0.1004 -0.5176 -0.8497
vn -0.2022 -0.8088 -0.5522
vn 0.1010 -0.5907 -0.8005
vn 0.2729 -0.2807 -0.9202
vn 0.2885 -0.2027 -0.9358
vn 0.2179 -0.2568 -0.9416
vn -0.4717 -0.6960 -0.5413
vn -0.1397 -0.8227 -0.5511
vn 0.1009 -0.6677 -0.7376
vn 0.2716 -0.5587 -0.7837
vn 0.3046 -0.4843 -0.8202
vn 0.2179 -0.5680 -0.7937
vn 0.0078 -0.9999 0.0078
vn -0.1482 -0.9753 0.1638
vn 0.2171 -0.7600 -0.6126
vn 0.1638 -0.8111 -0.5615
vn 0.0932 -0.8075 -0.5824
vn -0.1474 -0.9854 -0.0853
vn -0.3967 -0.8636 0.3112
vn -0.2119 -0.7142 0.6671
vn -0.2177 -0.9019 0.3732
vn -0.2902 -0.5804 0.7609
vn -0.4239 -0.6124 0.6673
vn -0.2985 -0.1493 0.9427
vn -0.4801 -0.0787 0.8737
vn -0.3148 0.2597 0.9129
vn 0.0474 0.8918 0.4499
vn -0.3164 0.5461 0.7756
vn -0.2927 0.9022 0.3166
vn -0.1423 0.3717 0.9174
vn 0.0238 0.7921 0.6099
vn 0.3083 0.9486 0.0712
vn -0.3397 0.9405 0.0080
vn 0.9629 -0.0947 0.2526
vn 0.9831 -0.0158 0.1823
vn 0.9923 0.0556 0.1111
vn 0.9908 0.1348 -0.0079
vn 0.9692 0.2304 -0.0874
vn 0.9916 0.1269 -0.0238
vn 0.9805 0.1265 -0.1502
vn 0.9148 -0.2523 -0.3155
vn 0.8873 -0.3377 -0.3141
vn 0.9708 -0.2368 0.0395
vn 0.9949 -0.0790 -0.0632
vn 0.9583 -0.2749 -0.0786
vn 0.9748 0.0238 -0.2219
vn 0.9695 -0.1734 -0.1734
vn 0.9299 -0.2601 -0.2601
vn 0.9534 -0.1655 -0.2521
vn 0.9874 -0.1580 0.0079
vn 0.9807 -0.1661 -0.1028
vn 0.9947 -0.0947 0.0395
vn 0.9265 -0.2851 0.2455
vn 0.9496 -0.2136 0.2295
vn 0.9758 -0.1889 0.1102
vn 0.9800 -0.1976 0.0237
vn 0.8486 -0.2141 0.4838
vn 0.8704 -0.3482 0.3481
vn 0.9078 -0.3947 0.1421
vn 0.9377 -0.3467 0.0236
vn 0.9322 -0.2923 0.2133
vn 0.9580 -0.2850 0.0316
vn 0.8921 -0.4500 0.0395
vn 0.9386 -0.3392 -0.0631
vn 0.8990 -0.1734 0.4022
vn 0.8914 -0.2367 0.3865
vn 0.8906 -0.2128 0.4019
vn 0.5669 -0.4331 0.7008
vn 0.5671 -0.4568 0.6853
vn 0.0473 -0.4964 0.8668
vn -0.0393 -0.5268 0.8491
vn -0.1178 -0.5418 0.8322
vn -0.1489 -0.6033 0.7835
vn -0.7262 -0.3167 -0.6102
vn -0.7905 0.0155 -0.6122
vn -0.5610 0.2571 -0.7869
vn -0.5985 0.4041 -0.6917
vn -0.8388 0.1321 -0.5282
vn -0.8896 0.0155 -0.4564
vn -0.9357 0.3353 0.1092
vn -0.9287 0.3200 -0.1873
vn -0.8972 0.3589 -0.2574
vn -0.8952 0.4204 -0.1479
vn 0.1191 0.8175 0.5635
vn 0.0712 0.8074 0.5857
vn 0.0318 0.8987 0.4374
vn 0.0396 0.8705 0.4906
vn 0.0555 0.7773 0.6266
vn 0.0239 0.8194 0.5728
vn -0.0476 0.7220 0.6903
vn 0.1915 0.7020 0.6859
vn -0.0079 0.7530 0.6579
vn 0.0713 0.8395 0.5386
vn -0.2600 0.4413 0.8589
vn -0.3155 0.2209 0.9229
vn -0.1579 0.0316 0.9870
vn 0.1981 0.1030 0.9748
vn 0.8439 -0.2208 0.4890
vn 0.7929 -0.5888 0.1570
vn 0.3573 0.5399 0.7622
vn 0.8907 0.0318 0.4534
vn 0.1112 0.6275 0.7706
vn -0.2062 0.7452 0.6342
vn -0.3716 0.6721 0.6405
vn -0.6609 0.6530 0.3698
vn -0.6590 0.7061 0.2589
vn -0.8605 0.5007 -0.0939
vn -0.8208 0.5472 -0.1641
vn -0.8368 0.2480 -0.4881
vn -0.8328 0.2569 -0.4903
vn -0.6824 -0.0543 -0.7289
vn -0.4633 -0.3397 -0.8185
vn -0.3954 -0.3411 -0.8528
vn -0.6660 -0.0620 -0.7434
vn -0.7778 0.3734 -0.5056
vn -0.7985 0.5871 -0.1331
vn -0.4030 0.8137 0.4188
vn -0.3330 -0.3097 -0.8906
vn -0.4915 0.1482 -0.8582
vn -0.0235 0.6111 -0.7912
vn 0.3536 0.5737 -0.7388
vn -0.3916 -0.4699 0.7911
vn -0.4239 -0.3924 0.8163
vn -0.5805 -0.3766 0.7219
vn -0.5947 -0.4148 0.6887
vn -0.5236 -0.4690 0.7113
vn -0.5264 -0.3771 0.7620
vn -0.7277 -0.2974 0.6181
vn -0.9074 -0.1721 0.3833
vn -0.8958 -0.4362 0.0857
vn -0.9321 -0.1398 0.3340
vn -0.9640 -0.0700 0.2565
vn -0.8843 -0.4654 -0.0388
vn -0.8621 -0.4892 -0.1320
vn -0.8848 -0.4657 0.0155
vn -0.7125 -0.1316 -0.6892
vn -0.8967 -0.2010 -0.3943
vn -0.8370 -0.1473 -0.5270
vn -0.8005 0.4120 -0.4353
vn -0.9241 -0.3029 -0.2330
vn -0.4578 -0.8693 -0.1863
vn 0.8056 -0.3554 0.4739
vn 0.8720 0.2377 0.4280
vn 0.5968 0.3103 0.7400
vn 0.4731 -0.6230 0.6229
vn 0.2866 0.3502 0.8917
vn 0.2286 -0.2603 0.9381
vn 0.7528 -0.6430 -0.1411
vn 0.9677 -0.2517 -0.0157
vn 0.7235 0.5804 0.3737
vn 0.7450 -0.6666 0.0235
vn 0.3901 -0.9207 0.0078
vn 0.4732 -0.6229 0.6230
vn 0.0933 -0.9949 -0.0389
vn 0.1800 -0.8920 0.4146
vn 0.0313 -0.9384 0.3442
vn -0.0157 -0.3537 0.9352
vn -0.0078 -0.9999 -0.0078
vn -0.0930 -0.9461 -0.3102
vn -0.4099 -0.8661 -0.2861
vn -0.0934 -0.9260 -0.3657
vn 0.0932 -0.9323 -0.3495
vn 0.1638 -0.9359 -0.3120
vn -0.1556 -0.9878 0.0078
vn -0.5731 -0.8133 0.1007
vn -0.0078 -0.9235 0.3835
vn -0.0934 -0.9260 0.3658
vn -0.2899 -0.6111 0.7365
vn -0.5053 -0.7540 0.4197
vn -0.5029 0.0078 0.8643
vn -0.7033 -0.5939 0.3907
vn -0.7593 -0.6508 -0.0000
vn -0.2899 -0.6112 0.7365
vn -0.0157 -0.3538 0.9352
vn -0.0157 -0.3536 0.9353
vn -0.6899 -0.7054 -0.1628
vn -0.4272 -0.8623 -0.2719
vn 0.0155 -0.9372 -0.3485
vn 0.3668 -0.8818 -0.2965
vn 0.8550 -0.4863 -0.1804
vn 0.1636 -0.9192 -0.3583
vn -0.3170 -0.8966 -0.3092
vn -0.7002 -0.6847 -0.2023
vn -0.0930 -0.9297 -0.3564
vn -0.1084 -0.9219 -0.3719
vn 0.1008 -0.9227 -0.3722
vn 0.0698 -0.9224 -0.3798
vn 0.1939 -0.9076 -0.3723
vn 0.7378 -0.6200 -0.2669
vn 0.8416 0.4923 0.2223
vn 0.7237 0.6204 0.3022
vn 0.8640 0.4439 0.2378
vn 0.9910 -0.1337 -0.0000
vn 0.8090 -0.5419 -0.2278
vn 0.5374 -0.7867 -0.3038
vn 0.9867 -0.1579 -0.0395
vn 0.5630 -0.7584 -0.3284
vn 0.9898 -0.1188 -0.0792
vn 0.4222 -0.8287 -0.3675
vn 0.7287 0.5941 0.3406
vn 0.7129 0.6256 0.3168
vn 0.6356 0.7071 0.3099
vn 0.1241 -0.9229 -0.3645
vn 0.3039 -0.8728 -0.3819
vn -0.0000 -0.9151 -0.4032
vn 0.3343 -0.8550 -0.3964
vn 0.0078 -0.9005 -0.4347
vn 0.3274 -0.8339 -0.4443
vn -0.1241 -0.8764 -0.4654
vn 0.1085 -0.8524 -0.5115
vn 0.8770 -0.4266 -0.2212
vn 0.9064 -0.3389 -0.2522
vn 0.5713 -0.6731 -0.4696
vn 0.3106 -0.7687 -0.5591
vn -0.0156 -0.8332 -0.5528
vn 0.1240 -0.7748 -0.6199
vn -0.1392 -0.7733 -0.6186
vn 0.4994 -0.6008 -0.6242
vn 0.8141 -0.3522 -0.4618
vn 0.9771 -0.0000 -0.2128
vn 0.8888 0.0944 -0.4484
vn 0.8149 0.5776 -0.0474
vn 0.8041 0.5891 0.0796
vn 0.8334 0.5318 0.1508
vn 0.9995 0.0079 -0.0317
vn 0.6510 -0.1804 -0.7373
vn 0.5099 0.4158 -0.7531
vn 0.6860 0.6308 -0.3627
vn 0.5491 0.8357 0.0080
vn -0.6680 -0.1786 -0.7224
vn -0.9007 0.1786 -0.3960
vn -0.6735 0.6658 -0.3211
vn -0.5110 -0.6039 -0.6117
vn -0.2706 -0.6571 -0.7035
vn -0.0309 -0.7183 -0.6951
vn 0.2795 -0.6055 -0.7452
vn -0.3097 -0.3330 -0.8906
vn -0.0078 -0.5439 -0.8391
vn 0.2802 -0.3036 -0.9107
vn -0.0156 0.4596 -0.8880
vn 0.5098 0.4158 -0.7531
vn 0.2803 -0.3035 -0.9107
vn -0.4911 0.6002 -0.6313
vn -0.3098 -0.3329 -0.8906
vn -0.4910 0.6002 -0.6314
vn -0.0156 0.4595 -0.8880
vn -0.1328 -0.9527 0.2733
vn 0.1639 -0.9523 0.2575
vn 0.2881 -0.9343 0.2102
vn 0.1023 -0.2283 0.9682
vn -0.1172 -0.8754 0.4690
vn -0.0704 -0.9695 0.2346
vn -0.2108 -0.9450 0.2499
vn 0.2584 -0.9240 0.2819
vn 0.5699 0.1900 0.7995
vn -0.1577 0.3075 0.9384
vn 0.1101 -0.2595 0.9594
vn -0.1191 0.3892 0.9134
vn -0.3225 -0.1415 0.9359
vn -0.5428 -0.3146 0.7787
vn -0.5173 -0.1254 0.8465
vn -0.6293 0.4090 0.6608
vn -0.2212 0.4581 0.8609
vn -0.0079 0.6829 0.7305
vn 0.1752 0.3185 0.9316
vn -0.1742 0.6257 0.7603
vn -0.4889 0.4337 0.7569
vn -0.1350 0.4526 0.8814
vn 0.5007 0.1987 0.8425
vn 0.1113 0.3895 0.9143
vn 0.9206 0.1746 0.3492
vn 0.7848 0.2220 0.5787
vn 0.3659 0.5647 0.7397
vn 0.6618 0.5900 0.4625
vn 0.5396 0.6110 0.5792
vn 0.6572 0.1188 0.7443
vn 0.3893 0.2066 0.8977
vn -0.1031 0.1507 0.9832
vn 0.1187 0.0870 0.9891
vn -0.3472 0.5525 0.7577
vn -0.5049 0.2682 0.8205
vn -0.5663 0.5505 0.6134
vn -0.4728 0.4649 0.7486
vn -0.4405 0.1259 0.8889
vn -0.0634 0.6566 0.7515
vn 0.2217 0.3880 0.8946
vn 0.2369 -0.3237 0.9160
vn -0.3373 -0.0078 0.9414
vn -0.5098 -0.6276 0.5884
vn -0.5643 -0.2822 0.7759
vn -0.9745 0.2105 -0.0779
vn 0.1897 0.9803 0.0553
vn 0.5099 0.4157 -0.7532
vn 0.1892 0.9299 -0.3153
vn 0.8149 0.5776 -0.0475
vn 0.2370 0.9401 0.2449
vn 0.1190 0.9677 0.2221
vn -0.0792 0.9737 0.2137
vn -0.2126 0.9763 0.0395
vn -0.4587 0.8857 0.0712
vn -0.2063 0.9046 0.3730
vn 0.2136 0.8861 0.4114
vn 0.2214 0.9016 0.3717
vn -0.0395 0.9397 0.3396
vn 0.3260 0.8984 0.2942
vn 0.0079 0.9454 0.3257
vn -0.2136 0.9414 0.2611
vn -0.7980 0.6024 -0.0156
vn 0.2137 0.8706 0.4432
vn 0.1742 0.8710 0.4593
vn 0.4212 0.8265 0.3735
vn 0.8040 0.5892 0.0796
vn -0.9238 0.2896 0.2505
vn -0.7063 0.6043 0.3688
vn -0.9246 0.3056 0.2272
vn -0.7555 0.5745 0.3148
vn -0.1978 0.8703 0.4510
vn -0.2444 0.8593 0.4494
vn -0.1665 0.8804 0.4441
vn -0.2136 0.8861 0.4114
vn -0.4803 0.8425 0.2439
vn -0.7566 0.6305 0.1734
vn -0.8406 0.5106 0.1807
vn -0.6942 0.6469 0.3156
vn -0.9827 -0.1794 -0.0468
vn -0.9343 0.3036 0.1869
vn -0.9992 -0.0000 -0.0390
vn -0.9678 0.2185 -0.1249
vn -0.9821 -0.0935 -0.1637
vn -0.8780 -0.4041 -0.2564
vn -0.7419 -0.6028 -0.2937
vn -0.4885 -0.8064 -0.3334
vn -0.7504 -0.5184 -0.4100
vn -0.5814 -0.6977 -0.4186
vn -0.3322 -0.8497 -0.4094
vn -0.3091 -0.8655 -0.3941
vn -0.1088 -0.9246 -0.3652
vn -0.1393 -0.9210 -0.3638
vn -0.2870 -0.8145 -0.5042
vn -0.3635 -0.7581 -0.5415
vn -0.8384 -0.3183 -0.4425
vn -0.4911 0.6002 -0.6314
vn -0.2043 0.9271 -0.3143
vn -0.6736 0.6657 -0.3211
vn -0.2043 0.9271 -0.3142
vn -0.0079 0.9897 -0.1426
vn 0.1891 0.9300 -0.3151
vn -0.0155 0.4595 -0.8881
vn 0.8720 0.2378 0.4280
vn 0.2466 0.7875 0.5648
vn 0.0950 0.9027 0.4197
vn 0.2618 0.8725 0.4125
vn -0.0555 0.8246 0.5630
vn -0.0238 0.3493 0.9367
vn -0.0474 0.3791 0.9241
vn -0.0157 -0.3535 0.9353
vn -0.1420 0.1972 0.9700
vn -0.1105 0.6787 0.7260
vn -0.0238 0.6493 0.7602
vn 0.0632 0.6397 0.7660
vn 0.2866 0.3504 0.8917
vn 0.5967 0.3103 0.7400
vn 0.2456 -0.1426 0.9588
vn -0.0000 0.3892 0.9212
vn 0.0790 0.2843 0.9555
vn -0.0158 -0.3537 0.9352
vn -0.5690 0.2530 0.7824
vn 0.0796 0.5892 0.8041
vn 0.1106 0.1659 0.9799
vn -0.9603 0.0860 0.2654
vn 0.1799 -0.8920 0.4147
vn 0.4829 -0.8644 0.1402
vn 0.1902 0.8797 0.4359
vn -0.1978 0.8783 0.4352
vn -0.6687 0.6451 0.3697
vn -0.1588 0.8893 0.4288
vn -0.4728 0.7801 0.4098
vn -0.1185 0.8928 0.4346
vn -0.2930 0.8552 0.4276
vn -0.0079 0.9111 0.4120
vn -0.1659 0.8928 0.4188
vn 0.1831 0.8917 0.4140
vn 0.2060 0.8875 0.4121
vn 0.1272 0.8980 0.4212
vn 0.8416 0.4922 0.2223
vn 0.7128 0.6257 0.3168
vn -0.2899 -0.6113 0.7364
vn -0.0158 -0.3535 0.9353
vn -0.3626 0.7331 0.5754
vn -0.3868 0.7499 0.5367
vn -0.7693 0.4710 0.4317
vn -0.6273 0.6586 0.4156
vn -0.6920 0.6291 0.3539
vn -0.7945 0.5193 0.3147
vn -0.8574 0.4011 0.3225
vn -0.4961 -0.8139 -0.3023
vn -0.5651 -0.7819 -0.2632
vn -0.7277 -0.6580 -0.1935
vn -0.7526 -0.6130 -0.2405
vn -0.5204 -0.7923 -0.3184
vn -0.7106 -0.6720 -0.2086
vn 0.4129 -0.8803 -0.2337
vn 0.5225 -0.8423 -0.1326
vn 0.5575 -0.8166 -0.1492
vn 0.4757 -0.8657 -0.1560
vn 0.3671 -0.9060 -0.2109
vn 0.3279 -0.9290 -0.1717
vn 0.2885 -0.9434 -0.1637
vn 0.2495 -0.9434 -0.2183
vn 0.5486 -0.7210 -0.4232
vn 0.3267 -0.9178 -0.2256
vn 0.2727 -0.9352 -0.2260
vn 0.1951 -0.9442 -0.2653
vn 0.2335 -0.8485 -0.4749
vn 0.2885 -0.6160 -0.7330
vn 0.1088 -0.8780 -0.4662
vn 0.2724 -0.9105 -0.3112
vn 0.2020 -0.8391 -0.5050
vn 0.1634 -0.6535 -0.7391
vn 0.4044 -0.5599 -0.7232
vn 0.1323 -0.9801 -0.1478
vn 0.2176 -0.9170 -0.3342
vn 0.2638 -0.8689 -0.4189
vn 0.1322 -0.9485 -0.2877
vn -0.4056 -0.8112 0.4212
vn -0.3657 -0.8946 0.2568
vn -0.3048 -0.8754 0.3752
vn -0.3819 -0.8105 0.4442
vn 0.4856 -0.8614 -0.1488
vn 0.3281 -0.9373 -0.1172
vn -0.4178 -0.7117 -0.5647
vn -0.1322 -0.9411 -0.3111
vn -0.1701 -0.9356 -0.3093
vn 0.0234 -0.9992 -0.0312
vn -0.0928 -0.9824 -0.1624
vn 0.0467 -0.9965 0.0700
vn 0.1329 -0.9851 -0.1095
vn 0.1011 -0.9253 -0.3655
vn -0.1006 -0.9133 -0.3947
vn -0.2320 -0.8507 -0.4717
vn -0.3097 -0.7588 -0.5730
vn -0.0929 -0.7737 -0.6267
vn -0.2863 -0.6966 -0.6579
vn 0.8933 -0.3715 0.2530
vn -0.9339 -0.3010 -0.1929
vn -0.9465 -0.2637 -0.1861
vn -0.9551 0.2897 0.0627
vn -0.9562 0.2821 0.0784
vn -0.9573 0.2880 0.0234
vn -0.9663 0.2572 0.0078
vn -0.9613 0.2736 0.0312
vn 0.1729 -0.3536 0.9193
vn 0.2532 -0.2532 0.9337
vn 0.3879 -0.3245 0.8627
vn 0.5669 -0.4331 0.7007
vn 0.5495 0.1592 0.8202
vn 0.4909 0.1188 0.8631
vn 0.2704 0.1272 0.9543
vn -0.2248 -0.9068 -0.3566
vn 0.2109 -0.9685 0.1328
vn -0.5523 0.6313 0.5444
vn -0.2130 0.7179 0.6627
vn -0.5115 -0.2359 0.8263
vn -0.4009 0.1493 0.9039
vn -0.5730 -0.1334 0.8086
vn -0.4696 -0.5322 0.7044
vn -0.2341 -0.8972 0.3745
vn -0.0860 -0.9534 0.2892
vn -0.2693 0.1980 0.9425
vn 0.9935 -0.0631 -0.0947
vn 0.9909 -0.0951 -0.0952
vn 0.9653 -0.2611 -0.0001
vt 0.085449 0.215332
vt 0.088257 0.216797
vt 0.087341 0.216309
vt 0.085815 0.215820
vt 0.087341 0.215820
vt 0.084351 0.216309
vt 0.092529 0.223145
vt 0.091980 0.232910
vt 0.093750 0.239746
vt 0.089111 0.223145
vt 0.089844 0.220215
vt 0.088074 0.217285
vt 0.090698 0.219727
vt 0.089722 0.239258
vt 0.088623 0.232910
vt 0.087952 0.223145
vt 0.087036 0.218262
vt 0.086975 0.217285
vt 0.087463 0.215332
vt 0.085754 0.223145
vt 0.086121 0.227051
vt 0.077209 0.235840
vt 0.072083 0.241211
vt 0.071228 0.249512
vt 0.078003 0.229492
vt 0.081848 0.225586
vt 0.082947 0.217773
vt 0.086487 0.217773
vt 0.081360 0.230957
vt 0.083496 0.238281
vt 0.078308 0.223633
vt 0.071594 0.232910
vt 0.073792 0.226562
vt 0.065857 0.237305
vt 0.063782 0.245605
vt 0.057404 0.251465
vt 0.059845 0.252930
vt 0.052979 0.259277
vt 0.051453 0.268555
vt 0.043976 0.274902
vt 0.081787 0.216309
vt 0.085510 0.216309
vt 0.078796 0.217773
vt 0.067078 0.229004
vt 0.057343 0.241211
vt 0.052551 0.248535
vt 0.047729 0.255859
vt 0.045654 0.265137
vt 0.037659 0.270508
vt 0.036133 0.280273
vt 0.027817 0.285645
vt 0.020065 0.309082
vt 0.019379 0.299316
vt 0.013336 0.309570
vt 0.017456 0.314453
vt 0.023941 0.312012
vt 0.020554 0.317871
vt 0.035095 0.290039
vt 0.042847 0.284668
vt 0.031006 0.307129
vt 0.027161 0.314941
vt 0.034637 0.309570
vt 0.033539 0.318848
vt 0.038422 0.311523
vt 0.038025 0.320801
vt 0.046387 0.305664
vt 0.022949 0.320801
vt 0.024887 0.323242
vt 0.027359 0.326660
vt 0.033691 0.328125
vt 0.038452 0.330078
vt 0.050476 0.307129
vt 0.042908 0.332520
vt 0.053619 0.289551
vt 0.057373 0.291504
vt 0.057251 0.281738
vt 0.064148 0.274902
vt 0.064453 0.265137
vt 0.070740 0.258301
vt 0.065125 0.255859
vt 0.076477 0.251465
vt 0.076721 0.243164
vt 0.076538 0.260254
vt 0.070496 0.267578
vt 0.083862 0.245605
vt 0.070801 0.277344
vt 0.064331 0.284180
vt 0.076782 0.269531
vt 0.082275 0.262207
vt 0.077637 0.279297
vt 0.071716 0.286621
vt 0.065247 0.293945
vt 0.058075 0.300781
vt 0.066467 0.303711
vt 0.059113 0.310547
vt 0.051086 0.316895
vt 0.051727 0.326660
vt 0.060333 0.320312
vt 0.068176 0.313477
vt 0.073120 0.296387
vt 0.075073 0.306152
vt 0.079102 0.288574
vt 0.081299 0.298340
vt 0.047699 0.334473
vt 0.053040 0.335938
vt 0.062500 0.329590
vt 0.070740 0.322754
vt 0.077820 0.315918
vt 0.073242 0.336914
vt 0.080994 0.325684
vt 0.079102 0.338379
vt 0.084229 0.308594
vt 0.086975 0.290527
vt 0.066040 0.338379
vt 0.059021 0.336914
vt 0.083008 0.289551
vt 0.086304 0.271973
vt 0.089539 0.272461
vt 0.090759 0.263672
vt 0.087036 0.254395
vt 0.092224 0.255371
vt 0.083069 0.270996
vt 0.735352 0.976669
vt 0.730469 0.976379
vt 0.727051 0.978256
vt 0.727539 0.971893
vt 0.725098 0.968872
vt 0.725098 0.976654
vt 0.724609 0.979111
vt 0.729980 0.980270
vt 0.735840 0.978455
vt 0.741211 0.974991
vt 0.744141 0.968872
vt 0.746094 0.970428
vt 0.748047 0.963135
vt 0.751953 0.955902
vt 0.737793 0.957611
vt 0.735840 0.962921
vt 0.750488 0.964325
vt 0.757812 0.948639
vt 0.757324 0.938629
vt 0.760254 0.939240
vt 0.733398 0.939880
vt 0.731934 0.947632
vt 0.735840 0.940582
vt 0.734375 0.931885
vt 0.737793 0.932739
vt 0.742188 0.943237
vt 0.744141 0.935242
vt 0.751953 0.946716
vt 0.743164 0.952209
vt 0.759277 0.921692
vt 0.761230 0.930054
vt 0.762207 0.922302
vt 0.757812 0.929688
vt 0.754883 0.929199
vt 0.742188 0.925842
vt 0.738770 0.924744
vt 0.728516 0.916321
vt 0.735352 0.924072
vt 0.735352 0.916565
vt 0.739258 0.916870
vt 0.746582 0.918213
vt 0.753418 0.920166
vt 0.756348 0.921021
vt 0.743164 0.910278
vt 0.752441 0.912170
vt 0.756348 0.913513
vt 0.759277 0.914795
vt 0.762207 0.915527
vt 0.765137 0.916138
vt 0.716797 0.908813
vt 0.712891 0.915710
vt 0.716797 0.916138
vt 0.720703 0.909180
vt 0.721191 0.916260
vt 0.728027 0.909485
vt 0.731934 0.909607
vt 0.739258 0.909790
vt 0.728516 0.923767
vt 0.720703 0.923950
vt 0.716797 0.923950
vt 0.712891 0.932251
vt 0.709473 0.923950
vt 0.706055 0.940918
vt 0.705566 0.932312
vt 0.716309 0.932007
vt 0.712891 0.940277
vt 0.709961 0.948425
vt 0.708496 0.956360
vt 0.714355 0.954620
vt 0.712891 0.961578
vt 0.720215 0.959747
vt 0.718262 0.964844
vt 0.716797 0.947113
vt 0.716309 0.939789
vt 0.720215 0.931763
vt 0.723633 0.939117
vt 0.723145 0.946564
vt 0.720215 0.953613
vt 0.727051 0.960602
vt 0.724609 0.965149
vt 0.727051 0.965515
vt 0.730469 0.954834
vt 0.729492 0.961090
vt 0.728027 0.954224
vt 0.729004 0.946960
vt 0.730469 0.939331
vt 0.728027 0.931396
vt 0.178955 0.276855
vt 0.179321 0.267578
vt 0.173340 0.266602
vt 0.176758 0.257812
vt 0.182373 0.249023
vt 0.187256 0.286133
vt 0.183594 0.267578
vt 0.184326 0.258301
vt 0.187134 0.241211
vt 0.188599 0.231934
vt 0.195068 0.224121
vt 0.190430 0.223145
vt 0.197144 0.214844
vt 0.192017 0.213379
vt 0.189087 0.267578
vt 0.194336 0.286133
vt 0.190674 0.296387
vt 0.187134 0.295898
vt 0.202759 0.216797
vt 0.204956 0.227051
vt 0.192017 0.242188
vt 0.189697 0.259277
vt 0.196045 0.267578
vt 0.197021 0.276367
vt 0.198242 0.286133
vt 0.220825 0.223633
vt 0.227417 0.216309
vt 0.210571 0.219238
vt 0.213867 0.230957
vt 0.207642 0.238281
vt 0.202637 0.245605
vt 0.196655 0.259766
vt 0.244385 0.182617
vt 0.231445 0.177734
vt 0.234009 0.188965
vt 0.237549 0.200195
vt 0.224365 0.194824
vt 0.232910 0.208008
vt 0.220215 0.203125
vt 0.211304 0.209473
vt 0.204468 0.207031
vt 0.211914 0.199219
vt 0.215942 0.190430
vt 0.205811 0.196777
vt 0.198853 0.205078
vt 0.203003 0.195801
vt 0.223389 0.183594
vt 0.215942 0.180176
vt 0.209595 0.187988
vt 0.206665 0.186523
vt 0.199951 0.184570
vt 0.206543 0.176758
vt 0.201904 0.157715
vt 0.209839 0.177734
vt 0.215698 0.170410
vt 0.227295 0.156738
vt 0.208862 0.132812
vt 0.204712 0.122070
vt 0.202026 0.130859
vt 0.197754 0.147949
vt 0.204102 0.149414
vt 0.211304 0.160156
vt 0.217285 0.152832
vt 0.220459 0.154297
vt 0.193848 0.128418
vt 0.196411 0.120117
vt 0.225952 0.138184
vt 0.222534 0.137207
vt 0.190552 0.108398
vt 0.199585 0.111328
vt 0.187378 0.117188
vt 0.184937 0.126465
vt 0.182251 0.144531
vt 0.180054 0.163086
vt 0.193970 0.165039
vt 0.171509 0.171387
vt 0.174438 0.133789
vt 0.177979 0.114746
vt 0.181152 0.105469
vt 0.184692 0.096191
vt 0.198242 0.090332
vt 0.188599 0.087402
vt 0.174561 0.093750
vt 0.166748 0.083008
vt 0.183350 0.075195
vt 0.167358 0.003906
vt 0.160645 0.011719
vt 0.184937 0.017090
vt 0.169678 0.033203
vt 0.180420 0.043457
vt 0.161011 0.057617
vt 0.155518 0.075684
vt 0.144775 0.085449
vt 0.171265 0.103027
vt 0.151367 0.029785
vt 0.148071 0.040039
vt 0.144653 0.093750
vt 0.168579 0.112305
vt 0.155029 0.006836
vt 0.148560 0.014160
vt 0.140991 0.019531
vt 0.140015 0.043945
vt 0.142578 0.070312
vt 0.137451 0.086426
vt 0.144287 0.009766
vt 0.134766 0.070801
vt 0.131226 0.058594
vt 0.138672 0.104004
vt 0.132568 0.086426
vt 0.129761 0.071289
vt 0.126221 0.060059
vt 0.120789 0.052734
vt 0.124573 0.046387
vt 0.132812 0.046387
vt 0.109131 0.061035
vt 0.115967 0.057129
vt 0.106628 0.057617
vt 0.117310 0.058105
vt 0.119019 0.060059
vt 0.123169 0.066406
vt 0.128784 0.086914
vt 0.134155 0.104492
vt 0.125000 0.095703
vt 0.116943 0.087891
vt 0.104065 0.066895
vt 0.101807 0.064453
vt 0.111816 0.063477
vt 0.118958 0.074219
vt 0.103333 0.079102
vt 0.100037 0.091797
vt 0.106384 0.069336
vt 0.098633 0.072754
vt 0.092407 0.078613
vt 0.085632 0.084961
vt 0.089050 0.072754
vt 0.095032 0.067871
vt 0.092834 0.064941
vt 0.099060 0.062012
vt 0.072083 0.101074
vt 0.078796 0.092773
vt 0.067139 0.092285
vt 0.074097 0.084473
vt 0.081543 0.078125
vt 0.087891 0.070312
vt 0.086426 0.066895
vt 0.079895 0.074707
vt 0.071838 0.081055
vt 0.055878 0.093262
vt 0.058289 0.096680
vt 0.078979 0.071289
vt 0.068054 0.073242
vt 0.059814 0.081543
vt 0.057129 0.077148
vt 0.053436 0.089844
vt 0.050690 0.085938
vt 0.060730 0.100586
vt 0.066589 0.111328
vt 0.080505 0.123535
vt 0.072815 0.126953
vt 0.075195 0.135742
vt 0.085510 0.152344
vt 0.079285 0.164551
vt 0.095825 0.167480
vt 0.091980 0.139160
vt 0.086426 0.111816
vt 0.083801 0.104004
vt 0.088135 0.089355
vt 0.102600 0.098633
vt 0.097534 0.117676
vt 0.102356 0.164551
vt 0.103455 0.174316
vt 0.097595 0.176758
vt 0.109070 0.183105
vt 0.113953 0.192383
vt 0.113647 0.182617
vt 0.113586 0.172363
vt 0.113892 0.162598
vt 0.113892 0.115234
vt 0.119568 0.200195
vt 0.123962 0.190430
vt 0.118469 0.182129
vt 0.118591 0.172363
vt 0.119202 0.162109
vt 0.120544 0.143555
vt 0.126221 0.114258
vt 0.123718 0.171875
vt 0.129272 0.162109
vt 0.134033 0.171387
vt 0.134399 0.152344
vt 0.139038 0.161621
vt 0.139282 0.170898
vt 0.125854 0.143066
vt 0.130737 0.114258
vt 0.134644 0.133301
vt 0.138916 0.142578
vt 0.144043 0.151367
vt 0.144653 0.170410
vt 0.138916 0.123047
vt 0.150024 0.141602
vt 0.150513 0.169922
vt 0.158081 0.121582
vt 0.157227 0.151367
vt 0.156616 0.179199
vt 0.150513 0.179199
vt 0.150635 0.188965
vt 0.145142 0.188965
vt 0.164673 0.161133
vt 0.163330 0.179688
vt 0.170654 0.180176
vt 0.179077 0.172363
vt 0.195923 0.204102
vt 0.196655 0.193848
vt 0.190430 0.182617
vt 0.188354 0.191406
vt 0.185547 0.200684
vt 0.185913 0.211426
vt 0.168091 0.207520
vt 0.171509 0.217773
vt 0.160889 0.216797
vt 0.159302 0.226562
vt 0.188110 0.222168
vt 0.162231 0.236328
vt 0.184326 0.230957
vt 0.153076 0.255371
vt 0.172119 0.257324
vt 0.176514 0.248047
vt 0.183105 0.240234
vt 0.170532 0.266602
vt 0.159302 0.265137
vt 0.180298 0.295410
vt 0.172607 0.285645
vt 0.166626 0.284668
vt 0.165039 0.275391
vt 0.157104 0.274902
vt 0.163208 0.284180
vt 0.155151 0.284180
vt 0.146484 0.264648
vt 0.148438 0.274414
vt 0.146240 0.284180
vt 0.140259 0.274414
vt 0.138184 0.283691
vt 0.142334 0.264648
vt 0.147583 0.235840
vt 0.153931 0.226562
vt 0.155273 0.216797
vt 0.144165 0.226074
vt 0.143188 0.235840
vt 0.138550 0.264648
vt 0.136475 0.273926
vt 0.135254 0.217285
vt 0.144775 0.216797
vt 0.150391 0.207520
vt 0.135010 0.235840
vt 0.135254 0.226562
vt 0.125366 0.208496
vt 0.135132 0.208008
vt 0.140015 0.208008
vt 0.145264 0.198242
vt 0.140015 0.198730
vt 0.134888 0.198730
vt 0.124634 0.199707
vt 0.120728 0.208984
vt 0.139648 0.180176
vt 0.134644 0.189453
vt 0.123718 0.181641
vt 0.719727 0.975281
vt 0.722656 0.977783
vt 0.722656 0.976151
vt 0.718750 0.978958
vt 0.713867 0.975494
vt 0.709473 0.915222
vt 0.706055 0.923889
vt 0.702148 0.932495
vt 0.704102 0.949768
vt 0.708496 0.963928
vt 0.712891 0.968140
vt 0.709961 0.970734
vt 0.706543 0.965118
vt 0.703613 0.958405
vt 0.699707 0.941864
vt 0.699219 0.932739
vt 0.699707 0.924133
vt 0.700195 0.917053
vt 0.706543 0.915833
vt 0.699219 0.910950
vt 0.704102 0.907837
vt 0.707520 0.904907
vt 0.712402 0.907654
vt 0.721680 0.902710
vt 0.716797 0.901978
vt 0.175537 0.318848
vt 0.177124 0.312988
vt 0.173584 0.311523
vt 0.171997 0.317383
vt 0.170776 0.311523
vt 0.168091 0.317383
vt 0.171509 0.304199
vt 0.170654 0.293945
vt 0.175415 0.303711
vt 0.176880 0.295410
vt 0.178955 0.304688
vt 0.181030 0.314453
vt 0.179565 0.320312
vt 0.174316 0.323242
vt 0.182739 0.305176
vt 0.184937 0.314941
vt 0.183228 0.321289
vt 0.177979 0.325195
vt 0.184082 0.329102
vt 0.186523 0.322754
vt 0.181152 0.327148
vt 0.188721 0.315430
vt 0.186523 0.305664
vt 0.198608 0.296387
vt 0.190063 0.306152
vt 0.192505 0.316406
vt 0.189819 0.324219
vt 0.198486 0.307129
vt 0.196777 0.317383
vt 0.193604 0.325684
vt 0.187256 0.331055
vt 0.190918 0.333008
vt 0.182007 0.335938
vt 0.183472 0.346680
vt 0.187378 0.350586
vt 0.180420 0.354980
vt 0.183838 0.361816
vt 0.177124 0.359375
vt 0.178101 0.366211
vt 0.174683 0.367676
vt 0.168823 0.359375
vt 0.169800 0.363281
vt 0.174561 0.354492
vt 0.174805 0.346680
vt 0.177002 0.340332
vt 0.179199 0.333496
vt 0.176392 0.331055
vt 0.174194 0.337891
vt 0.171875 0.344238
vt 0.169800 0.348633
vt 0.162842 0.348145
vt 0.164795 0.354980
vt 0.154175 0.348633
vt 0.156494 0.349121
vt 0.155518 0.340332
vt 0.158569 0.341309
vt 0.161377 0.330078
vt 0.166016 0.339355
vt 0.159302 0.353516
vt 0.134277 0.362793
vt 0.141479 0.355469
vt 0.136108 0.355957
vt 0.144287 0.350586
vt 0.148682 0.351562
vt 0.148193 0.349121
vt 0.151611 0.343750
vt 0.153320 0.334473
vt 0.154785 0.328613
vt 0.150513 0.327637
vt 0.143677 0.333984
vt 0.147461 0.343750
vt 0.142456 0.340332
vt 0.137329 0.346191
vt 0.128662 0.354492
vt 0.131348 0.348633
vt 0.131470 0.341309
vt 0.132690 0.333008
vt 0.139648 0.325684
vt 0.151855 0.321289
vt 0.126465 0.347656
vt 0.125488 0.353516
vt 0.128296 0.332520
vt 0.135986 0.317383
vt 0.123535 0.340332
vt 0.122009 0.353516
vt 0.125000 0.362305
vt 0.129395 0.363770
vt 0.125732 0.366211
vt 0.122498 0.366699
vt 0.121887 0.363281
vt 0.118835 0.362793
vt 0.118958 0.365723
vt 0.123169 0.371094
vt 0.115112 0.364258
vt 0.115112 0.367188
vt 0.111633 0.361816
vt 0.123535 0.370117
vt 0.129150 0.371582
vt 0.132935 0.374023
vt 0.132568 0.376953
vt 0.136597 0.380859
vt 0.132080 0.379395
vt 0.148926 0.388672
vt 0.146484 0.391113
vt 0.150635 0.393066
vt 0.145630 0.386230
vt 0.139893 0.384277
vt 0.138184 0.379395
vt 0.154907 0.395020
vt 0.161621 0.392578
vt 0.156006 0.392090
vt 0.152222 0.390625
vt 0.151733 0.385742
vt 0.142822 0.378418
vt 0.137573 0.372559
vt 0.177246 0.374023
vt 0.173340 0.375000
vt 0.175903 0.380371
vt 0.168823 0.385742
vt 0.174561 0.388184
vt 0.162354 0.389160
vt 0.174316 0.391113
vt 0.161377 0.395996
vt 0.160889 0.384277
vt 0.167236 0.374512
vt 0.169189 0.368652
vt 0.167480 0.363770
vt 0.166748 0.368652
vt 0.161377 0.378906
vt 0.154785 0.387207
vt 0.157959 0.388672
vt 0.158569 0.377930
vt 0.165283 0.364258
vt 0.166992 0.360352
vt 0.165283 0.357910
vt 0.156494 0.357422
vt 0.156616 0.366211
vt 0.155884 0.351074
vt 0.150879 0.355957
vt 0.145264 0.369141
vt 0.139282 0.361328
vt 0.132324 0.368652
vt 0.130737 0.366211
vt 0.126953 0.369141
vt 0.170410 0.321777
vt 0.166626 0.321289
vt 0.165771 0.325195
vt 0.155762 0.322266
vt 0.156738 0.317871
vt 0.163696 0.317383
vt 0.166992 0.314453
vt 0.167603 0.310059
vt 0.164917 0.313965
vt 0.160767 0.315918
vt 0.162842 0.312500
vt 0.165649 0.308105
vt 0.158203 0.313965
vt 0.160645 0.310547
vt 0.163574 0.307129
vt 0.166016 0.301270
vt 0.168457 0.301758
vt 0.165039 0.292969
vt 0.161865 0.292969
vt 0.162109 0.305176
vt 0.160156 0.300293
vt 0.156250 0.300781
vt 0.154053 0.292969
vt 0.152222 0.302734
vt 0.143311 0.302246
vt 0.147339 0.312012
vt 0.137329 0.309570
vt 0.152832 0.313965
vt 0.156738 0.309082
vt 0.159668 0.306641
vt 0.166992 0.356934
vt 0.172119 0.351074
vt 0.952148 0.709473
vt 0.940918 0.702393
vt 0.948242 0.712646
vt 0.981934 0.656006
vt 0.989258 0.665039
vt 0.988770 0.654541
vt 0.973633 0.658691
vt 0.975098 0.669678
vt 0.991699 0.675293
vt 0.963379 0.686279
vt 0.934082 0.690918
vt 0.966309 0.695068
vt 0.972656 0.701416
vt 0.968262 0.707764
vt 0.965332 0.716309
vt 0.960449 0.719727
vt 0.997070 0.685791
vt 0.986328 0.694336
vt 0.974121 0.694092
vt 0.081848 0.191406
vt 0.080872 0.196777
vt 0.082947 0.195801
vt 0.073792 0.181641
vt 0.066956 0.189453
vt 0.073914 0.188965
vt 0.076843 0.187500
vt 0.077087 0.180664
vt 0.079590 0.186523
vt 0.076599 0.193848
vt 0.079102 0.198242
vt 0.074280 0.206055
vt 0.070618 0.201660
vt 0.059418 0.193359
vt 0.060150 0.201660
vt 0.067078 0.197754
vt 0.063660 0.204102
vt 0.060211 0.210449
vt 0.053650 0.213867
vt 0.052490 0.220703
vt 0.046814 0.222656
vt 0.051117 0.225098
vt 0.041809 0.227051
vt 0.050873 0.228027
vt 0.042633 0.225586
vt 0.026230 0.223145
vt 0.031799 0.226074
vt 0.028336 0.220215
vt 0.032501 0.221191
vt 0.036163 0.224121
vt 0.039062 0.223145
vt 0.043488 0.219238
vt 0.048096 0.217285
vt 0.016739 0.211914
vt 0.024597 0.215820
vt 0.027817 0.214355
vt 0.032745 0.217773
vt 0.036987 0.220703
vt 0.039734 0.215820
vt 0.029205 0.208008
vt 0.025497 0.208984
vt 0.033813 0.212891
vt 0.036865 0.212402
vt 0.040680 0.208008
vt 0.043121 0.213867
vt 0.045990 0.203613
vt 0.042511 0.196289
vt 0.021667 0.196289
vt 0.032227 0.201660
vt 0.026627 0.195801
vt 0.024323 0.183594
vt 0.016235 0.182617
vt 0.022751 0.170410
vt 0.013824 0.180176
vt 0.017746 0.169434
vt 0.010674 0.180176
vt 0.021881 0.156250
vt 0.031067 0.188965
vt 0.031097 0.175781
vt 0.032593 0.167480
vt 0.028076 0.156738
vt 0.035309 0.156250
vt 0.031067 0.143555
vt 0.045441 0.144531
vt 0.054169 0.134766
vt 0.047668 0.132324
vt 0.060699 0.136230
vt 0.058899 0.147949
vt 0.067078 0.138184
vt 0.052216 0.145508
vt 0.043213 0.155762
vt 0.041290 0.166504
vt 0.039307 0.175293
vt 0.037354 0.188965
vt 0.045166 0.182617
vt 0.048950 0.166992
vt 0.050690 0.156738
vt 0.049622 0.190430
vt 0.054077 0.176758
vt 0.056335 0.168945
vt 0.058044 0.159180
vt 0.065247 0.149902
vt 0.065308 0.161621
vt 0.063599 0.171387
vt 0.060791 0.178711
vt 0.057739 0.185059
vt 0.062744 0.187012
vt 0.066223 0.181641
vt 0.070251 0.173828
vt 0.070557 0.162109
vt 0.070801 0.150391
vt 0.075378 0.172363
vt 0.075439 0.162109
vt 0.047913 0.210449
vt 0.052368 0.198730
vt 0.054840 0.191895
vt 0.053558 0.206543
vt 0.056458 0.200195
vt 0.087585 0.217285
vt 0.144043 0.668213
vt 0.150757 0.676025
vt 0.148315 0.658203
vt 0.154785 0.666260
vt 0.162598 0.672363
vt 0.141479 0.678223
vt 0.135010 0.669922
vt 0.142090 0.649658
vt 0.152466 0.647461
vt 0.158325 0.655762
vt 0.165527 0.662354
vt 0.174316 0.666260
vt 0.160278 0.645264
vt 0.166870 0.652100
vt 0.164185 0.643799
vt 0.157471 0.626953
vt 0.161011 0.625977
vt 0.169800 0.623535
vt 0.173828 0.639893
vt 0.176880 0.646729
vt 0.180420 0.653076
vt 0.175537 0.656250
vt 0.179443 0.662354
vt 0.187988 0.662109
vt 0.182983 0.666504
vt 0.191040 0.664551
vt 0.185669 0.669922
vt 0.193604 0.667725
vt 0.188232 0.673340
vt 0.177490 0.670898
vt 0.180786 0.675293
vt 0.176514 0.680908
vt 0.171631 0.675049
vt 0.186401 0.679199
vt 0.184692 0.687744
vt 0.169678 0.684814
vt 0.165405 0.678467
vt 0.175781 0.692139
vt 0.181396 0.699951
vt 0.189819 0.697998
vt 0.123291 0.653320
vt 0.129028 0.661621
vt 0.131592 0.651611
vt 0.133667 0.680176
vt 0.144531 0.687012
vt 0.153198 0.683594
vt 0.162842 0.687744
vt 0.157104 0.690674
vt 0.152710 0.693604
vt 0.144775 0.697021
vt 0.136963 0.689209
vt 0.133057 0.690430
vt 0.127319 0.671875
vt 0.145264 0.706299
vt 0.149414 0.705322
vt 0.153809 0.703857
vt 0.158081 0.700928
vt 0.162476 0.697754
vt 0.168091 0.695557
vt 0.174438 0.703613
vt 0.903809 0.665771
vt 0.899414 0.646729
vt 0.897461 0.673096
vt 0.902344 0.673828
vt 0.907227 0.676514
vt 0.910645 0.669189
vt 0.913086 0.680420
vt 0.911621 0.648926
vt 0.901367 0.630615
vt 0.889160 0.637451
vt 0.890625 0.664307
vt 0.892578 0.674316
vt 0.925781 0.640869
vt 0.913574 0.623535
vt 0.925781 0.652344
vt 0.916504 0.662109
vt 0.917480 0.675049
vt 0.918945 0.686523
vt 0.923340 0.683105
vt 0.923340 0.669922
vt 0.937500 0.649170
vt 0.931152 0.664551
vt 0.955566 0.634766
vt 0.976074 0.637207
vt 0.966309 0.623047
vt 0.965332 0.640869
vt 0.974121 0.647949
vt 0.945801 0.637207
vt 0.934570 0.676025
vt 0.983398 0.645508
vt 0.988281 0.633301
vt 0.988281 0.623535
vt 0.929199 0.692871
vt 0.964355 0.571533
vt 0.976562 0.575439
vt 0.967773 0.558838
vt 0.971191 0.587891
vt 0.951660 0.593994
vt 0.933594 0.606201
vt 0.935547 0.630615
vt 0.977051 0.619629
vt 0.986328 0.608398
vt 0.982422 0.592285
vt 0.987305 0.616455
vt 0.997559 0.612549
vt 0.996582 0.603760
vt 0.988770 0.578613
vt 0.984863 0.570312
vt 0.976074 0.553711
vt 0.945312 0.532715
vt 0.938477 0.529541
vt 0.940430 0.539551
vt 0.947266 0.538330
vt 0.952148 0.531006
vt 0.954590 0.536621
vt 0.962402 0.534180
vt 0.966797 0.539795
vt 0.958008 0.543457
vt 0.962891 0.550781
vt 0.954590 0.554932
vt 0.943359 0.548584
vt 0.952148 0.567139
vt 0.950195 0.546143
vt 0.936523 0.550293
vt 0.934082 0.540771
vt 0.919434 0.544922
vt 0.889160 0.527832
vt 0.880371 0.559326
vt 0.892090 0.556885
vt 0.906250 0.541992
vt 0.904297 0.555664
vt 0.915039 0.557861
vt 0.924805 0.564209
vt 0.929199 0.582275
vt 0.920898 0.583984
vt 0.904297 0.528320
vt 0.891602 0.598389
vt 0.879395 0.612305
vt 0.890137 0.621582
vt 0.902344 0.599854
vt 0.894043 0.583252
vt 0.901367 0.568848
vt 0.896973 0.563232
vt 0.886230 0.565674
vt 0.891113 0.571289
vt 0.881836 0.596191
vt 0.880859 0.574951
vt 0.875000 0.568604
vt 0.868652 0.561523
vt 0.864746 0.546387
vt 0.874023 0.529541
vt 0.870605 0.601074
vt 0.857910 0.581055
vt 0.864746 0.587402
vt 0.851074 0.575928
vt 0.851562 0.552002
vt 0.862793 0.525146
vt 0.878418 0.521729
vt 0.867188 0.516846
vt 0.834473 0.570557
vt 0.838379 0.583740
vt 0.843262 0.572510
vt 0.830078 0.581299
vt 0.833496 0.594971
vt 0.845703 0.586914
vt 0.853027 0.591553
vt 0.837891 0.608887
vt 0.829590 0.606201
vt 0.825684 0.592041
vt 0.801270 0.574707
vt 0.785156 0.559570
vt 0.794922 0.562500
vt 0.811523 0.599854
vt 0.821777 0.626709
vt 0.831543 0.629395
vt 0.853516 0.634277
vt 0.856934 0.615479
vt 0.792480 0.617676
vt 0.874023 0.657959
vt 0.881836 0.655762
vt 0.870605 0.648682
vt 0.878418 0.637451
vt 0.866699 0.637695
vt 0.866699 0.627686
vt 0.924316 0.615234
vt 0.884277 0.665527
vt 0.059082 0.218750
vt 0.063477 0.213379
vt 0.066711 0.217285
vt 0.056061 0.226074
vt 0.598633 0.088867
vt 0.595215 0.073730
vt 0.591309 0.074707
vt 0.589844 0.082520
vt 0.586426 0.074219
vt 0.604492 0.085938
vt 0.598633 0.072266
vt 0.597168 0.097656
vt 0.587402 0.090332
vt 0.585938 0.082031
vt 0.574707 0.094238
vt 0.580566 0.080566
vt 0.573242 0.085449
vt 0.563965 0.087402
vt 0.573730 0.077148
vt 0.608398 0.101074
vt 0.608887 0.090820
vt 0.609375 0.081543
vt 0.541504 0.088379
vt 0.564453 0.099121
vt 0.588379 0.106934
vt 0.595703 0.106934
vt 0.602539 0.104980
vt 0.609375 0.111816
vt 0.618652 0.088379
vt 0.606445 0.127930
vt 0.603516 0.115234
vt 0.595703 0.117676
vt 0.612793 0.123535
vt 0.576660 0.116699
vt 0.557129 0.117676
vt 0.528809 0.108887
vt 0.598633 0.130859
vt 0.588867 0.132324
vt 0.578125 0.132812
vt 0.541504 0.137695
vt 0.508789 0.150879
vt 0.501465 0.139160
vt 0.500000 0.153809
vt 0.484619 0.195312
vt 0.485840 0.167480
vt 0.463867 0.193848
vt 0.496094 0.166504
vt 0.491211 0.156250
vt 0.505859 0.164551
vt 0.523926 0.158691
vt 0.568359 0.149902
vt 0.510254 0.174805
vt 0.500000 0.176270
vt 0.516113 0.195312
vt 0.485596 0.212891
vt 0.529297 0.170898
vt 0.556641 0.166504
vt 0.576660 0.165527
vt 0.590820 0.148926
vt 0.602539 0.147461
vt 0.611816 0.143066
vt 0.588379 0.164551
vt 0.602051 0.163574
vt 0.587402 0.193359
vt 0.600586 0.205078
vt 0.599121 0.192383
vt 0.618652 0.162109
vt 0.625977 0.152344
vt 0.624023 0.131348
vt 0.634766 0.137207
vt 0.637695 0.128418
vt 0.646973 0.131836
vt 0.641113 0.119141
vt 0.631836 0.115234
vt 0.649902 0.091309
vt 0.661621 0.085449
vt 0.645020 0.079590
vt 0.638184 0.097168
vt 0.630371 0.094238
vt 0.624023 0.091309
vt 0.618164 0.118164
vt 0.641113 0.068359
vt 0.656250 0.074219
vt 0.655273 0.055176
vt 0.631348 0.073730
vt 0.685547 0.073730
vt 0.667969 0.042480
vt 0.735840 0.078125
vt 0.739258 0.099121
vt 0.751953 0.092773
vt 0.723633 0.084473
vt 0.720215 0.093262
vt 0.713867 0.081543
vt 0.691895 0.084961
vt 0.673828 0.079590
vt 0.655762 0.103516
vt 0.676758 0.100098
vt 0.691895 0.114258
vt 0.710449 0.120117
vt 0.649902 0.122070
vt 0.662109 0.115723
vt 0.697754 0.126465
vt 0.716309 0.132324
vt 0.738281 0.129883
vt 0.734863 0.138672
vt 0.635254 0.167480
vt 0.641113 0.149902
vt 0.673828 0.140137
vt 0.667969 0.127930
vt 0.749512 0.155273
vt 0.762207 0.149414
vt 0.752930 0.145996
vt 0.740234 0.151855
vt 0.712891 0.142090
vt 0.701172 0.148926
vt 0.680664 0.152832
vt 0.725586 0.168457
vt 0.696289 0.168945
vt 0.675781 0.172363
vt 0.657227 0.165527
vt 0.644531 0.182617
vt 0.622559 0.204590
vt 0.635254 0.232910
vt 0.622559 0.177246
vt 0.660645 0.265137
vt 0.655273 0.276855
vt 0.683594 0.274414
vt 0.635742 0.258301
vt 0.640137 0.247070
vt 0.613770 0.241699
vt 0.617676 0.229980
vt 0.598145 0.229004
vt 0.561523 0.248535
vt 0.577148 0.261230
vt 0.590820 0.251465
vt 0.594727 0.240234
vt 0.609863 0.253418
vt 0.625977 0.281250
vt 0.604980 0.264648
vt 0.679688 0.300293
vt 0.662109 0.319336
vt 0.689453 0.318848
vt 0.646973 0.313477
vt 0.670410 0.282715
vt 0.631836 0.308594
vt 0.583008 0.295898
vt 0.665039 0.333984
vt 0.680176 0.340820
vt 0.691895 0.333496
vt 0.701660 0.312500
vt 0.692383 0.293457
vt 0.672363 0.362793
vt 0.683594 0.355469
vt 0.668457 0.348633
vt 0.695312 0.348145
vt 0.707520 0.341797
vt 0.724609 0.325684
vt 0.722168 0.310547
vt 0.732422 0.330078
vt 0.747559 0.299316
vt 0.723633 0.350098
vt 0.711426 0.356445
vt 0.699707 0.362793
vt 0.664062 0.383789
vt 0.660156 0.370117
vt 0.625000 0.369629
vt 0.684570 0.379883
vt 0.713867 0.380371
vt 0.729004 0.364258
vt 0.740723 0.358398
vt 0.688965 0.393066
vt 0.753418 0.353027
vt 0.769043 0.370117
vt 0.737793 0.368164
vt 0.723145 0.384277
vt 0.710449 0.390137
vt 0.707031 0.399414
vt 0.693848 0.405762
vt 0.817383 0.390625
vt 0.804688 0.395996
vt 0.833496 0.407227
vt 0.798340 0.382812
vt 0.782227 0.396973
vt 0.753906 0.385254
vt 0.719727 0.393555
vt 0.741211 0.391113
vt 0.769043 0.402344
vt 0.787598 0.410156
vt 0.816895 0.421387
vt 0.827148 0.425293
vt 0.848145 0.432617
vt 0.803223 0.426758
vt 0.813477 0.430176
vt 0.784180 0.418945
vt 0.765625 0.411621
vt 0.747559 0.404297
vt 0.725586 0.406738
vt 0.833984 0.437500
vt 0.841309 0.449707
vt 0.855469 0.444336
vt 0.810059 0.438965
vt 0.780762 0.428711
vt 0.762207 0.421387
vt 0.744141 0.414062
vt 0.787598 0.441406
vt 0.765137 0.444336
vt 0.800293 0.466797
vt 0.771484 0.457031
vt 0.732910 0.441895
vt 0.740723 0.423828
vt 0.768066 0.466309
vt 0.796387 0.476074
vt 0.738770 0.454590
vt 0.708496 0.421387
vt 0.723145 0.437500
vt 0.729004 0.450195
vt 0.734863 0.463379
vt 0.754395 0.471680
vt 0.699219 0.417969
vt 0.704590 0.430664
vt 0.700684 0.439941
vt 0.706543 0.452637
vt 0.722168 0.468750
vt 0.672363 0.409668
vt 0.686035 0.424805
vt 0.682617 0.435059
vt 0.697754 0.449707
vt 0.703613 0.462402
vt 0.676758 0.455078
vt 0.700684 0.472656
vt 0.653320 0.437988
vt 0.668457 0.419922
vt 0.655762 0.404297
vt 0.620117 0.504395
vt 0.621094 0.525391
vt 0.634277 0.519287
vt 0.647949 0.458496
vt 0.649902 0.481445
vt 0.642090 0.445801
vt 0.627930 0.430176
vt 0.643066 0.412109
vt 0.615723 0.390625
vt 0.636230 0.385742
vt 0.612793 0.377441
vt 0.594238 0.357910
vt 0.581055 0.365234
vt 0.583984 0.378418
vt 0.603027 0.397949
vt 0.606934 0.411133
vt 0.562500 0.345703
vt 0.552246 0.365234
vt 0.578125 0.352051
vt 0.590820 0.344727
vt 0.622070 0.355957
vt 0.648926 0.353027
vt 0.595215 0.334473
vt 0.618652 0.342285
vt 0.570801 0.326660
vt 0.566895 0.336426
vt 0.583008 0.318848
vt 0.607422 0.325684
vt 0.630371 0.333496
vt 0.566406 0.314453
vt 0.545410 0.319336
vt 0.541992 0.327637
vt 0.552246 0.300781
vt 0.540039 0.308105
vt 0.527832 0.314453
vt 0.524902 0.321289
vt 0.529785 0.332520
vt 0.545898 0.339355
vt 0.502930 0.320801
vt 0.463135 0.312988
vt 0.463623 0.333496
vt 0.475342 0.309082
vt 0.484619 0.312988
vt 0.490234 0.324707
vt 0.516113 0.336914
vt 0.535645 0.357910
vt 0.491699 0.359375
vt 0.555176 0.378418
vt 0.530273 0.367188
vt 0.513672 0.358887
vt 0.480469 0.378418
vt 0.540527 0.407227
vt 0.505859 0.390625
vt 0.571289 0.385254
vt 0.590820 0.405273
vt 0.544922 0.419922
vt 0.518066 0.407715
vt 0.491699 0.395996
vt 0.466309 0.383789
vt 0.447510 0.360840
vt 0.461914 0.407227
vt 0.587891 0.438477
vt 0.563477 0.449707
vt 0.589844 0.460449
vt 0.558105 0.436523
vt 0.531250 0.424805
vt 0.507812 0.425781
vt 0.489502 0.418457
vt 0.479004 0.436035
vt 0.469482 0.453125
vt 0.502930 0.434082
vt 0.536133 0.437012
vt 0.454834 0.416016
vt 0.442383 0.433105
vt 0.444092 0.453613
vt 0.418945 0.424805
vt 0.419678 0.444336
vt 0.405518 0.420898
vt 0.378174 0.435059
vt 0.377197 0.460449
vt 0.357666 0.467285
vt 0.423584 0.464844
vt 0.436523 0.469727
vt 0.461426 0.469727
vt 0.334961 0.483887
vt 0.365479 0.426270
vt 0.361572 0.409180
vt 0.404053 0.502686
vt 0.429443 0.485840
vt 0.454590 0.485840
vt 0.480957 0.476074
vt 0.499023 0.462891
vt 0.522461 0.462402
vt 0.473633 0.492676
vt 0.482910 0.496094
vt 0.458252 0.505127
vt 0.438232 0.498535
vt 0.423828 0.506836
vt 0.409180 0.509766
vt 0.396484 0.515869
vt 0.373779 0.500244
vt 0.380615 0.533691
vt 0.401123 0.527588
vt 0.389160 0.527588
vt 0.398193 0.565186
vt 0.395264 0.573975
vt 0.405273 0.565186
vt 0.402344 0.540039
vt 0.410645 0.539307
vt 0.411865 0.524414
vt 0.421143 0.532471
vt 0.430664 0.534424
vt 0.392822 0.557129
vt 0.462646 0.556152
vt 0.474121 0.551270
vt 0.468750 0.538574
vt 0.457520 0.543701
vt 0.437500 0.545166
vt 0.442139 0.528564
vt 0.419434 0.540283
vt 0.417480 0.548096
vt 0.451172 0.531738
vt 0.434570 0.552979
vt 0.451172 0.560547
vt 0.439453 0.564453
vt 0.456055 0.572510
vt 0.464355 0.576660
vt 0.452881 0.580322
vt 0.515137 0.571777
vt 0.505371 0.545654
vt 0.495361 0.572510
vt 0.477051 0.593750
vt 0.465576 0.597168
vt 0.451172 0.607422
vt 0.436035 0.598633
vt 0.420166 0.592529
vt 0.512695 0.602539
vt 0.412354 0.590820
vt 0.431396 0.561035
vt 0.425537 0.602295
vt 0.433105 0.605713
vt 0.423828 0.624268
vt 0.436768 0.616943
vt 0.443359 0.621582
vt 0.450195 0.626953
vt 0.465820 0.617432
vt 0.485352 0.619873
vt 0.488770 0.633057
vt 0.471436 0.643555
vt 0.486084 0.654541
vt 0.466064 0.650879
vt 0.445557 0.633545
vt 0.433350 0.623535
vt 0.429199 0.629395
vt 0.570312 0.585693
vt 0.575684 0.597900
vt 0.592773 0.583984
vt 0.558105 0.590820
vt 0.562988 0.603271
vt 0.541992 0.605469
vt 0.549316 0.631348
vt 0.533203 0.624023
vt 0.527832 0.656494
vt 0.509766 0.670654
vt 0.517090 0.615723
vt 0.529297 0.610840
vt 0.528320 0.588867
vt 0.552734 0.578369
vt 0.556641 0.569580
vt 0.578613 0.568359
vt 0.535156 0.570801
vt 0.521973 0.553955
vt 0.542969 0.553223
vt 0.573242 0.556396
vt 0.598633 0.527344
vt 0.604004 0.539307
vt 0.572266 0.536133
vt 0.586914 0.552002
vt 0.550293 0.536377
vt 0.529297 0.536621
vt 0.512207 0.528320
vt 0.485840 0.516113
vt 0.549805 0.515625
vt 0.527832 0.515625
vt 0.510254 0.507324
vt 0.476807 0.512451
vt 0.584961 0.511475
vt 0.567383 0.503418
vt 0.536133 0.499023
vt 0.518066 0.490723
vt 0.499756 0.482910
vt 0.540527 0.470215
vt 0.567871 0.482910
vt 0.549805 0.453613
vt 0.594238 0.494629
vt 0.606934 0.510254
vt 0.607422 0.489258
vt 0.604980 0.444824
vt 0.599609 0.431641
vt 0.627930 0.463379
vt 0.591797 0.563721
vt 0.605469 0.559082
vt 0.619141 0.554199
vt 0.639648 0.531006
vt 0.656738 0.515625
vt 0.597168 0.575684
vt 0.610840 0.570801
vt 0.615234 0.582520
vt 0.646973 0.584229
vt 0.668457 0.581543
vt 0.655762 0.566406
vt 0.658203 0.599854
vt 0.642090 0.593018
vt 0.659668 0.612305
vt 0.601562 0.587402
vt 0.650879 0.554443
vt 0.691406 0.556885
vt 0.697266 0.515137
vt 0.690430 0.535156
vt 0.670898 0.476074
vt 0.667969 0.539551
vt 0.664062 0.548584
vt 0.678223 0.563232
vt 0.666016 0.603027
vt 0.682129 0.575195
vt 0.682617 0.554199
vt 0.659668 0.624756
vt 0.631348 0.610352
vt 0.666504 0.615723
vt 0.673340 0.605957
vt 0.685547 0.587402
vt 0.695801 0.569336
vt 0.700195 0.560059
vt 0.708984 0.563232
vt 0.647461 0.653076
vt 0.655762 0.645752
vt 0.647949 0.630859
vt 0.665527 0.627930
vt 0.672852 0.619385
vt 0.681152 0.608887
vt 0.699219 0.581787
vt 0.641113 0.627197
vt 0.663574 0.649414
vt 0.664551 0.639648
vt 0.670410 0.631104
vt 0.677246 0.625244
vt 0.668945 0.643311
vt 0.663086 0.659424
vt 0.667480 0.652588
vt 0.660645 0.707275
vt 0.658203 0.695557
vt 0.656738 0.708496
vt 0.661621 0.694580
vt 0.658691 0.681641
vt 0.655762 0.681641
vt 0.660156 0.669189
vt 0.657227 0.668457
vt 0.659668 0.657715
vt 0.660645 0.680908
vt 0.662109 0.669189
vt 0.666016 0.661133
vt 0.629395 0.656006
vt 0.644531 0.663574
vt 0.653809 0.695068
vt 0.651367 0.707764
vt 0.637207 0.683105
vt 0.621094 0.673096
vt 0.607910 0.656006
vt 0.636719 0.636719
vt 0.607910 0.676758
vt 0.599121 0.673096
vt 0.573730 0.663086
vt 0.586426 0.678223
vt 0.561035 0.669678
vt 0.590332 0.690186
vt 0.543945 0.686523
vt 0.552734 0.689453
vt 0.557129 0.656982
vt 0.574707 0.641113
vt 0.621582 0.628906
vt 0.597168 0.595947
vt 0.580078 0.610352
vt 0.601562 0.608398
vt 0.618164 0.615479
vt 0.566406 0.637939
vt 0.535156 0.683350
vt 0.548828 0.653809
vt 0.526855 0.679688
vt 0.051910 0.611572
vt 0.046387 0.602295
vt 0.045532 0.611328
vt 0.052307 0.618896
vt 0.040344 0.620117
vt 0.040955 0.628174
vt 0.045898 0.619385
vt 0.039978 0.611328
vt 0.040863 0.601562
vt 0.043488 0.591064
vt 0.053040 0.625732
vt 0.058899 0.618408
vt 0.058411 0.611572
vt 0.058258 0.603271
vt 0.053619 0.593262
vt 0.057861 0.573730
vt 0.049957 0.572021
vt 0.059326 0.564453
vt 0.052032 0.563721
vt 0.052094 0.555908
vt 0.063904 0.603271
vt 0.058807 0.593750
vt 0.060059 0.583740
vt 0.062744 0.564453
vt 0.062500 0.555176
vt 0.060883 0.546143
vt 0.065247 0.573975
vt 0.068115 0.583740
vt 0.068054 0.593506
vt 0.072876 0.602051
vt 0.073853 0.610107
vt 0.077637 0.609619
vt 0.078918 0.616943
vt 0.082458 0.616699
vt 0.075806 0.592041
vt 0.080078 0.600342
vt 0.081116 0.608887
vt 0.089905 0.615479
vt 0.087341 0.598633
vt 0.091553 0.597656
vt 0.086609 0.589600
vt 0.095093 0.587891
vt 0.082886 0.590332
vt 0.082397 0.581055
vt 0.075439 0.582520
vt 0.085388 0.571045
vt 0.078613 0.572266
vt 0.072083 0.573486
vt 0.065979 0.564453
vt 0.072083 0.563965
vt 0.065552 0.554932
vt 0.064636 0.536621
vt 0.074280 0.553955
vt 0.078186 0.562988
vt 0.081299 0.562500
vt 0.088257 0.561279
vt 0.098389 0.578125
vt 0.104309 0.585938
vt 0.103455 0.559326
vt 0.110352 0.558350
vt 0.113342 0.584473
vt 0.110779 0.593262
vt 0.117615 0.600342
vt 0.120422 0.591553
vt 0.122375 0.582764
vt 0.119629 0.565674
vt 0.116699 0.556885
vt 0.122620 0.555420
vt 0.125610 0.554443
vt 0.123413 0.546387
vt 0.117432 0.547607
vt 0.111450 0.548828
vt 0.105103 0.549805
vt 0.101746 0.550293
vt 0.087280 0.552246
vt 0.100403 0.541260
vt 0.102844 0.532227
vt 0.106873 0.540283
vt 0.109253 0.531250
vt 0.105164 0.516846
vt 0.098755 0.518311
vt 0.087952 0.526123
vt 0.089722 0.542725
vt 0.075989 0.526611
vt 0.087769 0.519531
vt 0.075134 0.518799
vt 0.071289 0.518555
vt 0.083557 0.513672
vt 0.098022 0.512451
vt 0.101196 0.511719
vt 0.104553 0.510742
vt 0.103027 0.504883
vt 0.099854 0.506348
vt 0.101379 0.500000
vt 0.096619 0.506836
vt 0.093506 0.507080
vt 0.080688 0.508789
vt 0.073975 0.511230
vt 0.066162 0.511230
vt 0.063721 0.519287
vt 0.058105 0.511963
vt 0.064697 0.503418
vt 0.071960 0.502930
vt 0.081970 0.504150
vt 0.070435 0.494141
vt 0.078674 0.490723
vt 0.066833 0.476562
vt 0.066833 0.494629
vt 0.062683 0.477051
vt 0.090027 0.494629
vt 0.091797 0.500977
vt 0.092712 0.494629
vt 0.094666 0.500977
vt 0.096252 0.495117
vt 0.096375 0.489746
vt 0.093689 0.486816
vt 0.090332 0.487305
vt 0.099915 0.495117
vt 0.099121 0.491211
vt 0.097839 0.500732
vt 0.101501 0.489258
vt 0.103271 0.493164
vt 0.099243 0.486328
vt 0.105286 0.487793
vt 0.104004 0.484863
vt 0.106750 0.490723
vt 0.104858 0.497559
vt 0.106628 0.502930
vt 0.108215 0.495117
vt 0.111938 0.493652
vt 0.110474 0.489746
vt 0.109375 0.486328
vt 0.108643 0.483398
vt 0.113831 0.499023
vt 0.117188 0.497070
vt 0.113403 0.488770
vt 0.113403 0.486328
vt 0.113159 0.482910
vt 0.112183 0.479004
vt 0.098145 0.483398
vt 0.097229 0.472168
vt 0.093750 0.479492
vt 0.093384 0.466797
vt 0.117065 0.483887
vt 0.119629 0.478516
vt 0.126709 0.487793
vt 0.123596 0.478027
vt 0.122498 0.487305
vt 0.117493 0.488281
vt 0.115173 0.491699
vt 0.119995 0.493164
vt 0.129272 0.499023
vt 0.134888 0.486328
vt 0.131836 0.476074
vt 0.137695 0.498047
vt 0.137329 0.519531
vt 0.138062 0.509521
vt 0.129395 0.519775
vt 0.126221 0.510742
vt 0.122742 0.501953
vt 0.118958 0.503906
vt 0.119446 0.512207
vt 0.122375 0.520752
vt 0.125610 0.537354
vt 0.119324 0.538330
vt 0.115845 0.530029
vt 0.119202 0.520996
vt 0.112488 0.521973
vt 0.108704 0.515625
vt 0.107971 0.508789
vt 0.111572 0.506836
vt 0.116028 0.512939
vt 0.115295 0.505371
vt 0.110107 0.500488
vt 0.376221 0.621826
vt 0.363525 0.611816
vt 0.367188 0.628174
vt 0.375000 0.604492
vt 0.399658 0.625244
vt 0.356445 0.598389
vt 0.368408 0.580322
vt 0.352295 0.594238
vt 0.366699 0.572266
vt 0.362793 0.578613
vt 0.356689 0.585205
vt 0.349121 0.591309
vt 0.341309 0.596680
vt 0.347412 0.605225
vt 0.350586 0.611816
vt 0.355469 0.626709
vt 0.356689 0.633545
vt 0.341309 0.617188
vt 0.345459 0.632812
vt 0.339111 0.610596
vt 0.336914 0.605225
vt 0.333984 0.601807
vt 0.395020 0.634277
vt 0.388184 0.638184
vt 0.379883 0.642578
vt 0.368896 0.641602
vt 0.358643 0.644775
vt 0.368896 0.647949
vt 0.357910 0.649170
vt 0.363037 0.658691
vt 0.354004 0.656982
vt 0.146118 0.479004
vt 0.137085 0.467285
vt 0.135132 0.475098
vt 0.158325 0.476074
vt 0.149170 0.471680
vt 0.139771 0.459961
vt 0.152588 0.464355
vt 0.143921 0.453125
vt 0.149902 0.446289
vt 0.162720 0.453125
vt 0.155762 0.441406
vt 0.168823 0.448242
vt 0.173218 0.425781
vt 0.202759 0.446777
vt 0.192261 0.435547
vt 0.207153 0.499023
vt 0.180542 0.486328
vt 0.181030 0.498535
vt 0.201172 0.466309
vt 0.182007 0.468262
vt 0.173096 0.459961
vt 0.162598 0.469727
vt 0.171387 0.477051
vt 0.150513 0.489746
vt 0.143433 0.486816
vt 0.156616 0.492676
vt 0.167725 0.492188
vt 0.172119 0.507812
vt 0.177734 0.507812
vt 0.162231 0.496094
vt 0.162354 0.504639
vt 0.157837 0.500977
vt 0.166748 0.509521
vt 0.169800 0.515381
vt 0.174072 0.515869
vt 0.168823 0.522217
vt 0.178467 0.517334
vt 0.165527 0.529785
vt 0.172485 0.536133
vt 0.210938 0.522705
vt 0.205688 0.532471
vt 0.220093 0.527832
vt 0.214355 0.536377
vt 0.224731 0.519531
vt 0.186401 0.532959
vt 0.199829 0.543457
vt 0.217285 0.549072
vt 0.230469 0.544678
vt 0.237671 0.537354
vt 0.244507 0.529297
vt 0.176636 0.539062
vt 0.185913 0.546875
vt 0.189697 0.552979
vt 0.224243 0.552246
vt 0.229370 0.555420
vt 0.236572 0.549316
vt 0.245483 0.541748
vt 0.254883 0.532471
vt 0.254639 0.546875
vt 0.267822 0.533447
vt 0.240601 0.553711
vt 0.231934 0.559082
vt 0.252441 0.510742
vt 0.260742 0.522461
vt 0.274658 0.522217
vt 0.283936 0.530029
vt 0.288330 0.519287
vt 0.295654 0.527588
vt 0.300049 0.517090
vt 0.305908 0.526123
vt 0.315186 0.504150
vt 0.303955 0.506348
vt 0.311035 0.515381
vt 0.291748 0.508789
vt 0.278076 0.511475
vt 0.264404 0.512451
vt 0.267334 0.492676
vt 0.281738 0.473145
vt 0.271484 0.462891
vt 0.268311 0.482910
vt 0.280273 0.492188
vt 0.279541 0.501709
vt 0.293457 0.499512
vt 0.306396 0.496094
vt 0.294678 0.480957
vt 0.308105 0.486816
vt 0.318848 0.493652
vt 0.347656 0.419922
vt 0.336182 0.451660
vt 0.314941 0.461426
vt 0.298584 0.462891
vt 0.283447 0.463867
vt 0.251221 0.449707
vt 0.273926 0.453613
vt 0.276367 0.444824
vt 0.286377 0.454102
vt 0.305176 0.445801
vt 0.329102 0.429688
vt 0.311279 0.430176
vt 0.312012 0.406738
vt 0.297119 0.421875
vt 0.295410 0.429688
vt 0.297852 0.397949
vt 0.282959 0.420898
vt 0.266113 0.435059
vt 0.314697 0.371582
vt 0.306641 0.380859
vt 0.285645 0.397461
vt 0.271240 0.412109
vt 0.256836 0.417480
vt 0.252441 0.440918
vt 0.274658 0.381836
vt 0.284668 0.373535
vt 0.260498 0.402832
vt 0.263428 0.388672
vt 0.248047 0.400391
vt 0.242310 0.420898
vt 0.251953 0.386719
vt 0.264893 0.373535
vt 0.273926 0.357910
vt 0.311768 0.362793
vt 0.256348 0.365234
vt 0.245239 0.370605
vt 0.258057 0.350098
vt 0.265625 0.357910
vt 0.306152 0.345215
vt 0.271973 0.341797
vt 0.265137 0.342285
vt 0.258545 0.334473
vt 0.244141 0.341309
vt 0.252686 0.326172
vt 0.239990 0.326172
vt 0.256348 0.309570
vt 0.260498 0.309082
vt 0.267090 0.316895
vt 0.277344 0.333008
vt 0.294922 0.338379
vt 0.291992 0.330078
vt 0.310791 0.334961
vt 0.299316 0.310547
vt 0.242432 0.270508
vt 0.237671 0.271973
vt 0.243652 0.294922
vt 0.248657 0.293945
vt 0.250488 0.285156
vt 0.262939 0.299805
vt 0.272705 0.316406
vt 0.256348 0.275879
vt 0.262939 0.283203
vt 0.279297 0.297852
vt 0.246704 0.269531
vt 0.259033 0.267090
vt 0.263184 0.266602
vt 0.275635 0.262207
vt 0.279541 0.260254
vt 0.301514 0.300293
vt 0.297852 0.282227
vt 0.283691 0.257812
vt 0.291504 0.252930
vt 0.307861 0.277344
vt 0.299805 0.249023
vt 0.312744 0.274902
vt 0.318604 0.333496
vt 0.321777 0.322754
vt 0.318848 0.303711
vt 0.319336 0.293457
vt 0.329834 0.287109
vt 0.322266 0.269531
vt 0.358887 0.348633
vt 0.344238 0.345215
vt 0.340088 0.356934
vt 0.326416 0.351074
vt 0.330811 0.339844
vt 0.322510 0.342285
vt 0.326416 0.331543
vt 0.348633 0.321289
vt 0.317871 0.352539
vt 0.375488 0.338867
vt 0.365479 0.356445
vt 0.374756 0.351562
vt 0.344971 0.364746
vt 0.334717 0.368164
vt 0.321289 0.361816
vt 0.361816 0.368652
vt 0.356445 0.380371
vt 0.324707 0.371094
vt 0.339355 0.376465
vt 0.344482 0.384766
vt 0.355713 0.400879
vt 0.326660 0.406738
vt 0.323730 0.398438
vt 0.649902 0.023926
vt 0.647461 0.029785
vt 0.656738 0.026367
vt 0.662109 0.033691
vt 0.645996 0.036133
vt 0.663574 0.026855
vt 0.687988 0.039062
vt 0.681152 0.030273
vt 0.682617 0.022461
vt 0.666016 0.019531
vt 0.628906 0.036133
vt 0.633789 0.031738
vt 0.629883 0.028320
vt 0.633789 0.039551
vt 0.637207 0.034668
vt 0.639160 0.041992
vt 0.641602 0.036133
vt 0.641602 0.050293
vt 0.636230 0.048340
vt 0.625000 0.041992
vt 0.622070 0.049805
vt 0.630859 0.045410
vt 0.632812 0.055176
vt 0.626465 0.071289
vt 0.625488 0.060547
vt 0.614746 0.046875
vt 0.617676 0.035645
vt 0.624023 0.031250
vt 0.613281 0.056641
vt 0.627441 0.022461
vt 0.620605 0.022949
vt 0.610840 0.023926
vt 0.625488 0.014160
vt 0.612305 0.012207
vt 0.612793 0.001953
vt 0.622559 0.003906
vt 0.617676 0.066406
vt 0.622559 0.068848
vt 0.611328 0.064453
vt 0.604980 0.055664
vt 0.603027 0.062500
vt 0.608398 0.071777
vt 0.601074 0.068359
vt 0.614258 0.084961
vt 0.837891 0.969238
vt 0.833984 0.973633
vt 0.837402 0.973221
vt 0.840332 0.973373
vt 0.841309 0.969528
vt 0.828125 0.974213
vt 0.836426 0.963531
vt 0.840820 0.957886
vt 0.852539 0.964783
vt 0.852051 0.969498
vt 0.855957 0.969223
vt 0.857422 0.959259
vt 0.842773 0.950958
vt 0.860352 0.944458
vt 0.832031 0.956116
vt 0.840332 0.950623
vt 0.844727 0.943634
vt 0.846191 0.936279
vt 0.844238 0.936340
vt 0.847168 0.929260
vt 0.843262 0.929626
vt 0.847168 0.923340
vt 0.847656 0.918091
vt 0.848633 0.923340
vt 0.848633 0.929138
vt 0.848145 0.936279
vt 0.856934 0.936340
vt 0.853516 0.929260
vt 0.851562 0.923462
vt 0.849609 0.920166
vt 0.850098 0.916138
vt 0.860840 0.936218
vt 0.859863 0.928162
vt 0.857422 0.921631
vt 0.852539 0.914368
vt 0.850098 0.911499
vt 0.846680 0.913879
vt 0.846191 0.909912
vt 0.839355 0.906677
vt 0.842285 0.913818
vt 0.840332 0.914673
vt 0.841797 0.919067
vt 0.836914 0.910706
vt 0.841797 0.923889
vt 0.839355 0.920105
vt 0.833496 0.917419
vt 0.831055 0.909973
vt 0.831055 0.907349
vt 0.830078 0.905090
vt 0.833984 0.901428
vt 0.831055 0.898376
vt 0.827148 0.900879
vt 0.825195 0.911499
vt 0.824707 0.909058
vt 0.817871 0.911926
vt 0.821777 0.903320
vt 0.815430 0.905823
vt 0.809082 0.911377
vt 0.808594 0.909546
vt 0.801758 0.916199
vt 0.800781 0.913940
vt 0.794922 0.921021
vt 0.799805 0.928467
vt 0.789551 0.928223
vt 0.781738 0.929688
vt 0.776855 0.937714
vt 0.774414 0.933350
vt 0.783203 0.945557
vt 0.793945 0.933838
vt 0.805176 0.934875
vt 0.774902 0.927734
vt 0.817871 0.935730
vt 0.813965 0.941467
vt 0.822266 0.938385
vt 0.800781 0.940765
vt 0.791992 0.943359
vt 0.786621 0.949860
vt 0.791016 0.954010
vt 0.800781 0.950958
vt 0.796387 0.958252
vt 0.809570 0.947540
vt 0.805664 0.954254
vt 0.817871 0.966583
vt 0.816406 0.958618
vt 0.808105 0.963837
vt 0.819824 0.952301
vt 0.823242 0.946167
vt 0.824219 0.953918
vt 0.829102 0.926880
vt 0.826660 0.940186
vt 0.832520 0.928406
vt 0.830566 0.941528
vt 0.834961 0.949646
vt 0.822266 0.967529
vt 0.837402 0.942932
vt 0.835938 0.929321
vt 0.834473 0.923157
vt 0.825684 0.925232
vt 0.839355 0.924377
vt 0.838867 0.929749
vt 0.830078 0.916809
vt 0.808105 0.926086
vt 0.818359 0.927490
vt 0.825684 0.920471
vt 0.825684 0.914429
vt 0.819824 0.917297
vt 0.818848 0.914429
vt 0.813477 0.921021
vt 0.812012 0.918091
vt 0.811035 0.915649
vt 0.805664 0.923218
vt 0.672852 0.780151
vt 0.688477 0.793945
vt 0.685059 0.775757
vt 0.696289 0.773560
vt 0.704102 0.780151
vt 0.733398 0.783691
vt 0.694824 0.777710
vt 0.710938 0.791138
vt 0.686523 0.771240
vt 0.677734 0.769287
vt 0.668945 0.767700
vt 0.656250 0.771606
vt 0.707031 0.771973
vt 0.697754 0.769165
vt 0.679688 0.764771
vt 0.671875 0.762817
vt 0.664551 0.760864
vt 0.658203 0.758423
vt 0.665039 0.754395
vt 0.668945 0.756226
vt 0.675293 0.757568
vt 0.693359 0.755249
vt 0.670898 0.748291
vt 0.684082 0.743652
vt 0.694824 0.736816
vt 0.708984 0.743164
vt 0.713379 0.753784
vt 0.686035 0.732422
vt 0.688965 0.719238
vt 0.678223 0.728760
vt 0.671875 0.738037
vt 0.665527 0.745361
vt 0.676270 0.727539
vt 0.669922 0.736572
vt 0.684082 0.716064
vt 0.695801 0.707764
vt 0.698730 0.710449
vt 0.695801 0.723877
vt 0.706543 0.730713
vt 0.673828 0.726807
vt 0.667480 0.734619
vt 0.677734 0.713867
vt 0.683594 0.698730
vt 0.687500 0.700439
vt 0.700684 0.695312
vt 0.706055 0.701172
vt 0.694824 0.688721
vt 0.709473 0.705322
vt 0.702148 0.713623
vt 0.713867 0.709961
vt 0.712402 0.722412
vt 0.725098 0.720215
vt 0.726562 0.731445
vt 0.746094 0.732178
vt 0.743164 0.738525
vt 0.752441 0.740967
vt 0.748047 0.747314
vt 0.754395 0.733887
vt 0.721680 0.738525
vt 0.734863 0.751465
vt 0.761719 0.759155
vt 0.765625 0.754150
vt 0.770508 0.763062
vt 0.767578 0.767822
vt 0.776855 0.771362
vt 0.774414 0.776123
vt 0.755859 0.770508
vt 0.719727 0.763062
vt 0.727051 0.771362
vt 0.763672 0.778564
vt 0.772461 0.781250
vt 0.761719 0.784302
vt 0.734375 0.778931
vt 0.783203 0.779907
vt 0.781250 0.784668
vt 0.769531 0.791870
vt 0.760742 0.789551
vt 0.757812 0.799194
vt 0.756348 0.804077
vt 0.766602 0.802002
vt 0.759277 0.794434
vt 0.732422 0.787476
vt 0.712402 0.786621
vt 0.730957 0.791138
vt 0.729492 0.795654
vt 0.774414 0.809570
vt 0.776855 0.799561
vt 0.789551 0.788330
vt 0.791504 0.784058
vt 0.786133 0.797485
vt 0.793457 0.804932
vt 0.791504 0.814209
vt 0.781738 0.817139
vt 0.789551 0.824463
vt 0.771484 0.820190
vt 0.785156 0.775513
vt 0.792969 0.780029
vt 0.800781 0.784302
vt 0.809570 0.817505
vt 0.808105 0.826782
vt 0.811035 0.809570
vt 0.795898 0.796265
vt 0.797363 0.792114
vt 0.812500 0.802368
vt 0.814453 0.795410
vt 0.822266 0.801392
vt 0.815918 0.791748
vt 0.824219 0.794678
vt 0.831543 0.800171
vt 0.857422 0.801514
vt 0.866211 0.793823
vt 0.857910 0.794312
vt 0.840332 0.801270
vt 0.840820 0.794556
vt 0.833008 0.793213
vt 0.825195 0.791016
vt 0.809570 0.784546
vt 0.833984 0.789429
vt 0.826172 0.787231
vt 0.818848 0.784058
vt 0.804688 0.776489
vt 0.795410 0.776123
vt 0.797852 0.772095
vt 0.791016 0.767090
vt 0.787598 0.771240
vt 0.782715 0.761719
vt 0.779785 0.766724
vt 0.769531 0.748779
vt 0.777344 0.752319
vt 0.785645 0.755615
vt 0.760742 0.744873
vt 0.829102 0.497559
vt 0.805664 0.501709
vt 0.834473 0.509033
vt 0.837402 0.529541
vt 0.844727 0.510986
vt 0.820801 0.516357
vt 0.794434 0.530762
vt 0.783203 0.504883
vt 0.772461 0.533691
vt 0.759766 0.539551
vt 0.788574 0.550049
vt 0.801270 0.543213
vt 0.824219 0.537598
vt 0.831543 0.549072
vt 0.818359 0.557373
vt 0.838379 0.560303
vt 0.844727 0.540527
vt 0.855957 0.513428
vt 0.876953 0.501709
vt 0.888184 0.507080
vt 0.898926 0.514160
vt 0.903320 0.509033
vt 0.913086 0.519043
vt 0.906738 0.503418
vt 0.896973 0.493652
vt 0.879883 0.472656
vt 0.895508 0.469238
vt 0.884766 0.463867
vt 0.890625 0.478027
vt 0.904297 0.479980
vt 0.886230 0.486328
vt 0.860352 0.505371
vt 0.843750 0.490723
vt 0.875000 0.480957
vt 0.849121 0.481934
vt 0.869141 0.468750
vt 0.833984 0.488281
vt 0.838867 0.479004
vt 0.862305 0.456543
vt 0.873535 0.459961
vt 0.851562 0.453125
vt 0.801270 0.489258
vt 0.787598 0.495117
vt 0.805664 0.479492
vt 0.819336 0.473145
vt 0.765137 0.497559
vt 0.791992 0.485840
vt 0.730469 0.504639
vt 0.753906 0.526123
vt 0.706055 0.517822
vt 0.729004 0.537598
vt 0.711426 0.530762
vt 0.682617 0.467773
vt 0.734375 0.551025
vt 0.765625 0.552734
vt 0.771484 0.565430
vt 0.797363 0.584229
vt 0.748535 0.567871
vt 0.767578 0.574951
vt 0.782715 0.590820
vt 0.787598 0.604004
vt 0.721680 0.579834
vt 0.763184 0.584473
vt 0.758301 0.593994
vt 0.762695 0.607422
vt 0.752441 0.603760
vt 0.718750 0.601562
vt 0.744141 0.612793
vt 0.708008 0.585205
vt 0.703613 0.605469
vt 0.710938 0.609619
vt 0.689941 0.610596
vt 0.697266 0.613770
vt 0.542969 0.739014
vt 0.546387 0.731201
vt 0.541992 0.729492
vt 0.525391 0.724365
vt 0.521484 0.722656
vt 0.506836 0.757202
vt 0.525879 0.734131
vt 0.529785 0.725830
vt 0.530273 0.744629
vt 0.533691 0.727051
vt 0.537598 0.728271
vt 0.526367 0.762451
vt 0.531738 0.773193
vt 0.490723 0.772705
vt 0.506836 0.767578
vt 0.490723 0.761719
vt 0.516602 0.760132
vt 0.517090 0.770142
vt 0.521973 0.771240
vt 0.523438 0.781128
vt 0.546387 0.767822
vt 0.542969 0.775391
vt 0.534180 0.782349
vt 0.526367 0.790649
vt 0.520508 0.790527
vt 0.525391 0.799805
vt 0.519043 0.800415
vt 0.526367 0.808838
vt 0.552734 0.741211
vt 0.563477 0.745361
vt 0.552246 0.769653
vt 0.546875 0.783447
vt 0.545410 0.789795
vt 0.538574 0.797485
vt 0.545410 0.795898
vt 0.546387 0.801514
vt 0.540039 0.804321
vt 0.551270 0.812012
vt 0.542480 0.810547
vt 0.555176 0.816895
vt 0.550781 0.820923
vt 0.559082 0.821533
vt 0.556152 0.824951
vt 0.552734 0.829468
vt 0.541016 0.820312
vt 0.560059 0.831421
vt 0.562012 0.827759
vt 0.556641 0.835938
vt 0.554199 0.842529
vt 0.560547 0.838379
vt 0.546875 0.841919
vt 0.533691 0.833618
vt 0.537109 0.846069
vt 0.539551 0.850220
vt 0.544922 0.847290
vt 0.550293 0.846924
vt 0.557129 0.849365
vt 0.560547 0.845215
vt 0.565430 0.842651
vt 0.504395 0.832642
vt 0.512207 0.854126
vt 0.525879 0.845825
vt 0.528809 0.853394
vt 0.531250 0.849365
vt 0.526367 0.837524
vt 0.527344 0.827759
vt 0.529297 0.817139
vt 0.519043 0.810547
vt 0.528809 0.860840
vt 0.513184 0.779419
vt 0.503418 0.787964
vt 0.509277 0.789307
vt 0.515137 0.790039
vt 0.512207 0.800537
vt 0.492920 0.796143
vt 0.499512 0.798340
vt 0.505859 0.799805
vt 0.511230 0.811646
vt 0.519531 0.832031
vt 0.499756 0.821167
vt 0.495361 0.808838
vt 0.482422 0.815186
vt 0.481201 0.802612
vt 0.462646 0.813843
vt 0.485107 0.826294
vt 0.490234 0.835449
vt 0.479736 0.832886
vt 0.485352 0.845093
vt 0.492920 0.848267
vt 0.490967 0.852051
vt 0.497070 0.856689
vt 0.500488 0.852173
vt 0.503418 0.848389
vt 0.485840 0.848755
vt 0.480469 0.848755
vt 0.477295 0.839600
vt 0.469971 0.832275
vt 0.467285 0.841431
vt 0.475586 0.845093
vt 0.478760 0.850708
vt 0.473877 0.851440
vt 0.479248 0.854492
vt 0.474365 0.855713
vt 0.468506 0.854004
vt 0.469727 0.857788
vt 0.467773 0.848999
vt 0.940918 0.395508
vt 0.950684 0.403320
vt 0.950684 0.395996
vt 0.951660 0.387695
vt 0.941406 0.404297
vt 0.951172 0.408203
vt 0.930176 0.395020
vt 0.921387 0.374023
vt 0.936035 0.356445
vt 0.954590 0.368164
vt 0.944824 0.415039
vt 0.952148 0.411621
vt 0.931641 0.412598
vt 0.919922 0.403320
vt 0.909180 0.391602
vt 0.911621 0.371582
vt 0.919434 0.341797
vt 0.933594 0.417969
vt 0.922363 0.426270
vt 0.935547 0.422363
vt 0.895020 0.436523
vt 0.904297 0.447754
vt 0.908203 0.437500
vt 0.908691 0.429199
vt 0.922852 0.432129
vt 0.909180 0.411621
vt 0.909180 0.401855
vt 0.879883 0.382812
vt 0.878906 0.393066
vt 0.886719 0.416016
vt 0.877441 0.402832
vt 0.859375 0.385254
vt 0.860840 0.375000
vt 0.883301 0.361816
vt 0.874512 0.357910
vt 0.884277 0.326660
vt 0.875488 0.322754
vt 0.878418 0.312500
vt 0.898438 0.345215
vt 0.875977 0.412598
vt 0.857422 0.395508
vt 0.847656 0.391602
vt 0.849609 0.381348
vt 0.854004 0.360352
vt 0.874023 0.421387
vt 0.884766 0.424805
vt 0.863281 0.417969
vt 0.845703 0.401367
vt 0.835938 0.397461
vt 0.838379 0.387695
vt 0.840332 0.377441
vt 0.833496 0.363281
vt 0.782227 0.307617
vt 0.806641 0.353516
vt 0.805664 0.266602
vt 0.824707 0.325195
vt 0.812988 0.367188
vt 0.829102 0.384277
vt 0.801270 0.373535
vt 0.782227 0.365723
vt 0.748535 0.338867
vt 0.754883 0.304199
vt 0.761719 0.333984
vt 0.779297 0.342773
vt 0.785156 0.356445
vt 0.766113 0.348145
vt 0.233521 0.696045
vt 0.233765 0.693359
vt 0.231323 0.695801
vt 0.810059 0.132324
vt 0.825195 0.146973
vt 0.838867 0.138184
vt 0.822754 0.124512
vt 0.844238 0.118652
vt 0.837402 0.107422
vt 0.871582 0.113281
vt 0.816406 0.112793
vt 0.794922 0.117188
vt 0.797363 0.139648
vt 0.820312 0.157715
vt 0.844238 0.163086
vt 0.841797 0.177734
vt 0.778809 0.133789
vt 0.800781 0.097656
vt 0.819336 0.103027
vt 0.833008 0.085938
vt 0.814941 0.081055
vt 0.794434 0.084961
vt 0.782227 0.091797
vt 0.776367 0.111328
vt 0.769531 0.130371
vt 0.834961 0.076660
vt 0.799316 0.065918
vt 0.787598 0.072754
vt 0.775879 0.079102
vt 0.770508 0.098633
vt 0.766602 0.076172
vt 0.750488 0.061523
vt 0.810547 0.058594
vt 0.792969 0.052734
vt 0.781250 0.060059
vt 0.771973 0.057129
vt 0.762207 0.054199
vt 0.743652 0.049316
vt 0.709473 0.023438
vt 0.708496 0.033203
vt 0.715820 0.044434
vt 0.735840 0.037598
vt 0.765137 0.044434
vt 0.774414 0.047363
vt 0.836426 0.066895
vt 0.854980 0.061523
vt 0.830078 0.055176
vt 0.804688 0.045898
vt 0.786621 0.040039
vt 0.767578 0.034668
vt 0.748047 0.030273
vt 0.798340 0.032715
vt 0.789062 0.029297
vt 0.807617 0.035645
vt 0.832520 0.045410
vt 0.855957 0.051270
vt 0.871094 0.052734
vt 0.728516 0.026367
vt 0.711914 0.014160
vt 0.730957 0.017090
vt 0.760254 0.022461
vt 0.779785 0.026855
vt 0.327393 0.664551
vt 0.318359 0.662109
vt 0.325928 0.666748
vt 0.317139 0.664307
vt 0.338867 0.663086
vt 0.330811 0.657959
vt 0.336426 0.667480
vt 0.328613 0.662354
vt 0.334961 0.669678
vt 0.333496 0.671875
vt 0.324707 0.668701
vt 0.316406 0.666504
vt 0.310547 0.658691
vt 0.315674 0.669189
vt 0.311279 0.676514
vt 0.304688 0.670898
vt 0.306396 0.676758
vt 0.310059 0.671631
vt 0.315186 0.672852
vt 0.322021 0.673340
vt 0.327881 0.678955
vt 0.338623 0.679932
vt 0.317383 0.679443
vt 0.348877 0.680664
vt 0.350586 0.692139
vt 0.375977 0.692139
vt 0.371338 0.704590
vt 0.389893 0.708740
vt 0.378418 0.710693
vt 0.367188 0.710938
vt 0.347168 0.695801
vt 0.337891 0.692627
vt 0.320801 0.684814
vt 0.395508 0.726562
vt 0.385254 0.723145
vt 0.374023 0.720215
vt 0.360596 0.716797
vt 0.346191 0.706787
vt 0.326904 0.699219
vt 0.341797 0.718750
vt 0.352783 0.721924
vt 0.320312 0.727539
vt 0.318359 0.694092
vt 0.310303 0.688965
vt 0.333984 0.722412
vt 0.347412 0.734375
vt 0.364014 0.725342
vt 0.375244 0.731689
vt 0.358398 0.738281
vt 0.377197 0.749268
vt 0.383789 0.749268
vt 0.343262 0.746582
vt 0.329346 0.733887
vt 0.322754 0.736816
vt 0.316650 0.738770
vt 0.329834 0.755981
vt 0.321533 0.762695
vt 0.330078 0.770508
vt 0.345947 0.778564
vt 0.335205 0.781738
vt 0.343750 0.784668
vt 0.352051 0.787109
vt 0.355225 0.777588
vt 0.346191 0.764404
vt 0.336426 0.750977
vt 0.323730 0.786743
vt 0.341797 0.791870
vt 0.349365 0.801392
vt 0.359131 0.789185
vt 0.371094 0.788086
vt 0.371826 0.784424
vt 0.340576 0.799683
vt 0.384277 0.785400
vt 0.380371 0.783447
vt 0.378418 0.790649
vt 0.375732 0.785889
vt 0.374756 0.798828
vt 0.370117 0.803955
vt 0.364258 0.816772
vt 0.347900 0.817505
vt 0.386963 0.773682
vt 0.385498 0.780151
vt 0.399170 0.791260
vt 0.391602 0.792603
vt 0.401855 0.805786
vt 0.389893 0.782959
vt 0.383301 0.798706
vt 0.376953 0.816284
vt 0.370850 0.816650
vt 0.368896 0.835693
vt 0.357422 0.824341
vt 0.375000 0.833496
vt 0.321045 0.816162
vt 0.340088 0.828003
vt 0.348877 0.825928
vt 0.363037 0.838013
vt 0.370850 0.842896
vt 0.376221 0.840454
vt 0.383545 0.837402
vt 0.391357 0.832153
vt 0.365723 0.845581
vt 0.386719 0.839966
vt 0.391602 0.835693
vt 0.396973 0.834106
vt 0.397217 0.837524
vt 0.392578 0.839233
vt 0.388672 0.842773
vt 0.397461 0.830811
vt 0.391846 0.826904
vt 0.398926 0.827637
vt 0.405762 0.820557
vt 0.402588 0.817749
vt 0.413330 0.809692
vt 0.406250 0.811035
vt 0.412109 0.806763
vt 0.419434 0.807129
vt 0.431152 0.796631
vt 0.426025 0.805786
vt 0.414795 0.814087
vt 0.419434 0.812134
vt 0.424316 0.811646
vt 0.428467 0.813110
vt 0.435303 0.805420
vt 0.443848 0.798706
vt 0.438232 0.791748
vt 0.456787 0.773438
vt 0.445068 0.761230
vt 0.465576 0.745117
vt 0.457275 0.734863
vt 0.453857 0.745117
vt 0.463867 0.755737
vt 0.462891 0.766968
vt 0.473877 0.775391
vt 0.474121 0.786987
vt 0.491455 0.784180
vt 0.449219 0.738281
vt 0.445801 0.749268
vt 0.437012 0.739746
vt 0.428467 0.745605
vt 0.421387 0.731445
vt 0.436523 0.730469
vt 0.446533 0.731201
vt 0.451416 0.722656
vt 0.464355 0.730225
vt 0.465332 0.714844
vt 0.456299 0.713135
vt 0.423584 0.725098
vt 0.408447 0.724365
vt 0.436768 0.724121
vt 0.443604 0.717773
vt 0.447266 0.704102
vt 0.461426 0.704102
vt 0.441406 0.706055
vt 0.436279 0.717529
vt 0.425537 0.713623
vt 0.412598 0.712646
vt 0.399658 0.712891
vt 0.415283 0.703857
vt 0.403564 0.702393
vt 0.392334 0.702637
vt 0.433838 0.690918
vt 0.426514 0.699707
vt 0.434082 0.696533
vt 0.425781 0.708496
vt 0.416748 0.699707
vt 0.405518 0.697998
vt 0.386230 0.692383
vt 0.391113 0.683350
vt 0.417969 0.695557
vt 0.409180 0.689941
vt 0.386230 0.674561
vt 0.381104 0.683105
vt 0.394043 0.660400
vt 0.403564 0.660156
vt 0.396240 0.655518
vt 0.401611 0.665283
vt 0.404053 0.680176
vt 0.411621 0.685791
vt 0.424805 0.672363
vt 0.430420 0.675537
vt 0.409180 0.670166
vt 0.411133 0.664307
vt 0.435303 0.678223
vt 0.439941 0.679443
vt 0.439453 0.685547
vt 0.444092 0.679443
vt 0.463623 0.683105
vt 0.468506 0.675537
vt 0.459961 0.674316
vt 0.454102 0.676758
vt 0.451172 0.688477
vt 0.448975 0.678467
vt 0.444824 0.685059
vt 0.440186 0.696289
vt 0.435303 0.711182
vt 0.458252 0.690186
vt 0.446045 0.695068
vt 0.473633 0.668213
vt 0.475830 0.672363
vt 0.479492 0.680908
vt 0.465088 0.687012
vt 0.459229 0.694092
vt 0.470459 0.705322
vt 0.487305 0.700684
vt 0.485596 0.697021
vt 0.476074 0.696777
vt 0.483887 0.693359
vt 0.467285 0.695557
vt 0.803223 0.894836
vt 0.794922 0.898193
vt 0.805176 0.902283
vt 0.812012 0.892883
vt 0.812500 0.899658
vt 0.820312 0.901550
vt 0.828125 0.896118
vt 0.819336 0.893127
vt 0.814453 0.903870
vt 0.807617 0.907715
vt 0.798828 0.908813
vt 0.791504 0.913208
vt 0.780762 0.905823
vt 0.776855 0.912109
vt 0.770996 0.908997
vt 0.786621 0.923096
vt 0.793945 0.918640
vt 0.780762 0.926575
vt 0.774902 0.920593
vt 0.773926 0.917114
vt 0.772461 0.912964
vt 0.104370 0.295410
vt 0.106689 0.303711
vt 0.111328 0.296387
vt 0.112915 0.289062
vt 0.119080 0.289551
vt 0.105835 0.288086
vt 0.103455 0.280273
vt 0.092041 0.286621
vt 0.095398 0.294434
vt 0.099182 0.302246
vt 0.097900 0.310059
vt 0.101807 0.328125
vt 0.094727 0.326172
vt 0.097534 0.334473
vt 0.094116 0.333984
vt 0.102295 0.335938
vt 0.090454 0.293945
vt 0.090088 0.300781
vt 0.088989 0.308105
vt 0.085022 0.323730
vt 0.089539 0.333008
vt 0.084045 0.331543
vt 0.306396 0.650146
vt 0.314697 0.650879
vt 0.307617 0.648193
vt 0.297852 0.648926
vt 0.299805 0.646484
vt 0.301758 0.644775
vt 0.303467 0.643066
vt 0.304932 0.641357
vt 0.310303 0.644287
vt 0.317139 0.646729
vt 0.324951 0.649414
vt 0.354980 0.667236
vt 0.359375 0.672119
vt 0.359863 0.668945
vt 0.353027 0.673340
vt 0.349121 0.663574
vt 0.341797 0.658691
vt 0.333496 0.653320
vt 0.322510 0.653809
vt 0.319336 0.659668
vt 0.320557 0.657471
vt 0.313477 0.652588
vt 0.312500 0.654541
vt 0.303955 0.654297
vt 0.302490 0.659424
vt 0.309326 0.667236
vt 0.299561 0.670898
vt 0.297852 0.666016
vt 0.294922 0.658447
vt 0.293701 0.655518
vt 0.292725 0.653320
vt 0.284668 0.662354
vt 0.288818 0.664551
vt 0.290771 0.666260
vt 0.292725 0.668701
vt 0.294922 0.673096
vt 0.296875 0.678223
vt 0.280273 0.669922
vt 0.282471 0.661621
vt 0.278320 0.669189
vt 0.284180 0.671875
vt 0.286377 0.673096
vt 0.288574 0.675049
vt 0.280518 0.679932
vt 0.272705 0.685303
vt 0.270508 0.684326
vt 0.276611 0.668457
vt 0.286377 0.682617
vt 0.291504 0.677734
vt 0.269043 0.701904
vt 0.265625 0.700195
vt 0.264404 0.690186
vt 0.260254 0.687500
vt 0.273193 0.666748
vt 0.293945 0.680176
vt 0.258789 0.715088
vt 0.252197 0.709473
vt 0.250732 0.734375
vt 0.259033 0.705322
vt 0.256348 0.703369
vt 0.251709 0.699463
vt 0.254150 0.692139
vt 0.263184 0.679688
vt 0.249390 0.706787
vt 0.262451 0.736084
vt 0.271484 0.720703
vt 0.271729 0.737793
vt 0.298340 0.684570
vt 0.296387 0.698975
vt 0.285889 0.690918
vt 0.279785 0.706055
vt 0.279541 0.722168
vt 0.280518 0.739014
vt 0.294922 0.722656
vt 0.299561 0.714111
vt 0.288330 0.731201
vt 0.281494 0.748047
vt 0.264404 0.746338
vt 0.254150 0.746582
vt 0.304688 0.690186
vt 0.308838 0.730225
vt 0.301270 0.698242
vt 0.302979 0.730957
vt 0.296143 0.731201
vt 0.289307 0.748779
vt 0.306641 0.782104
vt 0.312744 0.794067
vt 0.309570 0.772339
vt 0.311523 0.750488
vt 0.304199 0.750244
vt 0.296631 0.749512
vt 0.295898 0.758911
vt 0.299561 0.779541
vt 0.289307 0.757935
vt 0.289307 0.776367
vt 0.288086 0.785278
vt 0.296875 0.790161
vt 0.303955 0.792358
vt 0.284180 0.783447
vt 0.330322 0.806885
vt 0.322021 0.795654
vt 0.303467 0.814087
vt 0.293701 0.802490
vt 0.285156 0.792725
vt 0.294922 0.814575
vt 0.276123 0.801147
vt 0.282227 0.790039
vt 0.276123 0.788818
vt 0.279541 0.787476
vt 0.279785 0.782349
vt 0.274414 0.782104
vt 0.268066 0.782837
vt 0.272949 0.774292
vt 0.257812 0.776855
vt 0.270508 0.765503
vt 0.279297 0.774658
vt 0.283936 0.766602
vt 0.284180 0.775513
vt 0.090454 0.451172
vt 0.093201 0.456543
vt 0.093018 0.450684
vt 0.099060 0.454102
vt 0.099854 0.458984
vt 0.097046 0.448242
vt 0.087158 0.451172
vt 0.089966 0.457031
vt 0.087646 0.449219
vt 0.090393 0.449219
vt 0.095947 0.445801
vt 0.099487 0.447266
vt 0.104553 0.451660
vt 0.105957 0.456055
vt 0.107483 0.461914
vt 0.110840 0.459961
vt 0.085327 0.445801
vt 0.094788 0.443359
vt 0.098267 0.444824
vt 0.101929 0.446289
vt 0.106995 0.449707
vt 0.111755 0.451172
vt 0.109558 0.447266
vt 0.112488 0.442871
vt 0.102844 0.443359
vt 0.100647 0.444336
vt 0.099609 0.441406
vt 0.082764 0.434082
vt 0.096008 0.438477
vt 0.101685 0.440918
vt 0.103455 0.440430
vt 0.106018 0.437988
vt 0.114807 0.436035
vt 0.118713 0.441895
vt 0.103638 0.437500
vt 0.082581 0.427246
vt 0.092407 0.428711
vt 0.098816 0.426758
vt 0.101929 0.426270
vt 0.106079 0.432617
vt 0.111694 0.434082
vt 0.073853 0.427246
vt 0.083069 0.420410
vt 0.093018 0.416504
vt 0.093689 0.411133
vt 0.102356 0.419922
vt 0.097656 0.409668
vt 0.110352 0.419434
vt 0.115723 0.411621
vt 0.092346 0.407227
vt 0.096985 0.406250
vt 0.103394 0.406738
vt 0.115601 0.409180
vt 0.116028 0.420410
vt 0.111816 0.426270
vt 0.116760 0.428223
vt 0.104980 0.426270
vt 0.122437 0.437012
vt 0.126709 0.447266
vt 0.121826 0.450195
vt 0.128662 0.457520
vt 0.120056 0.461914
vt 0.116211 0.464355
vt 0.109131 0.468262
vt 0.096741 0.466309
vt 0.093262 0.460938
vt 0.089600 0.461426
vt 0.085876 0.456543
vt 0.082886 0.450195
vt 0.079895 0.444824
vt 0.078186 0.447266
vt 0.061340 0.444824
vt 0.075073 0.453613
vt 0.080811 0.455566
vt 0.057159 0.451660
vt 0.058136 0.438477
vt 0.061157 0.438477
vt 0.066895 0.435059
vt 0.069275 0.432129
vt 0.074585 0.434570
vt 0.064392 0.431152
vt 0.058075 0.432129
vt 0.055328 0.432617
vt 0.061584 0.429199
vt 0.065979 0.427734
vt 0.060120 0.425781
vt 0.055298 0.427246
vt 0.046997 0.432617
vt 0.056580 0.468750
vt 0.060425 0.459473
vt 0.056213 0.459473
vt 0.054138 0.451660
vt 0.052704 0.444824
vt 0.047150 0.435547
vt 0.044434 0.435547
vt 0.044800 0.432129
vt 0.050690 0.459473
vt 0.043823 0.460449
vt 0.048920 0.456543
vt 0.044159 0.457031
vt 0.052155 0.451172
vt 0.047455 0.453125
vt 0.045563 0.453125
vt 0.038910 0.434082
vt 0.040375 0.452148
vt 0.039948 0.428711
vt 0.036407 0.428223
vt 0.036011 0.433594
vt 0.036621 0.445801
vt 0.038452 0.453125
vt 0.040009 0.461426
vt 0.036346 0.454102
vt 0.032959 0.438965
vt 0.032898 0.433105
vt 0.033447 0.428711
vt 0.036926 0.462402
vt 0.034271 0.455078
vt 0.039948 0.470215
vt 0.043304 0.469727
vt 0.045807 0.479004
vt 0.044373 0.488281
vt 0.050110 0.496582
vt 0.048004 0.505127
vt 0.039398 0.506348
vt 0.038116 0.498047
vt 0.031860 0.472168
vt 0.058746 0.495605
vt 0.060913 0.486328
vt 0.058624 0.477539
vt 0.051941 0.468750
vt 0.034546 0.506836
vt 0.035248 0.515625
vt 0.033661 0.499023
vt 0.029480 0.481934
vt 0.026627 0.473145
vt 0.024170 0.464844
vt 0.028122 0.457520
vt 0.023163 0.458496
vt 0.192017 0.008301
vt 0.198364 0.013184
vt 0.199463 0.069824
vt 0.199097 0.057129
vt 0.200684 0.043945
vt 0.214600 0.039062
vt 0.216309 0.026367
vt 0.233887 0.039062
vt 0.203125 0.102539
vt 0.207031 0.093750
vt 0.211426 0.084961
vt 0.220459 0.056152
vt 0.233643 0.051758
vt 0.219727 0.087891
vt 0.211426 0.104980
vt 0.239624 0.043457
vt 0.240723 0.055664
vt 0.250977 0.071289
vt 0.256348 0.063477
vt 0.252686 0.051758
vt 0.260742 0.055664
vt 0.257324 0.076172
vt 0.251465 0.082520
vt 0.229492 0.101562
vt 0.245483 0.089355
vt 0.256592 0.086426
vt 0.250000 0.092773
vt 0.238770 0.106445
vt 0.253174 0.095215
vt 0.242676 0.108398
vt 0.250977 0.104004
vt 0.256348 0.097656
vt 0.237793 0.115723
vt 0.233398 0.123047
vt 0.229614 0.121582
vt 0.229858 0.111816
vt 0.220947 0.118164
vt 0.222046 0.127930
vt 0.241699 0.117188
vt 0.237183 0.124512
vt 0.233154 0.131836
vt 0.238037 0.142578
vt 0.241821 0.135254
vt 0.241333 0.125977
vt 0.250000 0.112793
vt 0.237183 0.160645
vt 0.243286 0.163086
vt 0.243652 0.145020
vt 0.251465 0.130371
vt 0.262695 0.127930
vt 0.266602 0.123535
vt 0.258789 0.109863
vt 0.270020 0.120117
vt 0.254639 0.106934
vt 0.259521 0.101074
vt 0.263428 0.104492
vt 0.268555 0.109863
vt 0.279053 0.125000
vt 0.276123 0.126953
vt 0.277588 0.114258
vt 0.286377 0.121094
vt 0.282471 0.111816
vt 0.282227 0.123047
vt 0.273193 0.106445
vt 0.273193 0.129883
vt 0.265869 0.138184
vt 0.254150 0.140137
vt 0.257324 0.150391
vt 0.250244 0.147461
vt 0.253418 0.157715
vt 0.327148 0.223145
vt 0.322510 0.230957
vt 0.331787 0.232910
vt 0.333740 0.229980
vt 0.343750 0.247559
vt 0.340576 0.235352
vt 0.355225 0.244629
vt 0.342041 0.232422
vt 0.334961 0.228027
vt 0.335693 0.225586
vt 0.345703 0.261230
vt 0.360596 0.271484
vt 0.368408 0.256348
vt 0.363770 0.245117
vt 0.357666 0.237793
vt 0.351562 0.230469
vt 0.336182 0.222656
vt 0.352539 0.227051
vt 0.366455 0.239258
vt 0.372559 0.246094
vt 0.394775 0.261230
vt 0.385742 0.260254
vt 0.381836 0.268555
vt 0.375488 0.281250
vt 0.353760 0.292969
vt 0.385254 0.299316
vt 0.374512 0.313477
vt 0.387695 0.312500
vt 0.333252 0.273438
vt 0.324219 0.243652
vt 0.303711 0.246582
vt 0.307617 0.244629
vt 0.317627 0.249512
vt 0.317383 0.237305
vt 0.518066 0.780396
vt 0.501953 0.776733
vt 0.479736 0.767334
vt 0.468994 0.760254
vt 0.470459 0.749512
vt 0.475098 0.714844
vt 0.471436 0.724609
vt 0.481934 0.722412
vt 0.479248 0.732422
vt 0.472412 0.739014
vt 0.477051 0.742676
vt 0.475342 0.753174
vt 0.483643 0.735352
vt 0.481689 0.745850
vt 0.488037 0.738037
vt 0.491455 0.750977
vt 0.501953 0.744873
vt 0.495361 0.708740
vt 0.498535 0.710938
vt 0.501953 0.712891
vt 0.505859 0.715088
vt 0.509277 0.717041
vt 0.489502 0.703857
vt 0.383545 0.898132
vt 0.384277 0.907288
vt 0.400635 0.896301
vt 0.384521 0.915405
vt 0.375244 0.915649
vt 0.375000 0.924438
vt 0.384521 0.911316
vt 0.393311 0.911011
vt 0.401855 0.906128
vt 0.409912 0.900513
vt 0.418213 0.895264
vt 0.427734 0.899353
vt 0.426514 0.890991
vt 0.374756 0.899048
vt 0.375000 0.907898
vt 0.365723 0.912354
vt 0.365723 0.919983
vt 0.365479 0.929016
vt 0.374756 0.929443
vt 0.356201 0.933472
vt 0.373779 0.944214
vt 0.382812 0.940338
vt 0.374023 0.939575
vt 0.391846 0.936157
vt 0.384033 0.924866
vt 0.428223 0.904053
vt 0.411133 0.910400
vt 0.402344 0.915466
vt 0.393311 0.920227
vt 0.401367 0.931641
vt 0.400391 0.941162
vt 0.391113 0.945557
vt 0.382080 0.949951
vt 0.399902 0.945679
vt 0.390381 0.962036
vt 0.390869 0.950500
vt 0.399658 0.950409
vt 0.409180 0.945404
vt 0.409424 0.941071
vt 0.428711 0.936401
vt 0.429199 0.927002
vt 0.479004 0.912720
vt 0.468994 0.917847
vt 0.480225 0.932495
vt 0.459229 0.929138
vt 0.468994 0.935913
vt 0.438721 0.927307
vt 0.437744 0.940674
vt 0.427979 0.944641
vt 0.467529 0.943756
vt 0.408936 0.954834
vt 0.399658 0.961670
vt 0.427734 0.952972
vt 0.437256 0.948486
vt 0.485596 0.950775
vt 0.487061 0.947540
vt 0.465088 0.953949
vt 0.474121 0.955505
vt 0.437012 0.952484
vt 0.427734 0.963104
vt 0.409424 0.966370
vt 0.436768 0.961761
vt 0.463867 0.957520
vt 0.472656 0.959137
vt 0.480957 0.961700
vt 0.468262 0.966980
vt 0.418945 0.975555
vt 0.436768 0.973038
vt 0.445557 0.966125
vt 0.461182 0.965759
vt 0.465820 0.971741
vt 0.458496 0.977310
vt 0.452393 0.977356
vt 0.436035 0.982941
vt 0.427979 0.978912
vt 0.399658 0.981415
vt 0.400146 0.972961
vt 0.388184 0.984512
vt 0.377930 0.979004
vt 0.377197 0.982819
vt 0.388672 0.980621
vt 0.389404 0.976791
vt 0.390137 0.967773
vt 0.365479 0.983871
vt 0.375977 0.986847
vt 0.367920 0.976288
vt 0.378662 0.975204
vt 0.379639 0.971146
vt 0.381348 0.961121
vt 0.370361 0.968658
vt 0.372559 0.959412
vt 0.356445 0.942322
vt 0.365234 0.947784
vt 0.364258 0.957092
vt 0.362061 0.965454
vt 0.360840 0.969238
vt 0.347656 0.945190
vt 0.347168 0.952209
vt 0.337891 0.953186
vt 0.337158 0.959137
vt 0.351562 0.968948
vt 0.356689 0.979980
vt 0.348877 0.975845
vt 0.334717 0.968750
vt 0.328857 0.957520
vt 0.329102 0.954651
vt 0.320312 0.955078
vt 0.321289 0.964417
vt 0.307129 0.972702
vt 0.321533 0.967651
vt 0.328125 0.967194
vt 0.298828 0.976425
vt 0.305176 0.965607
vt 0.312500 0.959686
vt 0.288574 0.949921
vt 0.295410 0.948761
vt 0.289307 0.946533
vt 0.295410 0.958710
vt 0.302979 0.950073
vt 0.311279 0.951050
vt 0.320068 0.946991
vt 0.303711 0.959015
vt 0.296387 0.965454
vt 0.281250 0.967438
vt 0.270752 0.967651
vt 0.279785 0.971115
vt 0.288086 0.972534
vt 0.288330 0.965149
vt 0.295898 0.962097
vt 0.271973 0.970154
vt 0.277832 0.974487
vt 0.288086 0.976425
vt 0.297607 0.972580
vt 0.288086 0.980545
vt 0.275635 0.981659
vt 0.266113 0.972885
vt 0.264160 0.980270
vt 0.262451 0.968994
vt 0.266602 0.966156
vt 0.261230 0.963135
vt 0.239136 0.973541
vt 0.246338 0.980484
vt 0.246948 0.972672
vt 0.255371 0.972000
vt 0.247314 0.966309
vt 0.246338 0.954193
vt 0.261719 0.959381
vt 0.257812 0.952209
vt 0.240234 0.960907
vt 0.240112 0.966919
vt 0.228760 0.967285
vt 0.239624 0.970032
vt 0.233887 0.961853
vt 0.239868 0.955292
vt 0.239014 0.949860
vt 0.245239 0.948700
vt 0.232056 0.973602
vt 0.233887 0.953766
vt 0.233521 0.950989
vt 0.229736 0.954681
vt 0.229614 0.952148
vt 0.224854 0.953217
vt 0.220337 0.944214
vt 0.218140 0.945770
vt 0.223145 0.947754
vt 0.222778 0.951233
vt 0.220703 0.953033
vt 0.224365 0.955536
vt 0.229126 0.959747
vt 0.219727 0.968506
vt 0.219849 0.966278
vt 0.213135 0.969452
vt 0.213623 0.958527
vt 0.220337 0.959625
vt 0.223022 0.959900
vt 0.222534 0.966553
vt 0.208862 0.957275
vt 0.212036 0.951721
vt 0.215942 0.940399
vt 0.213745 0.942322
vt 0.195679 0.953491
vt 0.192261 0.959076
vt 0.206177 0.967285
vt 0.207275 0.971390
vt 0.214478 0.971710
vt 0.203003 0.934875
vt 0.192993 0.946136
vt 0.190674 0.948456
vt 0.192017 0.940094
vt 0.196411 0.932800
vt 0.198120 0.930725
vt 0.204956 0.932983
vt 0.215088 0.932312
vt 0.202881 0.927795
vt 0.197876 0.925537
vt 0.195801 0.924438
vt 0.192627 0.929504
vt 0.189941 0.937897
vt 0.189941 0.941956
vt 0.188232 0.939636
vt 0.200928 0.919006
vt 0.200073 0.910583
vt 0.197266 0.918518
vt 0.200806 0.921753
vt 0.201050 0.924622
vt 0.210327 0.926758
vt 0.218018 0.925293
vt 0.225342 0.932800
vt 0.257812 0.923401
vt 0.241089 0.922791
vt 0.249512 0.927307
vt 0.249390 0.919250
vt 0.240845 0.918884
vt 0.232910 0.922974
vt 0.234009 0.932922
vt 0.228760 0.939392
vt 0.250244 0.940857
vt 0.262207 0.939850
vt 0.263184 0.936096
vt 0.241943 0.932312
vt 0.235352 0.938263
vt 0.231201 0.944153
vt 0.244507 0.945557
vt 0.261475 0.942963
vt 0.256592 0.946472
vt 0.263672 0.954254
vt 0.261719 0.951324
vt 0.261230 0.945618
vt 0.265869 0.942566
vt 0.267334 0.939789
vt 0.268799 0.936462
vt 0.264893 0.945160
vt 0.270020 0.943420
vt 0.273193 0.937195
vt 0.270508 0.932556
vt 0.265137 0.927795
vt 0.266113 0.919861
vt 0.274902 0.923950
vt 0.277588 0.929749
vt 0.276855 0.938110
vt 0.274170 0.944061
vt 0.273438 0.946625
vt 0.278076 0.947235
vt 0.277344 0.950104
vt 0.282715 0.950287
vt 0.280518 0.953613
vt 0.269043 0.945740
vt 0.272461 0.949005
vt 0.275391 0.953064
vt 0.276611 0.956848
vt 0.280029 0.958496
vt 0.274902 0.960815
vt 0.275635 0.965302
vt 0.271973 0.955444
vt 0.271729 0.958588
vt 0.271729 0.961853
vt 0.270996 0.965820
vt 0.266602 0.963470
vt 0.268066 0.960968
vt 0.267090 0.956757
vt 0.270996 0.951477
vt 0.268066 0.950104
vt 0.264648 0.947784
vt 0.287842 0.958221
vt 0.288330 0.961609
vt 0.278809 0.944489
vt 0.283691 0.947052
vt 0.283447 0.922913
vt 0.274414 0.919678
vt 0.284424 0.931091
vt 0.287598 0.935486
vt 0.283936 0.943909
vt 0.289062 0.939362
vt 0.294922 0.938171
vt 0.292725 0.929932
vt 0.328857 0.936951
vt 0.328369 0.929749
vt 0.311035 0.945404
vt 0.301270 0.932800
vt 0.291260 0.922119
vt 0.282715 0.919128
vt 0.265869 0.912109
vt 0.273438 0.903625
vt 0.265381 0.903564
vt 0.274170 0.911926
vt 0.282227 0.911682
vt 0.290527 0.915100
vt 0.299561 0.921265
vt 0.327881 0.919250
vt 0.281738 0.903870
vt 0.290039 0.907898
vt 0.299072 0.914490
vt 0.308594 0.917358
vt 0.327637 0.916138
vt 0.308105 0.911133
vt 0.327393 0.910156
vt 0.317383 0.904907
vt 0.326904 0.903992
vt 0.298828 0.908020
vt 0.281494 0.899902
vt 0.273438 0.895569
vt 0.289795 0.900452
vt 0.298584 0.901367
vt 0.298584 0.897705
vt 0.273193 0.882019
vt 0.264404 0.887390
vt 0.281738 0.891479
vt 0.290283 0.888428
vt 0.307373 0.890991
vt 0.316162 0.891174
vt 0.317139 0.901611
vt 0.282227 0.882263
vt 0.326660 0.900696
vt 0.324951 0.890259
vt 0.323730 0.883789
vt 0.315674 0.884460
vt 0.299561 0.882324
vt 0.291504 0.880005
vt 0.337402 0.918335
vt 0.337158 0.912048
vt 0.336914 0.905640
vt 0.336182 0.898743
vt 0.335693 0.895081
vt 0.333984 0.887695
vt 0.360352 0.875000
vt 0.352783 0.883972
vt 0.354004 0.888550
vt 0.354980 0.893127
vt 0.364258 0.890442
vt 0.362061 0.880005
vt 0.373535 0.888245
vt 0.371094 0.876343
vt 0.381348 0.880188
vt 0.378662 0.867065
vt 0.388916 0.871704
vt 0.387939 0.864990
vt 0.380127 0.873413
vt 0.369629 0.870605
vt 0.398438 0.878418
vt 0.397461 0.871338
vt 0.406494 0.865601
vt 0.399170 0.885132
vt 0.390869 0.885681
vt 0.397217 0.854614
vt 0.386963 0.854492
vt 0.424561 0.867920
vt 0.424805 0.873779
vt 0.426025 0.885864
vt 0.399902 0.891052
vt 0.454346 0.891479
vt 0.452148 0.880310
vt 0.459961 0.879395
vt 0.457520 0.872437
vt 0.462646 0.870483
vt 0.459717 0.864014
vt 0.442383 0.874146
vt 0.441406 0.867676
vt 0.440918 0.861572
vt 0.455322 0.865479
vt 0.453857 0.858765
vt 0.457520 0.857666
vt 0.467041 0.867310
vt 0.462891 0.862305
vt 0.460205 0.856812
vt 0.459229 0.849365
vt 0.455811 0.850342
vt 0.452637 0.851929
vt 0.447510 0.853882
vt 0.424805 0.858276
vt 0.111816 0.228516
vt 0.097473 0.223145
vt 0.099426 0.231445
vt 0.121277 0.264648
vt 0.122742 0.273438
vt 0.126953 0.245605
vt 0.123596 0.236328
vt 0.126953 0.226562
vt 0.121948 0.218262
vt 0.115540 0.228027
vt 0.114075 0.219238
vt 0.108276 0.211426
vt 0.094543 0.215332
vt 0.112244 0.210449
vt 0.106323 0.202637
vt 0.110535 0.201660
vt 0.105042 0.193359
vt 0.091187 0.207520
vt 0.087891 0.199219
vt 0.085144 0.191406
vt 0.109497 0.192871
vt 0.104309 0.184082
vt 0.082825 0.182617
vt 0.393799 0.734375
vt 0.397705 0.754028
vt 0.402832 0.738525
vt 0.412598 0.763794
vt 0.384277 0.731934
vt 0.412354 0.743896
vt 0.419922 0.770020
vt 0.421143 0.782104
vt 0.426758 0.789062
vt 0.431152 0.758789
vt 0.432373 0.771606
vt 0.420898 0.793701
vt 0.416260 0.787720
vt 0.411865 0.793945
vt 0.406982 0.788940
vt 0.404541 0.777100
vt 0.392822 0.768921
vt 0.390625 0.750854
vt 0.387939 0.766113
vt 0.376709 0.782104
vt 0.382812 0.771729
vt 0.383301 0.764282
vt 0.378174 0.756348
vt 0.357178 0.755981
vt 0.368896 0.761963
vt 0.366699 0.757568
vt 0.364014 0.752563
vt 0.378906 0.763184
vt 0.378662 0.770264
vt 0.374268 0.768799
vt 0.368896 0.774048
vt 0.365967 0.767578
vt 0.364014 0.764160
vt 0.355469 0.765137
vt 0.360107 0.768677
vt 0.364258 0.771851
vt 0.356934 0.773560
vt 0.362549 0.776489
vt 0.132812 0.291504
vt 0.134766 0.300293
vt 0.140381 0.292969
vt 0.122620 0.306641
vt 0.129517 0.307617
vt 0.109741 0.304199
vt 0.106506 0.320801
vt 0.115845 0.305664
vt 0.125732 0.290527
vt 0.130859 0.282715
vt 0.132812 0.273926
vt 0.112488 0.322754
vt 0.114807 0.281250
vt 0.117859 0.281738
vt 0.127319 0.282227
vt 0.131226 0.264648
vt 0.116516 0.272949
vt 0.784180 0.146484
vt 0.780273 0.156738
vt 0.747559 0.132812
vt 0.802246 0.152344
vt 0.806641 0.166016
vt 0.763672 0.117676
vt 0.750977 0.124023
vt 0.757812 0.104980
vt 0.735840 0.108398
vt 0.732422 0.117188
vt 0.875000 0.103516
vt 0.882812 0.104492
vt 0.878418 0.083496
vt 0.887207 0.083984
vt 0.894043 0.094727
vt 0.887207 0.074219
vt 0.870605 0.072754
vt 0.895508 0.074219
vt 0.895508 0.084473
vt 0.894043 0.054688
vt 0.886719 0.054688
vt 0.879395 0.053711
vt 0.854004 0.071289
vt 0.861328 0.082031
vt 0.901367 0.047363
vt 0.894531 0.045410
vt 0.907715 0.048340
vt 0.911133 0.063965
vt 0.868652 0.092773
vt 0.857910 0.101562
vt 0.851074 0.090332
vt 0.894531 0.107422
vt 0.910645 0.109375
vt 0.877930 0.114746
vt 0.852051 0.150879
vt 0.856934 0.139648
vt 0.874512 0.123047
vt 0.883789 0.125000
vt 0.897461 0.121582
vt 0.854004 0.165527
vt 0.869629 0.146484
vt 0.872559 0.136230
vt 0.877930 0.129883
vt 0.884766 0.128418
vt 0.891113 0.139160
vt 0.878418 0.143555
vt 0.878418 0.146973
vt 0.890137 0.136719
vt 0.889648 0.133301
vt 0.878906 0.134277
vt 0.866699 0.152832
vt 0.846191 0.199219
vt 0.841309 0.195312
vt 0.842773 0.216797
vt 0.845703 0.180176
vt 0.836426 0.191895
vt 0.855469 0.167480
vt 0.866211 0.155762
vt 0.881836 0.151367
vt 0.871094 0.157227
vt 0.867188 0.166016
vt 0.861328 0.168457
vt 0.860840 0.178711
vt 0.853027 0.183594
vt 0.852539 0.203125
vt 0.650879 0.905396
vt 0.640137 0.905457
vt 0.647461 0.910217
vt 0.657715 0.912415
vt 0.653809 0.916382
vt 0.661133 0.924316
vt 0.667969 0.918091
vt 0.668457 0.903931
vt 0.664062 0.906433
vt 0.654297 0.901489
vt 0.643555 0.899780
vt 0.632324 0.898865
vt 0.628418 0.905457
vt 0.616699 0.898193
vt 0.625000 0.892029
vt 0.637695 0.912292
vt 0.653809 0.892151
vt 0.647949 0.895569
vt 0.643555 0.890076
vt 0.640625 0.884521
vt 0.628418 0.881042
vt 0.656250 0.874390
vt 0.645020 0.869995
vt 0.667480 0.882263
vt 0.661133 0.889648
vt 0.681152 0.865234
vt 0.706543 0.863525
vt 0.697754 0.859009
vt 0.698730 0.867798
vt 0.673340 0.870972
vt 0.663574 0.867432
vt 0.665039 0.872559
vt 0.657715 0.879456
vt 0.666504 0.877319
vt 0.683105 0.873779
vt 0.699219 0.871704
vt 0.675781 0.880249
vt 0.676758 0.885559
vt 0.670898 0.893799
vt 0.691895 0.877014
vt 0.700684 0.881104
vt 0.685059 0.883728
vt 0.686035 0.889893
vt 0.701660 0.887085
vt 0.708984 0.880493
vt 0.687500 0.897278
vt 0.680664 0.899414
vt 0.734375 0.879578
vt 0.728516 0.892700
vt 0.710938 0.892944
vt 0.758789 0.858521
vt 0.749512 0.862793
vt 0.759277 0.864990
vt 0.750000 0.866211
vt 0.759766 0.868164
vt 0.741699 0.870361
vt 0.751465 0.873169
vt 0.746582 0.890381
vt 0.729492 0.900269
vt 0.720215 0.900085
vt 0.769043 0.863770
vt 0.778320 0.859863
vt 0.768555 0.860718
vt 0.788086 0.861328
vt 0.778809 0.865112
vt 0.769531 0.869873
vt 0.761230 0.875549
vt 0.754883 0.888672
vt 0.739258 0.905640
vt 0.729980 0.907349
vt 0.748535 0.904541
vt 0.757812 0.902893
vt 0.766602 0.900024
vt 0.763184 0.886475
vt 0.770508 0.878113
vt 0.769531 0.906006
vt 0.776367 0.900757
vt 0.779785 0.880615
vt 0.779297 0.871460
vt 0.788574 0.866455
vt 0.797363 0.862671
vt 0.806152 0.859741
vt 0.815430 0.861694
vt 0.824707 0.859741
vt 0.824219 0.861938
vt 0.842773 0.858276
vt 0.851562 0.861694
vt 0.851562 0.855225
vt 0.824707 0.855225
vt 0.816406 0.836792
vt 0.807129 0.831787
vt 0.796875 0.836304
vt 0.806152 0.855225
vt 0.815430 0.857422
vt 0.797363 0.858154
vt 0.788086 0.856445
vt 0.787109 0.845337
vt 0.770020 0.826416
vt 0.779297 0.828491
vt 0.777832 0.840332
vt 0.777832 0.849609
vt 0.778320 0.856934
vt 0.768066 0.853882
vt 0.768555 0.839600
vt 0.758301 0.854736
vt 0.758789 0.844727
vt 0.760254 0.831299
vt 0.762695 0.817627
vt 0.751953 0.829468
vt 0.749023 0.849731
vt 0.749023 0.854858
vt 0.743652 0.819580
vt 0.733887 0.825806
vt 0.753906 0.814941
vt 0.731934 0.841187
vt 0.742188 0.835327
vt 0.732910 0.833740
vt 0.705078 0.828857
vt 0.695801 0.818726
vt 0.696777 0.837280
vt 0.687500 0.836914
vt 0.686035 0.818604
vt 0.678223 0.837036
vt 0.669434 0.845337
vt 0.679199 0.845581
vt 0.688477 0.845581
vt 0.697266 0.845947
vt 0.705566 0.846558
vt 0.714355 0.838867
vt 0.652832 0.861816
vt 0.671387 0.860352
vt 0.739746 0.854736
vt 0.713867 0.847168
vt 0.714355 0.853882
vt 0.715332 0.867554
vt 0.731445 0.859375
vt 0.740234 0.863403
vt 0.731934 0.867310
vt 0.732910 0.870972
vt 0.716309 0.875244
vt 0.106140 0.338379
vt 0.103516 0.345215
vt 0.109253 0.346191
vt 0.100891 0.345215
vt 0.104126 0.337402
vt 0.099121 0.358887
vt 0.102783 0.362793
vt 0.108948 0.362305
vt 0.112793 0.346680
vt 0.119385 0.347656
vt 0.099792 0.363770
vt 0.101135 0.366699
vt 0.104004 0.366211
vt 0.126221 0.324219
vt 0.124512 0.332520
vt 0.120361 0.340332
vt 0.117249 0.340332
vt 0.113770 0.340332
vt 0.114075 0.332520
vt 0.117432 0.332520
vt 0.120911 0.332031
vt 0.119080 0.323730
vt 0.115723 0.323730
vt 0.110352 0.333008
vt 0.110352 0.339844
vt 0.104553 0.329102
vt 0.107300 0.330566
vt 0.667480 0.828125
vt 0.675781 0.810059
vt 0.666016 0.810547
vt 0.658203 0.828125
vt 0.646973 0.819458
vt 0.638184 0.828491
vt 0.659180 0.836792
vt 0.649414 0.836792
vt 0.620117 0.838745
vt 0.618652 0.830200
vt 0.637207 0.802490
vt 0.656738 0.802124
vt 0.667969 0.793701
vt 0.610840 0.786987
vt 0.633789 0.776733
vt 0.598145 0.823242
vt 0.609863 0.839844
vt 0.601074 0.849487
vt 0.621582 0.847412
vt 0.660156 0.845215
vt 0.580078 0.850586
vt 0.578125 0.833740
vt 0.578125 0.825195
vt 0.577637 0.798950
vt 0.588867 0.797852
vt 0.591797 0.781616
vt 0.604980 0.771240
vt 0.593262 0.773193
vt 0.645996 0.759155
vt 0.638672 0.767700
vt 0.639160 0.753906
vt 0.621582 0.758179
vt 0.617676 0.768555
vt 0.608398 0.764038
vt 0.609375 0.757324
vt 0.620117 0.750732
vt 0.718750 0.798950
vt 0.697266 0.802002
vt 0.676758 0.801514
vt 0.706055 0.811035
vt 0.735840 0.810181
vt 0.746094 0.806396
vt 0.668945 0.836914
vt 0.754883 0.809204
vt 0.764160 0.812012
vt 0.772949 0.814697
vt 0.451172 0.234375
vt 0.454346 0.260254
vt 0.469482 0.245605
vt 0.442383 0.265137
vt 0.461914 0.269043
vt 0.489746 0.248535
vt 0.516113 0.223633
vt 0.526367 0.194824
vt 0.456299 0.281250
vt 0.478027 0.280762
vt 0.524414 0.234375
vt 0.534668 0.235352
vt 0.538086 0.205078
vt 0.557129 0.227051
vt 0.576172 0.193848
vt 0.568359 0.216797
vt 0.587891 0.228516
vt 0.551758 0.247559
vt 0.541992 0.246094
vt 0.506348 0.260742
vt 0.541016 0.277344
vt 0.559570 0.280273
vt 0.564941 0.292480
vt 0.546875 0.289062
vt 0.524902 0.294922
vt 0.578613 0.306152
vt 0.603516 0.312500
vt 0.634766 0.322266
vt 0.429688 0.272461
vt 0.436523 0.280273
vt 0.438477 0.275879
vt 0.419678 0.272461
vt 0.434814 0.284180
vt 0.412598 0.265625
vt 0.424316 0.261230
vt 0.454102 0.286621
vt 0.435303 0.257324
vt 0.432129 0.231445
vt 0.424805 0.221680
vt 0.415527 0.258789
vt 0.408203 0.203125
vt 0.381592 0.197754
vt 0.398682 0.216309
vt 0.416016 0.220215
vt 0.426025 0.205566
vt 0.435303 0.206543
vt 0.443115 0.224609
vt 0.398926 0.194336
vt 0.443848 0.191406
vt 0.434082 0.190430
vt 0.444824 0.208008
vt 0.453613 0.192871
vt 0.453857 0.217773
vt 0.464600 0.210938
vt 0.486084 0.145508
vt 0.481689 0.157227
vt 0.475830 0.167480
vt 0.459473 0.176270
vt 0.449707 0.175293
vt 0.425049 0.189453
vt 0.432861 0.182129
vt 0.440186 0.174805
vt 0.446777 0.166504
vt 0.462158 0.157715
vt 0.467773 0.148438
vt 0.440430 0.148926
vt 0.434814 0.157715
vt 0.454102 0.139648
vt 0.445312 0.140137
vt 0.428711 0.141113
vt 0.423340 0.149414
vt 0.428711 0.165527
vt 0.433105 0.131836
vt 0.425049 0.133301
vt 0.411621 0.143066
vt 0.408691 0.157715
vt 0.423828 0.181641
vt 0.415039 0.181152
vt 0.416748 0.196289
vt 0.407227 0.187988
vt 0.387207 0.172363
vt 0.402588 0.165527
vt 0.376953 0.164551
vt 0.351807 0.174316
vt 0.383545 0.158203
vt 0.330811 0.161133
vt 0.331543 0.166992
vt 0.333496 0.178223
vt 0.334717 0.183594
vt 0.353760 0.185547
vt 0.335693 0.188965
vt 0.363525 0.193359
vt 0.346436 0.200684
vt 0.364258 0.205078
vt 0.378418 0.230469
vt 0.392578 0.243652
vt 0.410889 0.244629
vt 0.404297 0.262207
vt 0.389404 0.251465
vt 0.375244 0.239746
vt 0.369141 0.231445
vt 0.346191 0.215332
vt 0.345459 0.219727
vt 0.336670 0.219727
vt 0.337158 0.216309
vt 0.337646 0.212402
vt 0.337158 0.199219
vt 0.336426 0.194336
vt 0.403076 0.265137
vt 0.401611 0.268066
vt 0.397461 0.276855
vt 0.401611 0.287598
vt 0.413086 0.285156
vt 0.409668 0.271973
vt 0.411133 0.268555
vt 0.417969 0.275879
vt 0.395264 0.317383
vt 0.421387 0.290039
vt 0.429688 0.294922
vt 0.440918 0.293457
vt 0.451660 0.291504
vt 0.389404 0.325684
vt 0.403076 0.322266
vt 0.425537 0.302246
vt 0.433838 0.307129
vt 0.418945 0.332520
vt 0.449951 0.337891
vt 0.438965 0.355957
vt 0.406982 0.349609
vt 0.398438 0.344238
vt 0.390381 0.338379
vt 0.375488 0.326172
vt 0.441162 0.370117
vt 0.432861 0.365234
vt 0.408447 0.363281
vt 0.391113 0.351562
vt 0.435303 0.407227
vt 0.434570 0.393555
vt 0.415527 0.397949
vt 0.415527 0.412109
vt 0.372559 0.363770
vt 0.368408 0.375977
vt 0.403809 0.407227
vt 0.387939 0.416016
vt 0.378418 0.406250
vt 0.643066 0.862793
vt 0.660645 0.853394
vt 0.612793 0.857178
vt 0.625488 0.873291
vt 0.610352 0.885803
vt 0.594238 0.867798
vt 0.583984 0.867798
vt 0.586914 0.877563
vt 0.582031 0.859009
vt 0.606445 0.876099
vt 0.592285 0.887390
vt 0.595703 0.897461
vt 0.604980 0.897949
vt 0.583984 0.889771
vt 0.577148 0.881653
vt 0.805176 0.971954
vt 0.802246 0.961975
vt 0.799805 0.970810
vt 0.813965 0.973633
vt 0.818848 0.974289
vt 0.168335 0.787354
vt 0.171631 0.768066
vt 0.163330 0.769897
vt 0.203857 0.748047
vt 0.192749 0.753906
vt 0.197754 0.758789
vt 0.190308 0.765503
vt 0.185059 0.758789
vt 0.179688 0.765869
vt 0.177368 0.761841
vt 0.167480 0.760010
vt 0.158203 0.758301
vt 0.153442 0.767212
vt 0.173584 0.755249
vt 0.164429 0.753906
vt 0.149170 0.756470
vt 0.135254 0.763794
vt 0.138184 0.775757
vt 0.155029 0.771851
vt 0.139404 0.780151
vt 0.158203 0.782593
vt 0.134033 0.760254
vt 0.141357 0.740967
vt 0.148438 0.739258
vt 0.154907 0.737549
vt 0.169678 0.748779
vt 0.180908 0.752686
vt 0.160645 0.735596
vt 0.127075 0.746338
vt 0.129272 0.750000
vt 0.207520 0.735840
vt 0.204468 0.723145
vt 0.201294 0.732666
vt 0.198975 0.744385
vt 0.190308 0.737305
vt 0.188477 0.748535
vt 0.179688 0.738525
vt 0.173462 0.742188
vt 0.169800 0.737549
vt 0.199463 0.721191
vt 0.181030 0.729736
vt 0.175293 0.733887
vt 0.165649 0.732666
vt 0.170288 0.729004
vt 0.175415 0.724854
vt 0.181274 0.720459
vt 0.194946 0.709717
vt 0.205688 0.713867
vt 0.220215 0.700684
vt 0.215332 0.716309
vt 0.215942 0.699463
vt 0.201660 0.703613
vt 0.206665 0.696533
vt 0.216675 0.726074
vt 0.216064 0.740234
vt 0.229248 0.732910
vt 0.214844 0.754150
vt 0.238892 0.741943
vt 0.238892 0.724121
vt 0.237671 0.704834
vt 0.241821 0.710205
vt 0.241211 0.702393
vt 0.232788 0.714600
vt 0.233643 0.718750
vt 0.246094 0.701660
vt 0.248291 0.695312
vt 0.242798 0.696777
vt 0.237427 0.696533
vt 0.240723 0.687500
vt 0.235229 0.687012
vt 0.230957 0.680420
vt 0.232056 0.676514
vt 0.228516 0.674316
vt 0.228394 0.681641
vt 0.230835 0.686523
vt 0.237549 0.700684
vt 0.254883 0.682617
vt 0.247803 0.685303
vt 0.244385 0.682617
vt 0.237549 0.675537
vt 0.231445 0.669678
vt 0.234741 0.664551
vt 0.244629 0.673828
vt 0.248779 0.677246
vt 0.267334 0.665039
vt 0.266113 0.658447
vt 0.260742 0.652588
vt 0.245239 0.664551
vt 0.239502 0.658691
vt 0.245483 0.652832
vt 0.252197 0.648193
vt 0.259277 0.645752
vt 0.265625 0.645752
vt 0.267090 0.653076
vt 0.271240 0.648193
vt 0.269531 0.656006
vt 0.275391 0.653320
vt 0.276611 0.659912
vt 0.278320 0.660400
vt 0.280273 0.660889
vt 0.278076 0.653320
vt 0.280762 0.653320
vt 0.283447 0.653564
vt 0.286377 0.654053
vt 0.136719 0.543213
vt 0.135498 0.551025
vt 0.138916 0.549561
vt 0.139404 0.557617
vt 0.143066 0.555908
vt 0.129028 0.562012
vt 0.129883 0.571045
vt 0.136108 0.535889
vt 0.114685 0.609619
vt 0.111938 0.618896
vt 0.118286 0.626465
vt 0.121277 0.616943
vt 0.127930 0.598145
vt 0.130005 0.588867
vt 0.130493 0.579834
vt 0.150269 0.628662
vt 0.144531 0.620605
vt 0.140503 0.630859
vt 0.133667 0.623047
vt 0.130249 0.605957
vt 0.137939 0.594727
vt 0.138306 0.585449
vt 0.115723 0.636475
vt 0.119995 0.635498
vt 0.122864 0.625488
vt 0.129272 0.633301
vt 0.152588 0.618408
vt 0.156006 0.617676
vt 0.159424 0.616699
vt 0.150757 0.609131
vt 0.140747 0.602783
vt 0.145630 0.591797
vt 0.145386 0.582275
vt 0.148926 0.590576
vt 0.137695 0.576660
vt 0.136475 0.567871
vt 0.144043 0.564209
vt 0.153320 0.579346
vt 0.156494 0.587891
vt 0.151855 0.599121
vt 0.148560 0.600342
vt 0.154175 0.608154
vt 0.157471 0.607178
vt 0.159058 0.596924
vt 0.161011 0.586426
vt 0.163330 0.595215
vt 0.165771 0.604492
vt 0.167969 0.614014
vt 0.153442 0.569336
vt 0.157959 0.577393
vt 0.217163 0.476562
vt 0.220581 0.497559
vt 0.235596 0.484863
vt 0.238525 0.465332
vt 0.218750 0.458008
vt 0.247070 0.478516
vt 0.248413 0.468750
vt 0.239258 0.455078
vt 0.239624 0.445801
vt 0.229248 0.409180
vt 0.226196 0.432617
vt 0.227173 0.441406
vt 0.211914 0.437988
vt 0.216309 0.447754
vt 0.209839 0.428711
vt 0.193115 0.416016
vt 0.210815 0.411621
vt 0.194824 0.407715
vt 0.216309 0.398438
vt 0.201172 0.393555
vt 0.183228 0.395508
vt 0.187378 0.388672
vt 0.192993 0.382812
vt 0.206055 0.388184
vt 0.198853 0.377441
vt 0.211182 0.382812
vt 0.216431 0.377441
vt 0.224365 0.386719
vt 0.228271 0.380859
vt 0.234619 0.396973
vt 0.220337 0.392578
vt 0.382812 0.537598
vt 0.373291 0.540283
vt 0.375244 0.543213
vt 0.392822 0.537109
vt 0.385742 0.545898
vt 0.393799 0.542236
vt 0.386230 0.551514
vt 0.377930 0.549805
vt 0.378174 0.553711
vt 0.377197 0.559570
vt 0.366699 0.534424
vt 0.383545 0.565674
vt 0.387695 0.591309
vt 0.383057 0.582520
vt 0.375732 0.593262
vt 0.375244 0.581543
vt 0.380615 0.573486
vt 0.373291 0.572998
vt 0.376221 0.565918
vt 0.387939 0.573730
vt 0.399414 0.582275
vt 0.368652 0.561768
vt 0.368896 0.566895
vt 0.392822 0.605713
vt 0.400879 0.604736
vt 0.405518 0.624512
vt 0.408447 0.605225
vt 0.412598 0.619629
vt 0.417969 0.599609
vt 0.418701 0.621826
vt 0.417969 0.627686
vt 0.410156 0.630859
vt 0.416016 0.633057
vt 0.411621 0.625488
vt 0.405518 0.629883
vt 0.400635 0.631348
vt 0.070740 0.535889
vt 0.065491 0.527588
vt 0.073975 0.535400
vt 0.080383 0.552979
vt 0.059967 0.519775
vt 0.058899 0.528564
vt 0.056152 0.520508
vt 0.055450 0.529053
vt 0.050476 0.547852
vt 0.043732 0.531982
vt 0.052246 0.521240
vt 0.053986 0.512695
vt 0.052094 0.504639
vt 0.049866 0.513184
vt 0.040619 0.514893
vt 0.039154 0.524170
vt 0.090027 0.473633
vt 0.085449 0.467285
vt 0.076355 0.475098
vt 0.075317 0.467285
vt 0.065186 0.467773
vt 0.060852 0.468262
vt 0.060608 0.451660
vt 0.064514 0.459473
vt 0.064697 0.451660
vt 0.074707 0.459961
vt 0.080322 0.460449
vt 0.653809 0.755127
vt 0.347168 0.484375
vt 0.352783 0.495117
vt 0.358887 0.485840
vt 0.366211 0.509033
vt 0.346680 0.504395
vt 0.336670 0.503174
vt 0.359375 0.518555
vt 0.340576 0.514648
vt 0.321045 0.514160
vt 0.315674 0.525391
vt 0.325195 0.525146
vt 0.344482 0.526611
vt 0.353271 0.528320
vt 0.107910 0.602539
vt 0.101135 0.595459
vt 0.097717 0.604980
vt 0.101929 0.621582
vt 0.109253 0.628662
vt 0.080078 0.624268
vt 0.087402 0.624023
vt 0.093628 0.631836
vt 0.106384 0.638184
vt 0.102905 0.647705
vt 0.091797 0.648682
vt 0.086060 0.640625
vt 0.104370 0.656494
vt 0.109009 0.684082
vt 0.116760 0.664062
vt 0.114990 0.655029
vt 0.113159 0.645996
vt 0.119263 0.654053
vt 0.117859 0.693359
vt 0.126831 0.701660
vt 0.144775 0.715820
vt 0.141113 0.707764
vt 0.138916 0.716553
vt 0.135864 0.708740
vt 0.132812 0.718018
vt 0.125610 0.719482
vt 0.122742 0.711182
vt 0.110657 0.693604
vt 0.136719 0.699219
vt 0.121155 0.663330
vt 0.355225 0.316406
vt 0.354736 0.328613
vt 0.361572 0.324219
vt 0.361572 0.311523
vt 0.368408 0.319336
vt 0.368408 0.331543
vt 0.360840 0.336426
vt 0.463623 0.977798
vt 0.457031 0.983994
vt 0.461426 0.984512
vt 0.450195 0.989700
vt 0.455566 0.990814
vt 0.459229 0.991760
vt 0.462402 0.992672
vt 0.465332 0.985153
vt 0.468506 0.978836
vt 0.471680 0.973770
vt 0.474854 0.969452
vt 0.478271 0.966003
vt 0.427734 0.987030
vt 0.409668 0.984726
vt 0.399170 0.985260
vt 0.398926 0.989250
vt 0.387451 0.988754
vt 0.379395 0.144043
vt 0.395020 0.144043
vt 0.393066 0.136719
vt 0.400146 0.158203
vt 0.403320 0.143555
vt 0.409180 0.135742
vt 0.413818 0.127441
vt 0.399170 0.129395
vt 0.384033 0.129883
vt 0.368896 0.129883
vt 0.346191 0.131836
vt 0.373291 0.150879
vt 0.330566 0.155762
vt 0.330322 0.132812
vt 0.330566 0.149902
vt 0.428223 0.124023
vt 0.479980 0.134277
vt 0.517090 0.095703
vt 0.465332 0.126465
vt 0.471924 0.137207
vt 0.477295 0.146973
vt 0.463135 0.138672
vt 0.448975 0.130371
vt 0.514160 0.081055
vt 0.491699 0.085938
vt 0.469971 0.108398
vt 0.463867 0.113281
vt 0.457031 0.116699
vt 0.450195 0.119629
vt 0.435547 0.122559
vt 0.502930 0.297852
vt 0.480957 0.296875
vt 0.500000 0.304688
vt 0.484131 0.291016
vt 0.506348 0.289551
vt 0.487549 0.283691
vt 0.478271 0.302734
vt 0.487549 0.306641
vt 0.506348 0.314453
vt 0.509277 0.308105
vt 0.466797 0.877380
vt 0.474121 0.874268
vt 0.479736 0.884155
vt 0.486572 0.875427
vt 0.490479 0.884277
vt 0.463867 0.891602
vt 0.473145 0.891296
vt 0.482910 0.890991
vt 0.493408 0.890991
vt 0.445557 0.895447
vt 0.454834 0.895813
vt 0.464600 0.896179
vt 0.474609 0.896362
vt 0.485352 0.896606
vt 0.475830 0.901245
vt 0.456299 0.904907
vt 0.446533 0.904175
vt 0.428955 0.915344
vt 0.411133 0.921143
vt 0.447998 0.915588
vt 0.458252 0.916504
vt 0.467773 0.911377
vt 0.488770 0.907654
vt 0.496338 0.896667
vt 0.498535 0.902527
vt 0.500488 0.908691
vt 0.490479 0.914001
vt 0.502441 0.922363
vt 0.491455 0.927673
vt 0.502441 0.929321
vt 0.489746 0.939697
vt 0.500000 0.941559
vt 0.496826 0.949738
vt 0.494873 0.953003
vt 0.491211 0.959869
vt 0.488770 0.963959
vt 0.485840 0.969147
vt 0.356201 0.916748
vt 0.356445 0.909546
vt 0.356201 0.901794
vt 0.365234 0.895508
vt 0.374268 0.893860
vt 0.383057 0.892700
vt 0.337646 0.925415
vt 0.338135 0.936951
vt 0.329102 0.949371
vt 0.329102 0.946625
vt 0.338135 0.950287
vt 0.338379 0.944031
vt 0.565430 0.078613
vt 0.555176 0.070312
vt 0.552246 0.077148
vt 0.540527 0.066895
vt 0.535156 0.072754
vt 0.528809 0.076660
vt 0.533691 0.091797
vt 0.520996 0.079590
vt 0.245361 0.882996
vt 0.255127 0.887817
vt 0.263916 0.878784
vt 0.245850 0.878357
vt 0.236328 0.877075
vt 0.220093 0.875427
vt 0.226929 0.881897
vt 0.227051 0.875854
vt 0.236328 0.887756
vt 0.255859 0.895874
vt 0.264893 0.895630
vt 0.256348 0.899658
vt 0.237915 0.900024
vt 0.237427 0.896423
vt 0.229004 0.896362
vt 0.219849 0.882080
vt 0.211426 0.873901
vt 0.211304 0.880981
vt 0.204712 0.880432
vt 0.207153 0.892456
vt 0.204590 0.873291
vt 0.222168 0.895996
vt 0.215698 0.892273
vt 0.197144 0.887756
vt 0.201416 0.873413
vt 0.198364 0.873779
vt 0.200562 0.887329
vt 0.203979 0.892456
vt 0.208008 0.896240
vt 0.211792 0.895935
vt 0.212402 0.899109
vt 0.222656 0.899109
vt 0.217285 0.904968
vt 0.207886 0.905029
vt 0.207153 0.907532
vt 0.217285 0.901917
vt 0.208496 0.902527
vt 0.205566 0.899841
vt 0.204834 0.896790
vt 0.202026 0.897461
vt 0.202759 0.908997
vt 0.205078 0.902649
vt 0.204102 0.904785
vt 0.200073 0.905518
vt 0.199341 0.907654
vt 0.203125 0.899841
vt 0.201904 0.901672
vt 0.200928 0.903687
vt 0.197998 0.900757
vt 0.199707 0.898926
vt 0.198120 0.894165
vt 0.195679 0.895813
vt 0.196655 0.902588
vt 0.190674 0.890930
vt 0.193115 0.897766
vt 0.195312 0.904907
vt 0.191162 0.900635
vt 0.572266 0.180176
vt 0.542969 0.181641
vt 0.885254 0.858398
vt 0.888672 0.862549
vt 0.888184 0.853882
vt 0.884277 0.854858
vt 0.887207 0.850098
vt 0.880859 0.859863
vt 0.884766 0.862915
vt 0.880371 0.856323
vt 0.882324 0.851929
vt 0.882812 0.843384
vt 0.870605 0.861694
vt 0.879395 0.863403
vt 0.875977 0.859985
vt 0.875000 0.857422
vt 0.878418 0.853516
vt 0.878906 0.849609
vt 0.875488 0.845947
vt 0.878418 0.832886
vt 0.860352 0.865356
vt 0.869141 0.869995
vt 0.868164 0.857666
vt 0.874023 0.854492
vt 0.876953 0.851440
vt 0.874512 0.849243
vt 0.868652 0.845703
vt 0.862793 0.836182
vt 0.860352 0.848633
vt 0.867188 0.852051
vt 0.873535 0.851807
vt 0.859863 0.855225
vt 0.852051 0.848389
vt 0.871582 0.832397
vt 0.863770 0.827271
vt 0.854980 0.827026
vt 0.853516 0.835571
vt 0.852539 0.844360
vt 0.833984 0.844604
vt 0.826172 0.831909
vt 0.836426 0.827271
vt 0.871582 0.827759
vt 0.863770 0.823120
vt 0.846191 0.823242
vt 0.818359 0.822754
vt 0.872070 0.819824
vt 0.829102 0.812256
vt 0.828125 0.819458
vt 0.837891 0.816040
vt 0.847168 0.812744
vt 0.864258 0.815674
vt 0.864746 0.809692
vt 0.873047 0.810181
vt 0.873535 0.807251
vt 0.880859 0.814087
vt 0.890625 0.808838
vt 0.882324 0.804932
vt 0.874512 0.801025
vt 0.865723 0.804321
vt 0.848633 0.804443
vt 0.838867 0.809692
vt 0.830566 0.806030
vt 0.839844 0.804199
vt 0.875488 0.792969
vt 0.882812 0.798340
vt 0.884766 0.790039
vt 0.876953 0.788330
vt 0.893066 0.791504
vt 0.901855 0.796753
vt 0.891602 0.802490
vt 0.910645 0.804810
vt 0.912109 0.793457
vt 0.921875 0.794922
vt 0.928711 0.801392
vt 0.929688 0.797119
vt 0.927734 0.804321
vt 0.927734 0.806641
vt 0.928223 0.809082
vt 0.919434 0.808716
vt 0.909180 0.811035
vt 0.919922 0.812134
vt 0.928711 0.811890
vt 0.936523 0.809937
vt 0.916504 0.815796
vt 0.907715 0.814331
vt 0.889160 0.815308
vt 0.879883 0.820557
vt 0.878906 0.828369
vt 0.893066 0.830444
vt 0.887695 0.821655
vt 0.904785 0.821045
vt 0.911621 0.826294
vt 0.910156 0.829834
vt 0.898438 0.836792
vt 0.890137 0.840088
vt 0.895020 0.846924
vt 0.893555 0.851196
vt 0.899902 0.852783
vt 0.903809 0.843750
vt 0.906250 0.838623
vt 0.916016 0.836182
vt 0.919434 0.828491
vt 0.924316 0.834229
vt 0.925781 0.830322
vt 0.936035 0.836304
vt 0.940918 0.833740
vt 0.913574 0.840698
vt 0.913086 0.822754
vt 0.920898 0.825073
vt 0.915039 0.819214
vt 0.927246 0.826538
vt 0.921875 0.821777
vt 0.944336 0.838867
vt 0.944824 0.835083
vt 0.941406 0.826172
vt 0.929199 0.819214
vt 0.922852 0.818359
vt 0.944336 0.822998
vt 0.945312 0.826660
vt 0.947266 0.830933
vt 0.948242 0.840698
vt 0.946777 0.840820
vt 0.941895 0.841431
vt 0.930664 0.839355
vt 0.944336 0.843384
vt 0.945801 0.846436
vt 0.949707 0.851074
vt 0.946777 0.851318
vt 0.949707 0.857056
vt 0.947266 0.858032
vt 0.951172 0.862915
vt 0.948730 0.864624
vt 0.953613 0.868164
vt 0.946289 0.878906
vt 0.950684 0.878662
vt 0.951172 0.874756
vt 0.946289 0.871704
vt 0.941895 0.859253
vt 0.941406 0.847778
vt 0.939453 0.844971
vt 0.933105 0.852295
vt 0.954590 0.874023
vt 0.954102 0.878723
vt 0.950195 0.882568
vt 0.945801 0.882141
vt 0.949219 0.886475
vt 0.939941 0.893982
vt 0.939941 0.900696
vt 0.937012 0.899658
vt 0.954102 0.883118
vt 0.952637 0.888000
vt 0.945801 0.896973
vt 0.941895 0.901855
vt 0.934082 0.882568
vt 0.939453 0.885437
vt 0.936035 0.892761
vt 0.929688 0.892029
vt 0.932617 0.898254
vt 0.925293 0.895996
vt 0.928223 0.881653
vt 0.935059 0.879700
vt 0.921875 0.875000
vt 0.920410 0.877747
vt 0.924316 0.877869
vt 0.921387 0.867310
vt 0.917480 0.865112
vt 0.918945 0.870239
vt 0.921875 0.872681
vt 0.935059 0.866699
vt 0.940918 0.876282
vt 0.932129 0.859619
vt 0.918945 0.872803
vt 0.918457 0.860596
vt 0.915527 0.860962
vt 0.914551 0.865356
vt 0.913574 0.860474
vt 0.911621 0.862671
vt 0.904297 0.864746
vt 0.916016 0.858521
vt 0.926270 0.851318
vt 0.918457 0.855957
vt 0.916504 0.854614
vt 0.910156 0.855713
vt 0.904785 0.857910
vt 0.919922 0.851685
vt 0.905762 0.854248
vt 0.912109 0.851929
vt 0.917969 0.849854
vt 0.924316 0.848877
vt 0.934082 0.845703
vt 0.926270 0.843994
vt 0.918457 0.843872
vt 0.915039 0.847900
vt 0.910645 0.845459
vt 0.898926 0.856323
vt 0.893066 0.858154
vt 0.898926 0.859741
vt 0.904297 0.861328
vt 0.901367 0.875671
vt 0.894043 0.871948
vt 0.888672 0.867310
vt 0.877930 0.866577
vt 0.889160 0.871948
vt 0.883789 0.871826
vt 0.877930 0.870850
vt 0.889648 0.876404
vt 0.896484 0.880432
vt 0.883789 0.876343
vt 0.876953 0.875244
vt 0.884277 0.880615
vt 0.876953 0.879639
vt 0.868652 0.874146
vt 0.860352 0.869019
vt 0.842773 0.863770
vt 0.851074 0.868042
vt 0.859863 0.872803
vt 0.868652 0.878235
vt 0.868164 0.882568
vt 0.876465 0.883972
vt 0.833496 0.865112
vt 0.850586 0.875244
vt 0.859375 0.876648
vt 0.859375 0.880981
vt 0.858887 0.890686
vt 0.850098 0.888611
vt 0.850586 0.879456
vt 0.833008 0.871582
vt 0.840820 0.890686
vt 0.832520 0.888428
vt 0.849121 0.897522
vt 0.832520 0.892395
vt 0.824219 0.891296
vt 0.823730 0.887268
vt 0.824219 0.870483
vt 0.815918 0.886292
vt 0.815430 0.869995
vt 0.808105 0.886780
vt 0.806641 0.870361
vt 0.791992 0.892029
vt 0.784180 0.896179
vt 0.227051 0.973007
vt 0.225098 0.977249
vt 0.216309 0.973633
vt 0.209229 0.974792
vt 0.214722 0.979813
vt 0.222534 0.982895
vt 0.229004 0.983185
vt 0.237793 0.982437
vt 0.857422 0.899719
vt 0.865234 0.901855
vt 0.866699 0.897461
vt 0.875977 0.888794
vt 0.875488 0.899170
vt 0.884766 0.899292
vt 0.884277 0.885010
vt 0.901855 0.894836
vt 0.902832 0.899902
vt 0.911621 0.893860
vt 0.914062 0.899109
vt 0.919434 0.891785
vt 0.897949 0.884827
vt 0.921875 0.881653
vt 0.914062 0.881165
vt 0.910645 0.882690
vt 0.904785 0.883972
vt 0.902832 0.879761
vt 0.911621 0.877747
vt 0.918945 0.875244
vt 0.910645 0.874634
vt 0.916016 0.873413
vt 0.909180 0.868408
vt 0.905273 0.871704
vt 0.909668 0.871582
vt 0.915527 0.867798
vt 0.916016 0.870605
vt 0.114746 0.765747
vt 0.089111 0.767090
vt 0.116028 0.773560
vt 0.079773 0.762939
vt 0.071289 0.765625
vt 0.080627 0.769775
vt 0.098389 0.771606
vt 0.089722 0.774536
vt 0.107361 0.776611
vt 0.089844 0.778442
vt 0.062927 0.768066
vt 0.053925 0.764404
vt 0.062012 0.761963
vt 0.070190 0.759155
vt 0.088135 0.759888
vt 0.105652 0.760742
vt 0.121521 0.762207
vt 0.123962 0.770508
vt 0.078491 0.755981
vt 0.096375 0.756104
vt 0.104980 0.756470
vt 0.120239 0.757202
vt 0.126343 0.757324
vt 0.128418 0.762695
vt 0.130127 0.767334
vt 0.125000 0.777100
vt 0.116333 0.781372
vt 0.116211 0.785889
vt 0.125488 0.780884
vt 0.132324 0.773071
vt 0.133179 0.775513
vt 0.135376 0.779175
vt 0.134155 0.785767
vt 0.133789 0.791138
vt 0.116028 0.790649
vt 0.124634 0.795898
vt 0.106750 0.794189
vt 0.098328 0.788330
vt 0.089783 0.782593
vt 0.080933 0.777344
vt 0.072021 0.772461
vt 0.046082 0.766357
vt 0.054657 0.770142
vt 0.063416 0.774658
vt 0.072083 0.779541
vt 0.080750 0.784912
vt 0.089233 0.790771
vt 0.071716 0.786621
vt 0.080017 0.792603
vt 0.062683 0.787964
vt 0.037720 0.783569
vt 0.045898 0.783325
vt 0.030838 0.778687
vt 0.053802 0.788696
vt 0.070923 0.793823
vt 0.088257 0.798828
vt 0.097534 0.796875
vt 0.014008 0.775024
vt 0.018341 0.777710
vt 0.018661 0.776001
vt 0.024109 0.778442
vt 0.030121 0.783203
vt 0.045227 0.788940
vt 0.052979 0.794800
vt 0.070374 0.797363
vt 0.079041 0.800171
vt 0.069824 0.801025
vt 0.060730 0.801270
vt 0.077759 0.807983
vt 0.068420 0.808472
vt 0.051910 0.800903
vt 0.044464 0.794312
vt 0.037018 0.788574
vt 0.023453 0.782471
vt 0.044006 0.797119
vt 0.036224 0.793579
vt 0.022644 0.786255
vt 0.012817 0.779175
vt 0.007729 0.772339
vt 0.006920 0.770630
vt 0.010864 0.771729
vt 0.019379 0.772583
vt 0.007008 0.769409
vt 0.006298 0.768677
vt 0.007057 0.767700
vt 0.011932 0.767822
vt 0.025040 0.772339
vt 0.019699 0.767700
vt 0.031403 0.769409
vt 0.024963 0.766479
vt 0.038452 0.768188
vt 0.038666 0.773193
vt 0.038361 0.778442
vt 0.046417 0.777588
vt 0.046478 0.771851
vt 0.062988 0.784668
vt 0.054840 0.776367
vt 0.006046 0.768921
vt 0.005817 0.766846
vt 0.007187 0.765381
vt 0.007008 0.765259
vt 0.009628 0.762085
vt 0.044373 0.758667
vt 0.037292 0.760986
vt 0.053375 0.761597
vt 0.051910 0.756104
vt 0.043549 0.756226
vt 0.029480 0.759277
vt 0.028671 0.757446
vt 0.017288 0.759644
vt 0.018936 0.763184
vt 0.010895 0.764282
vt 0.014664 0.764893
vt 0.008713 0.764771
vt 0.010246 0.762817
vt 0.009003 0.765381
vt 0.030670 0.763062
vt 0.007500 0.765381
vt 0.060516 0.755981
vt 0.005909 0.766846
vt 0.007458 0.765991
vt 0.007099 0.767090
vt 0.368408 0.684326
vt 0.361084 0.688721
vt 0.367188 0.692627
vt 0.371826 0.681396
vt 0.376709 0.674316
vt 0.379150 0.670166
vt 0.381592 0.665527
vt 0.384277 0.660889
vt 0.387207 0.656250
vt 0.958496 0.295410
vt 0.963379 0.307129
vt 0.968262 0.298828
vt 0.947754 0.313965
vt 0.954590 0.325684
vt 0.948730 0.291992
vt 0.938477 0.312012
vt 0.934082 0.298828
vt 0.934570 0.322754
vt 0.944336 0.324219
vt 0.912109 0.302734
vt 0.920898 0.306152
vt 0.925781 0.320312
vt 0.931641 0.333984
vt 0.951172 0.335938
vt 0.961914 0.336426
vt 0.974121 0.310059
vt 0.922852 0.331055
vt 0.958984 0.346680
vt 0.916992 0.316895
vt 0.913574 0.328125
vt 0.910645 0.338379
vt 0.904297 0.358398
vt 0.820801 0.274902
vt 0.856934 0.279785
vt 0.839844 0.271973
vt 0.863281 0.294434
vt 0.884277 0.291504
vt 0.906250 0.288574
vt 0.919434 0.281738
vt 0.938965 0.288574
vt 0.909668 0.278320
vt 0.879395 0.266602
vt 0.850586 0.264648
vt 0.849609 0.223633
vt 0.854980 0.242188
vt 0.863281 0.247070
vt 0.880859 0.255859
vt 0.856934 0.229980
vt 0.824219 0.186035
vt 0.831055 0.206543
vt 0.833496 0.225586
vt 0.830566 0.238770
vt 0.800293 0.204590
vt 0.770508 0.213867
vt 0.803223 0.221191
vt 0.820801 0.216797
vt 0.823730 0.234375
vt 0.816406 0.259277
vt 0.798340 0.262207
vt 0.765137 0.253906
vt 0.778809 0.291504
vt 0.802246 0.250000
vt 0.773926 0.230469
vt 0.812988 0.242676
vt 0.763672 0.281738
vt 0.705078 0.286621
vt 0.714844 0.306152
vt 0.746094 0.255859
vt 0.754883 0.232422
vt 0.727051 0.257812
vt 0.747559 0.228027
vt 0.754395 0.205078
vt 0.735840 0.234863
vt 0.724609 0.241699
vt 0.703125 0.270996
vt 0.673340 0.256836
vt 0.716797 0.236816
vt 0.675293 0.219238
vt 0.664062 0.227539
vt 0.660645 0.201172
vt 0.680176 0.196289
vt 0.706543 0.207031
vt 0.702637 0.182617
vt 0.729004 0.193359
vt 0.722656 0.179199
vt 0.734375 0.171875
vt 0.746094 0.165527
vt 0.758301 0.159180
vt 0.767578 0.162598
vt 0.740234 0.186523
vt 0.754883 0.168945
vt 0.763672 0.172363
vt 0.749023 0.189941
vt 0.734863 0.208008
vt 0.785156 0.169922
vt 0.789551 0.184570
vt 0.769043 0.187012
vt 0.101135 0.271973
vt 0.111328 0.264160
vt 0.112488 0.255371
vt 0.119263 0.255371
vt 0.116455 0.246582
vt 0.112793 0.237793
vt 0.104980 0.255371
vt 0.101440 0.247070
vt 0.101135 0.255371
vt 0.099548 0.263184
vt 0.096924 0.270996
vt 0.094421 0.279297
vt 0.813477 0.460449
vt 0.944824 0.525635
vt 0.951660 0.526611
vt 0.951660 0.523193
vt 0.958496 0.525391
vt 0.959473 0.529297
vt 0.958984 0.521973
vt 0.939453 0.526123
vt 0.922363 0.527100
vt 0.931152 0.529541
vt 0.106750 0.726074
vt 0.093872 0.733887
vt 0.108704 0.733887
vt 0.093872 0.725586
vt 0.085205 0.715576
vt 0.083618 0.724121
vt 0.118042 0.727051
vt 0.113953 0.710938
vt 0.095154 0.700684
vt 0.088440 0.699219
vt 0.079102 0.713867
vt 0.078857 0.697510
vt 0.073914 0.712158
vt 0.072327 0.703613
vt 0.068542 0.709473
vt 0.095215 0.692139
vt 0.128784 0.727295
vt 0.093445 0.666016
vt 0.063232 0.700195
vt 0.068359 0.701904
vt 0.065369 0.695068
vt 0.070618 0.696289
vt 0.074890 0.697021
vt 0.079895 0.689941
vt 0.084290 0.682373
vt 0.076355 0.682373
vt 0.075745 0.666016
vt 0.070312 0.657227
vt 0.072266 0.682373
vt 0.071777 0.689697
vt 0.047852 0.634766
vt 0.054382 0.658691
vt 0.062012 0.640381
vt 0.065369 0.657471
vt 0.067139 0.674561
vt 0.061035 0.682617
vt 0.060211 0.688965
vt 0.058990 0.693848
vt 0.051849 0.692627
vt 0.053101 0.688477
vt 0.055389 0.674805
vt 0.061127 0.666504
vt 0.049744 0.667236
vt 0.049469 0.674805
vt 0.046021 0.687256
vt 0.044067 0.691162
vt 0.050537 0.696045
vt 0.057373 0.697998
vt 0.042328 0.694824
vt 0.880859 0.442383
vt 0.892090 0.445801
vt 0.858398 0.436035
vt 0.877441 0.451172
vt 0.888672 0.454590
vt 0.866211 0.447754
vt 0.900391 0.458496
vt 0.082825 0.657471
vt 0.077820 0.648682
vt 0.067566 0.639648
vt 0.060669 0.632080
vt 0.080994 0.632080
vt 0.076050 0.624023
vt 0.070312 0.617188
vt 0.156494 0.188477
vt 0.162842 0.188965
vt 0.169922 0.189453
vt 0.162476 0.198242
vt 0.156250 0.198242
vt 0.042145 0.636230
vt 0.044312 0.644531
vt 0.048828 0.659668
vt 0.355469 0.852539
vt 0.346191 0.849976
vt 0.351318 0.857666
vt 0.351562 0.844727
vt 0.357178 0.840820
vt 0.360352 0.848633
vt 0.341797 0.855957
vt 0.343262 0.867920
vt 0.348633 0.864624
vt 0.339355 0.842041
vt 0.307617 0.843994
vt 0.321777 0.851685
vt 0.328857 0.856323
vt 0.336670 0.861328
vt 0.338623 0.871948
vt 0.332275 0.866699
vt 0.317871 0.860840
vt 0.311523 0.855835
vt 0.305664 0.852539
vt 0.300537 0.842651
vt 0.299561 0.850830
vt 0.293457 0.850220
vt 0.293457 0.842163
vt 0.286865 0.850342
vt 0.286377 0.842407
vt 0.271240 0.834961
vt 0.278076 0.842407
vt 0.279541 0.835083
vt 0.287598 0.834351
vt 0.295166 0.833740
vt 0.302979 0.833740
vt 0.320801 0.827759
vt 0.280518 0.827637
vt 0.272949 0.828735
vt 0.288086 0.826172
vt 0.295654 0.824707
vt 0.303955 0.824341
vt 0.273682 0.821045
vt 0.280762 0.819336
vt 0.287598 0.817017
vt 0.266846 0.814575
vt 0.271484 0.803955
vt 0.261475 0.796387
vt 0.252197 0.793945
vt 0.254639 0.806763
vt 0.265381 0.802246
vt 0.265869 0.792969
vt 0.260498 0.811890
vt 0.265137 0.828491
vt 0.220703 0.805054
vt 0.232666 0.793945
vt 0.224854 0.787231
vt 0.235718 0.816162
vt 0.249756 0.827148
vt 0.256348 0.831177
vt 0.237061 0.833862
vt 0.227783 0.833008
vt 0.233643 0.837280
vt 0.223877 0.823608
vt 0.241699 0.830322
vt 0.255371 0.835327
vt 0.268555 0.841431
vt 0.278564 0.850586
vt 0.270264 0.847046
vt 0.263916 0.847046
vt 0.262207 0.844727
vt 0.259033 0.842163
vt 0.249390 0.838379
vt 0.264893 0.849365
vt 0.264893 0.852173
vt 0.269775 0.853271
vt 0.275635 0.854492
vt 0.273682 0.856812
vt 0.244873 0.838013
vt 0.238159 0.841919
vt 0.235596 0.844727
vt 0.230713 0.840698
vt 0.228516 0.844116
vt 0.224976 0.837524
vt 0.215088 0.846436
vt 0.221069 0.846924
vt 0.226440 0.848022
vt 0.231201 0.850952
vt 0.218750 0.834961
vt 0.214111 0.826660
vt 0.192993 0.814209
vt 0.178101 0.840332
vt 0.172241 0.826416
vt 0.159790 0.837402
vt 0.181030 0.827271
vt 0.189209 0.828369
vt 0.198975 0.822754
vt 0.201538 0.844849
vt 0.186401 0.842041
vt 0.194214 0.843506
vt 0.077637 0.482910
vt 0.036987 0.195801
vt 0.036743 0.201660
vt 0.005749 0.185059
vt 0.008530 0.185547
vt 0.010612 0.186523
vt 0.012589 0.188477
vt 0.018677 0.204102
vt 0.001949 0.188965
vt 0.004768 0.189453
vt 0.006657 0.189941
vt 0.007996 0.191406
vt 0.011063 0.199219
vt 0.126221 0.039062
vt 0.128174 0.030762
vt 0.122803 0.035645
vt 0.129761 0.021484
vt 0.124023 0.027344
vt 0.132202 0.034180
vt 0.121887 0.044434
vt 0.135986 0.014648
vt 0.140869 0.004395
vt 0.132812 0.008301
vt 0.362549 0.683838
vt 0.368408 0.678223
vt 0.366699 0.671143
vt 0.364014 0.672119
vt 0.359131 0.675293
vt 0.350586 0.678223
vt 0.364014 0.668457
vt 0.366455 0.667725
vt 0.921387 0.955994
vt 0.912598 0.955353
vt 0.913086 0.958649
vt 0.922363 0.959137
vt 0.913574 0.961914
vt 0.930664 0.955322
vt 0.936035 0.948029
vt 0.941406 0.943695
vt 0.933594 0.942200
vt 0.937500 0.950653
vt 0.929688 0.952301
vt 0.920898 0.952728
vt 0.910156 0.945282
vt 0.900879 0.943665
vt 0.908691 0.941956
vt 0.946777 0.940918
vt 0.917969 0.942719
vt 0.926270 0.942505
vt 0.931152 0.936462
vt 0.935547 0.934387
vt 0.944824 0.939514
vt 0.951660 0.931213
vt 0.949707 0.930786
vt 0.951172 0.921448
vt 0.950195 0.926697
vt 0.949707 0.923828
vt 0.948242 0.926880
vt 0.945801 0.934143
vt 0.942383 0.929016
vt 0.950684 0.921631
vt 0.934570 0.930176
vt 0.935059 0.927673
vt 0.939453 0.926819
vt 0.945801 0.924561
vt 0.947754 0.921997
vt 0.949219 0.919800
vt 0.948242 0.917175
vt 0.937500 0.908630
vt 0.940918 0.912537
vt 0.941895 0.910889
vt 0.938477 0.916199
vt 0.938477 0.920532
vt 0.938965 0.924683
vt 0.934570 0.925232
vt 0.933594 0.918274
vt 0.934570 0.913086
vt 0.930176 0.909424
vt 0.928223 0.915222
vt 0.923828 0.908447
vt 0.915039 0.915222
vt 0.908203 0.908142
vt 0.885254 0.909363
vt 0.891602 0.913696
vt 0.892090 0.910095
vt 0.899902 0.908936
vt 0.900391 0.905518
vt 0.916992 0.904663
vt 0.924805 0.905334
vt 0.947754 0.912598
vt 0.938477 0.906494
vt 0.925781 0.902344
vt 0.917969 0.901428
vt 0.909180 0.901489
vt 0.900879 0.902161
vt 0.893555 0.903259
vt 0.887695 0.903076
vt 0.881348 0.904419
vt 0.879395 0.907043
vt 0.883301 0.912598
vt 0.876953 0.909851
vt 0.880371 0.916870
vt 0.872559 0.911499
vt 0.871094 0.918762
vt 0.866211 0.913635
vt 0.882812 0.901489
vt 0.873535 0.922974
vt 0.884277 0.934082
vt 0.875977 0.930664
vt 0.876953 0.936768
vt 0.883789 0.929749
vt 0.875000 0.926636
vt 0.882324 0.921631
vt 0.890625 0.917480
vt 0.891113 0.921448
vt 0.899414 0.916565
vt 0.899414 0.920593
vt 0.891602 0.929565
vt 0.891602 0.933472
vt 0.885742 0.938385
vt 0.898926 0.928833
vt 0.907227 0.919617
vt 0.921387 0.918701
vt 0.927734 0.921204
vt 0.928711 0.929138
vt 0.928223 0.926453
vt 0.920898 0.925293
vt 0.914062 0.922913
vt 0.906250 0.927795
vt 0.906738 0.935059
vt 0.914551 0.933228
vt 0.914062 0.929993
vt 0.921875 0.931213
vt 0.898926 0.932800
vt 0.892090 0.937439
vt 0.886719 0.942688
vt 0.900391 0.940186
vt 0.893066 0.941437
vt 0.894043 0.945374
vt 0.888184 0.946960
vt 0.890137 0.956116
vt 0.895996 0.953217
vt 0.903809 0.953949
vt 0.904297 0.957275
vt 0.898926 0.963257
vt 0.893066 0.963898
vt 0.894043 0.966949
vt 0.897949 0.960205
vt 0.905273 0.960602
vt 0.905762 0.963837
vt 0.899414 0.966278
vt 0.895020 0.969849
vt 0.130127 0.831421
vt 0.135010 0.814697
vt 0.140259 0.784668
vt 0.159058 0.788452
vt 0.140137 0.794189
vt 0.149170 0.800293
vt 0.138184 0.804199
vt 0.156372 0.812622
vt 0.136719 0.809448
vt 0.168335 0.800293
vt 0.166016 0.813110
vt 0.175415 0.813354
vt 0.193604 0.770020
vt 0.184692 0.775879
vt 0.178223 0.792603
vt 0.177979 0.799683
vt 0.187622 0.790527
vt 0.184448 0.813599
vt 0.196289 0.798218
vt 0.197144 0.788696
vt 0.198486 0.776733
vt 0.206787 0.764648
vt 0.206055 0.789062
vt 0.208618 0.778320
vt 0.243774 0.750122
vt 0.234619 0.756104
vt 0.221069 0.771851
vt 0.216919 0.781494
vt 0.261719 0.765991
vt 0.253418 0.768066
vt 0.240479 0.764038
vt 0.228516 0.778442
vt 0.256348 0.788940
vt 0.251221 0.780518
vt 0.246216 0.786133
vt 0.240234 0.778320
vt 0.235596 0.785767
vt 0.225220 0.675293
vt 0.225830 0.679199
vt 0.226807 0.681885
vt 0.227783 0.687256
vt 0.444824 0.810425
vt 0.456787 0.809082
vt 0.450684 0.815186
vt 0.455811 0.819946
vt 0.461670 0.825928
vt 0.468506 0.794800
vt 0.450439 0.792236
vt 0.388428 0.822998
vt 0.398438 0.813232
vt 0.393311 0.806152
vt 0.390137 0.813354
vt 0.224121 0.682129
vt 0.223755 0.686279
vt 0.226562 0.693359
vt 0.221313 0.678955
vt 0.220215 0.683838
vt 0.220581 0.689209
vt 0.223999 0.699219
vt 0.229370 0.699219
vt 0.232788 0.698730
vt 0.235229 0.700928
vt 0.234985 0.705566
vt 0.220581 0.716553
vt 0.232910 0.700928
vt 0.232422 0.702393
vt 0.229126 0.702637
vt 0.133423 0.796265
vt 0.132446 0.801514
vt 0.114990 0.800049
vt 0.122375 0.806519
vt 0.096924 0.801147
vt 0.104797 0.807617
vt 0.096252 0.805420
vt 0.095581 0.809814
vt 0.087036 0.807007
vt 0.086304 0.811401
vt 0.085571 0.815674
vt 0.094299 0.818848
vt 0.103088 0.817139
vt 0.118713 0.817383
vt 0.120728 0.812134
vt 0.128296 0.814575
vt 0.130493 0.807373
vt 0.109985 0.824707
vt 0.117065 0.822266
vt 0.123901 0.820312
vt 0.115784 0.827637
vt 0.121765 0.824585
vt 0.119202 0.830078
vt 0.229736 0.338379
vt 0.223755 0.350586
vt 0.234619 0.346680
vt 0.225098 0.365723
vt 0.233154 0.325195
vt 0.233643 0.311523
vt 0.239502 0.303711
vt 0.230469 0.290527
vt 0.227295 0.274902
vt 0.221069 0.371582
vt 0.215942 0.362305
vt 0.210938 0.367676
vt 0.046051 0.295898
vt 0.046295 0.286133
vt 0.053802 0.279785
vt 0.057648 0.271973
vt 0.058533 0.262207
vt 0.066162 0.247070
vt 0.050415 0.278320
vt 0.085938 0.217773
vt 0.129395 0.966644
vt 0.134521 0.960236
vt 0.134521 0.966644
vt 0.129395 0.973068
vt 0.134521 0.973068
vt 0.129395 0.979492
vt 0.124451 0.953796
vt 0.129395 0.947357
vt 0.134521 0.953796
vt 0.124451 0.960236
vt 0.119446 0.966644
vt 0.124451 0.973068
vt 0.109375 0.973068
vt 0.114380 0.979492
vt 0.109375 0.979492
vt 0.109375 0.985916
vt 0.104309 0.973068
vt 0.099304 0.960236
vt 0.089233 0.960236
vt 0.089233 0.953796
vt 0.099304 0.953796
vt 0.109375 0.953796
vt 0.114380 0.960236
vt 0.099304 0.973068
vt 0.089233 0.966644
vt 0.104309 0.979492
vt 0.099304 0.979492
vt 0.089233 0.979492
vt 0.089233 0.973068
vt 0.079163 0.973068
vt 0.079163 0.966644
vt 0.079163 0.960236
vt 0.084229 0.979492
vt 0.089233 0.985916
vt 0.099304 0.985916
vt 0.079163 0.953796
vt 0.089233 0.947357
vt 0.109375 0.947357
vt 0.119446 0.947357
vt 0.124451 0.940948
vt 0.114380 0.940948
vt 0.089233 0.940948
vt 0.079163 0.940948
vt 0.099304 0.934509
vt 0.099304 0.928101
vt 0.109375 0.921692
vt 0.109375 0.928101
vt 0.114380 0.934509
vt 0.124451 0.934509
vt 0.134521 0.934509
vt 0.134521 0.940948
vt 0.134521 0.908813
vt 0.129395 0.915283
vt 0.124451 0.908813
vt 0.119446 0.915283
vt 0.129395 0.921692
vt 0.119446 0.921692
vt 0.129395 0.928101
vt 0.119446 0.928101
vt 0.134521 0.915283
vt 0.134521 0.921692
vt 0.134521 0.928101
vt 0.109375 0.915283
vt 0.114380 0.908813
vt 0.104309 0.908813
vt 0.114380 0.902405
vt 0.104309 0.902405
vt 0.114380 0.895996
vt 0.099304 0.895996
vt 0.109375 0.889526
vt 0.124451 0.902405
vt 0.124451 0.895996
vt 0.119446 0.889526
vt 0.114380 0.883118
vt 0.104309 0.883118
vt 0.109375 0.876709
vt 0.099304 0.876709
vt 0.119446 0.876709
vt 0.124451 0.883118
vt 0.129395 0.889526
vt 0.129395 0.876709
vt 0.134521 0.883118
vt 0.134521 0.889526
vt 0.134521 0.895996
vt 0.134521 0.902405
vt 0.129395 0.870361
vt 0.134521 0.863892
vt 0.134521 0.870361
vt 0.134521 0.876709
vt 0.084229 0.870361
vt 0.079163 0.876709
vt 0.079163 0.870361
vt 0.089233 0.876709
vt 0.094299 0.870361
vt 0.104309 0.870361
vt 0.114380 0.870361
vt 0.124451 0.870361
vt 0.094299 0.863892
vt 0.104309 0.863892
vt 0.114380 0.863892
vt 0.109375 0.857422
vt 0.099304 0.857422
vt 0.124451 0.863892
vt 0.119446 0.863892
vt 0.119446 0.857422
vt 0.079163 0.863892
vt 0.089233 0.863892
vt 0.084229 0.863892
vt 0.089233 0.857422
vt 0.068054 0.425293
vt 0.064209 0.421875
vt 0.075745 0.416992
vt 0.077393 0.419434
vt 0.078918 0.414551
vt 0.083862 0.414551
vt 0.084412 0.408691
vt 0.088562 0.407227
vt 0.222534 0.902405
vt 0.229370 0.900269
vt 0.228271 0.904968
vt 0.238159 0.903809
vt 0.229980 0.908386
vt 0.223511 0.910767
vt 0.224121 0.913635
vt 0.217407 0.913635
vt 0.217407 0.916138
vt 0.205322 0.919617
vt 0.222168 0.907837
vt 0.211548 0.910522
vt 0.206421 0.912354
vt 0.247559 0.903564
vt 0.266113 0.916077
vt 0.257324 0.911987
vt 0.225098 0.922607
vt 0.232544 0.919006
vt 0.240479 0.915222
vt 0.211182 0.923584
vt 0.217896 0.921631
vt 0.224731 0.919189
vt 0.231934 0.915283
vt 0.231323 0.911560
vt 0.224365 0.916260
vt 0.941895 0.822266
vt 0.949219 0.817139
vt 0.935547 0.812988
vt 0.929199 0.815063
vt 0.924316 0.815308
vt 0.947266 0.812134
vt 0.951660 0.813843
vt 0.954102 0.816040
vt 0.952148 0.819214
vt 0.949707 0.822266
vt 0.946289 0.823853
vt 0.282471 0.877502
vt 0.272949 0.877441
vt 0.044006 0.870361
vt 0.033936 0.876709
vt 0.033936 0.870361
vt 0.033936 0.863892
vt 0.038971 0.863892
vt 0.038971 0.857422
vt 0.033936 0.883118
vt 0.044006 0.883118
vt 0.049011 0.876709
vt 0.059082 0.876709
vt 0.064087 0.870361
vt 0.069153 0.876709
vt 0.064087 0.895996
vt 0.044006 0.902405
vt 0.044006 0.895996
vt 0.059082 0.889526
vt 0.038971 0.889526
vt 0.054047 0.883118
vt 0.064087 0.883118
vt 0.074158 0.883118
vt 0.033936 0.915283
vt 0.044006 0.908813
vt 0.044006 0.915283
vt 0.033936 0.908813
vt 0.033936 0.902405
vt 0.033936 0.895996
vt 0.033936 0.889526
vt 0.079163 0.934509
vt 0.074158 0.928101
vt 0.079163 0.928101
vt 0.074158 0.921692
vt 0.064087 0.921692
vt 0.064087 0.915283
vt 0.064087 0.908813
vt 0.064087 0.902405
vt 0.069153 0.889526
vt 0.074158 0.895996
vt 0.074158 0.902405
vt 0.074158 0.908813
vt 0.079163 0.915283
vt 0.079163 0.921692
vt 0.079163 0.908813
vt 0.079163 0.889526
vt 0.079163 0.895996
vt 0.084229 0.902405
vt 0.084229 0.908813
vt 0.089233 0.915283
vt 0.084229 0.889526
vt 0.089233 0.895996
vt 0.094299 0.902405
vt 0.094299 0.908813
vt 0.099304 0.915283
vt 0.099304 0.921692
vt 0.094299 0.889526
vt 0.094299 0.883118
vt 0.084229 0.883118
vt 0.074158 0.863892
vt 0.069153 0.863892
vt 0.069153 0.857422
vt 0.074158 0.870361
vt 0.064087 0.863892
vt 0.054047 0.863892
vt 0.044006 0.863892
vt 0.049011 0.857422
vt 0.059082 0.857422
vt 0.033936 0.960236
vt 0.033936 0.953796
vt 0.044006 0.960236
vt 0.049011 0.953796
vt 0.038971 0.947357
vt 0.033936 0.940948
vt 0.059082 0.960236
vt 0.054047 0.979492
vt 0.059082 0.979492
vt 0.059082 0.985916
vt 0.064087 0.979492
vt 0.059082 0.973068
vt 0.054047 0.973068
vt 0.049011 0.973068
vt 0.038971 0.973068
vt 0.033936 0.966644
vt 0.038971 0.979492
vt 0.049011 0.979492
vt 0.044006 0.979492
vt 0.038971 0.985916
vt 0.049011 0.985916
vt 0.180664 0.391113
vt 0.174438 0.393555
vt 0.180420 0.393555
vt 0.183228 0.372070
vt 0.182251 0.379883
vt 0.181763 0.384766
vt 0.134521 0.979492
vt 0.129395 0.985916
vt 0.044006 0.921692
vt 0.064087 0.928101
vt 0.074158 0.934509
vt 0.064087 0.934509
vt 0.069153 0.940948
vt 0.064087 0.940948
vt 0.069153 0.947357
vt 0.054047 0.947357
vt 0.064087 0.953796
vt 0.044006 0.928101
vt 0.044006 0.934509
vt 0.044006 0.940948
vt 0.033936 0.934509
vt 0.033936 0.928101
vt 0.033936 0.921692
vt 0.069153 0.979492
vt 0.069153 0.985916
vt 0.069153 0.973068
vt 0.074158 0.966644
vt 0.069153 0.960236
vt 0.074158 0.953796
vt 0.074158 0.947357
vt 0.089233 0.928101
vt 0.089233 0.934509
vt 0.089233 0.921692
vt 0.598633 0.693115
vt 0.578125 0.696533
vt 0.601074 0.704590
vt 0.624512 0.685791
vt 0.639648 0.697266
vt 0.616211 0.681152
vt 0.606445 0.696533
vt 0.619629 0.693115
vt 0.627441 0.698486
vt 0.634766 0.704834
vt 0.645996 0.702881
vt 0.614258 0.700439
vt 0.621582 0.705078
vt 0.628418 0.711182
vt 0.640625 0.711670
vt 0.647461 0.718750
vt 0.633789 0.717773
vt 0.620605 0.717041
vt 0.614746 0.711914
vt 0.625488 0.723389
vt 0.638184 0.724121
vt 0.630371 0.729736
vt 0.653809 0.727539
vt 0.641113 0.729248
vt 0.643066 0.735107
vt 0.655273 0.718994
vt 0.658203 0.741211
vt 0.648438 0.751099
vt 0.654297 0.752930
vt 0.645508 0.741943
vt 0.651367 0.735107
vt 0.658691 0.728516
vt 0.659668 0.718506
vt 0.662109 0.730469
vt 0.707520 0.070312
vt 0.716797 0.073242
vt 0.704102 0.051270
vt 0.691406 0.057129
vt 0.407227 0.582520
vt 0.404541 0.590332
vt 0.900879 0.123047
vt 0.915527 0.110352
vt 0.921387 0.095215
vt 0.928711 0.095703
vt 0.926758 0.081543
vt 0.937500 0.079590
vt 0.929199 0.061035
vt 0.940430 0.068359
vt 0.938965 0.059570
vt 0.924316 0.044922
vt 0.915039 0.046875
vt 0.927734 0.053711
vt 0.919922 0.062988
vt 0.920410 0.071777
vt 0.918945 0.082520
vt 0.914551 0.095703
vt 0.912109 0.073242
vt 0.911621 0.083496
vt 0.477051 0.542480
vt 0.331543 0.880798
vt 0.347900 0.871338
vt 0.356934 0.866089
vt 0.366699 0.860962
vt 0.376709 0.856689
vt 0.851562 0.301270
vt 0.836426 0.318359
vt 0.848633 0.311523
vt 0.854492 0.325684
vt 0.848145 0.346191
vt 0.735352 0.968262
vt 0.738770 0.971634
vt 0.729004 0.968872
vt 0.729004 0.965729
vt 0.734863 0.948425
vt 0.904297 0.124023
vt 0.919434 0.111816
vt 0.934082 0.097656
vt 0.947266 0.085938
vt 0.938477 0.098145
vt 0.313232 0.681396
vt 0.308350 0.682617
vt 0.929199 0.931885
vt 0.922363 0.933838
vt 0.915039 0.936218
vt 0.907715 0.938477
vt 0.696777 0.903381
vt 0.683594 0.908264
vt 0.678223 0.910889
vt 0.673828 0.913269
s 1
usemtl Goat_Mat_01
f 1/1/1 2/2/2 3/3/3
f 4/4/4 5/5/5 1/1/6
f 6/6/7 4/4/4 1/1/6
f 7/7/8 8/8/9 9/9/10
f 8/8/9 7/7/8 10/10/11
f 10/10/11 7/7/8 11/11/12
f 12/12/13 10/10/11 11/11/12
f 11/11/12 2/2/14 12/12/13
f 2/2/14 5/5/15 12/12/13
f 3/3/16 11/11/12 13/13/17
f 7/7/8 13/13/17 11/11/12
f 14/14/18 8/8/9 15/15/19
f 10/10/11 15/15/19 8/8/9
f 15/15/19 10/10/11 16/16/20
f 10/10/11 12/12/13 16/16/20
f 16/16/20 12/12/13 17/17/21
f 18/18/22 17/17/21 12/12/13
f 19/19/23 18/18/22 12/12/13
f 20/20/24 16/16/20 17/17/21
f 21/21/25 16/16/20 20/20/24
f 16/16/20 21/21/25 15/15/19
f 22/22/26 23/23/27 24/24/28
f 23/23/27 22/22/26 25/25/29
f 26/26/30 25/25/29 22/22/26
f 25/25/29 26/26/30 27/27/31
f 28/28/32 27/27/31 26/26/30
f 20/20/24 28/28/32 26/26/30
f 29/29/33 20/20/24 26/26/30
f 21/21/25 20/20/24 29/29/33
f 29/29/33 30/30/34 21/21/25
f 30/30/34 15/15/19 21/21/25
f 25/25/29 31/31/35 32/32/36
f 25/25/29 27/27/31 31/31/35
f 31/31/35 27/27/31 33/33/37
f 32/32/36 31/31/35 33/33/37
f 34/34/38 32/32/36 33/33/37
f 35/35/39 32/32/36 34/34/38
f 36/36/40 35/35/39 34/34/38
f 37/37/41 35/35/39 36/36/40
f 38/38/42 37/37/41 36/36/40
f 37/37/41 38/38/42 39/39/43
f 40/40/44 39/39/43 38/38/42
f 41/41/45 27/27/31 42/42/46
f 27/27/31 41/41/45 43/43/47
f 43/43/47 33/33/37 27/27/31
f 44/44/48 33/33/37 43/43/47
f 33/33/37 44/44/48 34/34/38
f 45/45/49 34/34/38 44/44/48
f 45/45/49 36/36/40 34/34/38
f 36/36/40 45/45/49 46/46/50
f 38/38/42 36/36/40 46/46/50
f 46/46/50 47/47/51 38/38/42
f 38/38/42 47/47/51 48/48/52
f 48/48/52 47/47/51 49/49/53
f 49/49/53 50/50/54 48/48/52
f 50/50/54 49/49/53 51/51/55
f 51/51/55 52/52/56 50/50/54
f 51/51/55 53/53/57 52/52/56
f 54/54/58 52/52/56 53/53/57
f 52/52/56 54/54/58 55/55/59
f 55/55/59 56/56/60 52/52/56
f 56/56/60 55/55/59 57/57/61
f 52/52/56 56/56/60 58/58/62
f 50/50/54 52/52/56 58/58/62
f 50/50/54 58/58/62 40/40/44
f 48/48/52 50/50/54 40/40/44
f 48/48/52 40/40/44 38/38/42
f 39/39/43 40/40/44 59/59/63
f 58/58/62 59/59/63 40/40/44
f 59/59/63 58/58/62 60/60/64
f 56/56/60 60/60/64 58/58/62
f 60/60/64 56/56/60 61/61/65
f 60/60/64 61/61/65 62/62/66
f 63/63/67 62/62/66 61/61/65
f 62/62/66 63/63/67 64/64/68
f 65/65/69 64/64/68 63/63/67
f 64/64/68 65/65/69 66/66/70
f 59/59/63 60/60/64 62/62/66
f 57/57/61 61/61/65 56/56/60
f 61/61/65 57/57/61 67/67/71
f 61/61/65 67/67/71 68/68/72
f 68/68/72 63/63/67 61/61/65
f 69/69/73 63/63/67 68/68/72
f 70/70/74 63/63/67 69/69/73
f 63/63/67 70/70/74 65/65/69
f 65/65/69 70/70/74 71/71/75
f 65/65/69 71/71/75 72/72/76
f 73/73/77 72/72/76 71/71/75
f 72/72/76 66/66/70 65/65/69
f 74/74/78 66/66/70 72/72/76
f 72/72/76 75/75/79 74/74/78
f 76/76/80 74/74/78 75/75/79
f 75/75/79 77/77/81 76/76/80
f 77/77/81 78/78/82 76/76/80
f 78/78/82 77/77/81 79/79/83
f 80/80/84 78/78/82 79/79/83
f 24/24/28 80/80/84 79/79/83
f 80/80/84 24/24/28 23/23/27
f 81/81/85 24/24/28 79/79/83
f 24/24/28 81/81/85 82/82/86
f 24/24/28 82/82/86 22/22/26
f 83/83/87 79/79/83 84/84/88
f 83/83/87 81/81/85 79/79/83
f 85/85/89 81/81/85 83/83/87
f 85/85/89 30/30/34 81/81/85
f 81/81/85 30/30/34 82/82/86
f 30/30/34 29/29/33 82/82/86
f 82/82/86 29/29/33 22/22/26
f 22/22/26 29/29/33 26/26/30
f 86/86/90 84/84/88 87/87/91
f 83/83/87 84/84/88 86/86/90
f 88/88/92 83/83/87 86/86/90
f 83/83/87 89/89/93 85/85/89
f 89/89/93 83/83/87 88/88/92
f 88/88/92 90/90/94 89/89/93
f 90/90/94 88/88/92 91/91/95
f 86/86/90 91/91/95 88/88/92
f 91/91/95 86/86/90 92/92/96
f 92/92/96 86/86/90 87/87/91
f 93/93/97 92/92/96 87/87/91
f 92/92/96 94/94/98 91/91/95
f 94/94/98 92/92/96 95/95/99
f 92/92/96 93/93/97 95/95/99
f 96/96/100 95/95/99 93/93/97
f 72/72/76 96/96/100 93/93/97
f 75/75/79 72/72/76 93/93/97
f 87/87/91 75/75/79 93/93/97
f 75/75/79 87/87/91 77/77/81
f 87/87/91 84/84/88 77/77/81
f 84/84/88 79/79/83 77/77/81
f 72/72/76 73/73/77 96/96/100
f 73/73/77 97/97/101 96/96/100
f 95/95/99 96/96/100 97/97/101
f 95/95/99 97/97/101 98/98/102
f 95/95/99 98/98/102 94/94/98
f 99/99/103 94/94/98 98/98/102
f 94/94/98 99/99/103 100/100/104
f 101/101/105 100/100/104 99/99/103
f 100/100/104 101/101/105 102/102/106
f 101/101/105 103/103/107 102/102/106
f 97/97/101 73/73/77 104/104/108
f 97/97/101 104/104/108 105/105/109
f 98/98/102 97/97/101 105/105/109
f 106/106/110 98/98/102 105/105/109
f 98/98/102 106/106/110 99/99/103
f 107/107/111 99/99/103 106/106/110
f 99/99/103 107/107/111 101/101/105
f 107/107/111 108/108/112 101/101/105
f 108/108/112 107/107/111 109/109/113
f 108/108/112 109/109/113 110/110/114
f 110/110/114 109/109/113 111/111/115
f 112/112/116 108/108/112 110/110/114
f 108/108/112 112/112/116 103/103/107
f 108/108/112 103/103/107 101/101/105
f 113/113/53 103/103/107 112/112/116
f 109/109/113 107/107/111 114/114/117
f 106/106/110 114/114/117 107/107/111
f 114/114/117 106/106/110 115/115/118
f 106/106/110 105/105/109 115/115/118
f 103/103/107 116/116/119 102/102/106
f 103/103/107 113/113/53 116/116/119
f 116/116/119 113/113/53 117/117/120
f 113/113/53 118/118/121 117/117/120
f 119/119/122 117/117/120 118/118/121
f 117/117/120 119/119/122 120/120/123
f 119/119/122 121/121/124 120/120/123
f 120/120/123 121/121/124 14/14/18
f 14/14/18 121/121/124 9/9/10
f 8/8/9 14/14/18 9/9/10
f 120/120/123 122/122/125 117/117/120
f 102/102/106 117/117/120 122/122/125
f 117/117/120 102/102/106 116/116/119
f 15/15/19 30/30/34 85/85/89
f 15/15/19 85/85/89 14/14/18
f 14/14/18 85/85/89 120/120/123
f 120/120/123 85/85/89 89/89/93
f 122/122/125 120/120/123 89/89/93
f 122/122/125 89/89/93 90/90/94
f 90/90/94 102/102/106 122/122/125
f 102/102/106 90/90/94 100/100/104
f 91/91/95 100/100/104 90/90/94
f 100/100/104 91/91/95 94/94/98
f 123/123/126 124/124/127 125/125/128
f 124/124/127 126/126/129 125/125/128
f 126/126/129 127/127/130 128/128/131
f 126/126/129 128/128/131 125/125/128
f 125/125/128 128/128/131 129/129/132
f 129/129/132 130/130/133 125/125/128
f 125/125/128 130/130/133 123/123/126
f 130/130/133 131/131/134 123/123/126
f 131/131/134 132/132/135 123/123/126
f 132/132/135 133/133/136 123/123/126
f 133/133/136 132/132/135 134/134/137
f 134/134/137 135/135/138 133/133/136
f 136/136/139 137/137/140 135/135/138
f 137/137/140 133/133/136 135/135/138
f 137/137/140 138/138/141 133/133/136
f 134/134/137 139/139/142 135/135/138
f 139/139/142 136/136/139 135/135/138
f 136/136/139 139/139/142 140/140/143
f 140/140/143 141/141/144 136/136/139
f 141/141/144 140/140/143 142/142/145
f 143/143/146 144/144/147 145/145/148
f 146/146/149 143/143/146 145/145/148
f 145/145/148 147/147/150 146/146/149
f 148/148/151 147/147/150 145/145/148
f 148/148/151 149/149/152 147/147/150
f 149/149/152 148/148/151 150/150/153
f 149/149/152 150/150/153 141/141/144
f 136/136/139 141/141/144 150/150/153
f 150/150/153 151/151/154 136/136/139
f 151/151/154 137/137/140 136/136/139
f 151/151/154 150/150/153 148/148/151
f 152/152/155 153/153/156 154/154/157
f 153/153/156 152/152/155 155/155/158
f 142/142/145 153/153/156 155/155/158
f 155/155/158 141/141/144 142/142/145
f 156/156/159 141/141/144 155/155/158
f 156/156/159 149/149/152 141/141/144
f 157/157/160 149/149/152 156/156/159
f 157/157/160 147/147/150 149/149/152
f 147/147/150 157/157/160 158/158/161
f 147/147/150 158/158/161 146/146/149
f 159/159/162 160/160/163 161/161/164
f 160/160/163 162/162/165 161/161/164
f 162/162/165 160/160/163 158/158/161
f 158/158/161 163/163/166 162/162/165
f 163/163/166 158/158/161 157/157/160
f 163/163/166 157/157/160 164/164/167
f 156/156/159 164/164/167 157/157/160
f 164/164/167 156/156/159 165/165/168
f 155/155/158 165/165/168 156/156/159
f 165/165/168 155/155/158 152/152/155
f 166/166/169 162/162/165 163/163/166
f 166/166/169 163/163/166 167/167/170
f 167/167/170 163/163/166 164/164/167
f 167/167/170 164/164/167 168/168/171
f 165/165/168 168/168/171 164/164/167
f 168/168/171 165/165/168 169/169/172
f 169/169/172 165/165/168 152/152/155
f 152/152/155 170/170/173 169/169/172
f 154/154/157 170/170/173 152/152/155
f 170/170/173 154/154/157 171/171/174
f 172/172/175 173/173/176 174/174/177
f 174/174/177 175/175/178 172/172/175
f 175/175/178 174/174/177 176/176/179
f 176/176/179 177/177/180 175/175/178
f 159/159/162 177/177/180 176/176/179
f 177/177/180 159/159/162 178/178/181
f 178/178/181 159/159/162 161/161/164
f 161/161/164 179/179/182 178/178/181
f 179/179/182 161/161/164 162/162/165
f 162/162/165 166/166/169 179/179/182
f 158/158/161 160/160/163 146/146/149
f 146/146/149 160/160/163 180/180/183
f 159/159/162 180/180/183 160/160/163
f 159/159/162 181/181/184 180/180/183
f 181/181/184 159/159/162 176/176/179
f 176/176/179 182/182/185 181/181/184
f 182/182/185 176/176/179 174/174/177
f 174/174/177 173/173/176 182/182/185
f 182/182/185 173/173/176 183/183/186
f 184/184/187 183/183/186 173/173/176
f 185/185/188 183/183/186 186/186/189
f 183/183/186 184/184/187 186/186/189
f 187/187/190 181/181/184 182/182/185
f 187/187/190 182/182/185 183/183/186
f 188/188/191 187/187/190 183/183/186
f 183/183/186 185/185/188 188/188/191
f 185/185/188 189/189/192 188/188/191
f 189/189/192 185/185/188 190/190/193
f 191/191/194 189/189/192 190/190/193
f 192/192/195 191/191/194 190/190/193
f 193/193/196 191/191/194 192/192/195
f 192/192/195 194/194/197 193/193/196
f 189/189/192 191/191/194 195/195/198
f 195/195/198 188/188/191 189/189/192
f 195/195/198 196/196/199 188/188/191
f 187/187/190 188/188/191 196/196/199
f 197/197/200 187/187/190 196/196/199
f 181/181/184 187/187/190 197/197/200
f 181/181/184 197/197/200 180/180/183
f 198/198/201 196/196/199 199/199/202
f 196/196/199 195/195/198 199/199/202
f 200/200/203 199/199/202 195/195/198
f 200/200/203 195/195/198 191/191/194
f 191/191/194 193/193/196 200/200/203
f 200/200/203 193/193/196 201/201/204
f 201/201/204 193/193/196 202/202/205
f 203/203/206 201/201/204 202/202/205
f 127/127/130 203/203/206 202/202/205
f 203/203/206 127/127/130 126/126/129
f 204/204/207 201/201/204 205/205/208
f 201/201/204 204/204/207 206/206/209
f 201/201/204 206/206/209 200/200/203
f 206/206/209 199/199/202 200/200/203
f 206/206/209 207/207/210 199/199/202
f 207/207/210 198/198/201 199/199/202
f 198/198/201 207/207/210 208/208/211
f 208/208/211 209/209/212 198/198/201
f 204/204/207 210/144/213 206/206/209
f 206/206/209 210/144/213 207/207/210
f 210/144/213 211/143/214 207/207/210
f 207/207/210 211/143/214 208/208/211
f 146/146/149 208/208/211 211/143/214
f 209/209/212 208/208/211 146/146/149
f 146/146/149 180/180/183 209/209/212
f 209/209/212 180/180/183 197/197/200
f 198/198/201 209/209/212 197/197/200
f 197/197/200 196/196/199 198/198/201
f 212/210/215 213/211/216 214/212/217
f 214/212/217 213/211/216 215/213/218
f 215/213/218 213/211/216 216/214/219
f 212/210/215 217/215/220 218/216/221
f 218/216/221 213/211/216 212/210/215
f 213/211/216 218/216/221 219/217/222
f 219/217/222 216/214/219 213/211/216
f 219/217/222 220/218/223 216/214/219
f 220/218/223 221/219/224 216/214/219
f 221/219/224 220/218/223 222/220/225
f 223/221/226 221/219/224 222/220/225
f 222/220/225 224/222/227 223/221/226
f 225/223/228 223/221/226 224/222/227
f 219/217/222 218/216/221 226/224/229
f 217/215/220 226/224/229 218/216/221
f 227/225/230 226/224/229 217/215/220
f 228/226/231 227/225/230 217/215/220
f 217/215/220 229/227/232 228/226/231
f 230/228/233 222/220/225 231/229/234
f 222/220/225 232/230/235 231/229/234
f 220/218/223 232/230/235 222/220/225
f 220/218/223 219/217/222 232/230/235
f 219/217/222 233/231/236 232/230/235
f 226/224/229 233/231/236 219/217/222
f 234/232/237 233/231/236 226/224/229
f 226/224/229 235/233/238 234/232/237
f 227/225/230 235/233/238 226/224/229
f 236/234/239 235/233/238 227/225/230
f 237/235/240 238/236/241 239/237/242
f 239/237/242 240/238/243 237/235/240
f 240/238/243 239/237/242 231/229/234
f 241/239/244 240/238/243 231/229/234
f 241/239/244 231/229/234 232/230/235
f 232/230/235 242/240/245 241/239/244
f 232/230/235 243/241/246 242/240/245
f 243/241/246 232/230/235 233/231/236
f 233/231/236 234/232/237 243/241/246
f 244/242/247 245/243/248 246/244/245
f 244/242/247 246/244/245 247/245/249
f 247/245/249 246/244/245 248/246/250
f 249/247/251 247/245/249 248/246/250
f 249/247/251 248/246/250 250/248/252
f 250/248/252 238/236/241 249/247/251
f 238/236/241 250/248/252 251/249/253
f 239/237/242 238/236/241 251/249/253
f 239/237/242 251/249/253 230/228/233
f 231/229/234 239/237/242 230/228/233
f 230/228/233 251/249/253 252/250/254
f 251/249/253 253/251/255 252/250/254
f 251/249/253 250/248/252 253/251/255
f 250/248/252 248/246/250 253/251/255
f 254/252/256 253/251/255 248/246/250
f 254/252/256 255/253/257 253/251/255
f 255/253/257 252/250/254 253/251/255
f 255/253/257 256/254/258 252/250/254
f 256/254/258 224/222/227 252/250/254
f 252/250/254 224/222/227 230/228/233
f 224/222/227 222/220/225 230/228/233
f 257/255/259 256/254/258 255/253/257
f 258/256/260 248/246/250 246/244/245
f 258/256/260 254/252/256 248/246/250
f 254/252/256 258/256/260 259/257/261
f 259/257/261 260/258/262 254/252/256
f 255/253/257 254/252/256 260/258/262
f 255/253/257 260/258/262 261/259/263
f 261/259/263 257/255/259 255/253/257
f 262/260/264 257/255/259 261/259/263
f 263/261/265 264/262/266 262/260/264
f 263/261/265 262/260/264 261/259/263
f 263/261/265 261/259/263 265/263/267
f 260/258/262 265/263/267 261/259/263
f 265/263/267 260/258/262 266/264/268
f 260/258/262 259/257/261 266/264/268
f 259/257/261 267/265/269 266/264/268
f 267/265/269 259/257/261 258/256/260
f 245/243/248 267/265/269 258/256/260
f 246/244/245 245/243/248 258/256/260
f 268/266/270 269/267/271 270/268/272
f 268/266/270 270/268/272 271/269/273
f 271/269/273 272/270/274 268/266/270
f 264/262/266 272/270/274 271/269/273
f 273/271/275 272/270/274 264/262/266
f 263/261/265 273/271/275 264/262/266
f 265/263/267 273/271/275 263/261/265
f 273/271/275 265/263/267 274/272/276
f 274/272/276 265/263/267 266/264/268
f 266/264/268 275/273/277 274/272/276
f 273/271/275 274/272/276 272/270/274
f 270/268/272 276/274/278 271/269/273
f 277/275/279 276/274/278 270/268/272
f 274/272/276 275/273/277 278/276/280
f 279/277/281 274/272/276 278/276/280
f 274/272/276 279/277/281 272/270/274
f 272/270/274 279/277/281 268/266/270
f 280/278/282 277/275/279 281/279/283
f 277/275/279 280/278/282 282/280/284
f 282/280/284 276/274/278 277/275/279
f 276/274/278 282/280/284 283/281/285
f 284/282/286 276/274/278 283/281/285
f 276/274/278 284/282/286 271/269/273
f 285/283/287 271/269/273 284/282/286
f 271/269/273 285/283/287 286/284/288
f 286/284/288 264/262/266 271/269/273
f 262/260/264 264/262/266 286/284/288
f 284/282/286 287/285/289 285/283/287
f 287/285/289 284/282/286 288/286/290
f 283/281/285 288/286/290 284/282/286
f 283/281/285 289/287/291 288/286/290
f 289/287/291 283/281/285 282/280/284
f 289/287/291 282/280/284 290/288/292
f 290/288/292 282/280/284 280/278/282
f 280/278/282 291/289/293 290/288/292
f 291/289/293 280/278/282 292/290/294
f 293/291/295 291/289/293 292/290/294
f 294/292/296 290/288/292 291/289/293
f 291/289/293 293/291/295 294/292/296
f 295/293/297 294/292/296 293/291/295
f 295/293/297 293/291/295 296/294/298
f 297/295/299 298/296/300 299/297/301
f 298/296/300 300/298/302 299/297/301
f 301/299/303 299/297/301 300/298/302
f 301/299/303 300/298/302 302/300/304
f 296/294/298 301/299/303 302/300/304
f 302/300/304 303/301/305 296/294/298
f 303/301/305 295/293/297 296/294/298
f 295/293/297 303/301/305 304/302/306
f 294/292/296 295/293/297 304/302/306
f 304/302/306 305/303/307 294/292/296
f 298/296/300 306/304/308 300/298/302
f 300/298/302 306/304/308 302/300/304
f 302/300/304 306/304/308 307/305/309
f 307/305/309 303/301/305 302/300/304
f 308/306/310 309/307/311 305/303/307
f 308/306/310 305/303/307 304/302/306
f 310/308/312 311/309/313 298/296/300
f 311/309/313 306/304/308 298/296/300
f 306/304/308 311/309/313 312/310/314
f 307/305/309 306/304/308 312/310/314
f 307/305/309 312/310/314 313/311/315
f 303/301/305 307/305/309 313/311/315
f 314/312/316 303/301/305 313/311/315
f 314/312/316 304/302/306 303/301/305
f 315/313/317 304/302/306 314/312/316
f 308/306/310 304/302/306 315/313/317
f 316/314/318 312/310/314 311/309/313
f 315/313/317 314/312/316 317/315/319
f 314/312/316 318/316/320 317/315/319
f 319/317/321 315/313/317 320/318/322
f 317/315/319 320/318/322 315/313/317
f 320/318/322 317/315/319 321/319/323
f 317/315/319 322/320/324 321/319/323
f 322/320/324 317/315/319 318/316/320
f 318/316/320 323/321/325 322/320/324
f 323/321/325 318/316/320 324/322/326
f 325/323/327 324/322/326 318/316/320
f 325/323/327 318/316/320 314/312/316
f 313/311/315 325/323/327 314/312/316
f 326/324/328 327/325/329 328/326/330
f 327/325/329 326/324/328 329/327/331
f 323/321/325 327/325/329 329/327/331
f 330/328/332 323/321/325 329/327/331
f 323/321/325 330/328/332 322/320/324
f 322/320/324 330/328/332 331/329/333
f 322/320/324 331/329/333 321/319/323
f 332/330/334 321/319/323 331/329/333
f 321/319/323 332/330/334 320/318/322
f 333/331/335 320/318/322 332/330/334
f 334/332/336 332/330/334 335/333/337
f 336/334/338 326/324/328 337/335/339
f 336/334/338 338/336/340 326/324/328
f 329/327/331 326/324/328 338/336/340
f 338/336/340 330/328/332 329/327/331
f 338/336/340 331/329/333 330/328/332
f 331/329/333 338/336/340 339/337/341
f 331/329/333 339/337/341 332/330/334
f 332/330/334 339/337/341 335/333/337
f 339/337/341 340/338/342 335/333/337
f 335/333/337 340/338/342 341/339/343
f 338/336/340 342/340/344 339/337/341
f 339/337/341 342/340/344 340/338/342
f 342/340/344 343/341/345 340/338/342
f 343/341/345 342/340/344 336/334/338
f 342/340/344 338/336/340 336/334/338
f 344/342/346 345/343/347 340/338/342
f 340/338/342 343/341/345 344/342/346
f 343/341/345 346/344/348 344/342/346
f 336/334/338 346/344/348 343/341/345
f 347/345/349 346/344/348 336/334/338
f 336/334/338 337/335/339 347/345/349
f 337/335/339 348/346/350 347/345/349
f 349/347/351 348/346/350 337/335/339
f 337/335/339 328/326/330 349/347/351
f 328/326/330 337/335/339 326/324/328
f 350/348/352 351/349/353 352/350/354
f 353/351/355 352/350/354 351/349/353
f 351/349/353 345/343/347 353/351/355
f 354/352/356 353/351/355 345/343/347
f 345/343/347 344/342/346 354/352/356
f 354/352/356 344/342/346 346/344/348
f 355/353/357 348/346/350 356/354/358
f 355/353/357 347/345/349 348/346/350
f 346/344/348 347/345/349 355/353/357
f 357/355/359 346/344/348 355/353/357
f 354/352/356 346/344/348 357/355/359
f 357/355/359 358/356/360 354/352/356
f 353/351/355 354/352/356 358/356/360
f 358/356/360 359/357/361 353/351/355
f 352/350/354 353/351/355 359/357/361
f 359/357/361 360/358/362 352/350/354
f 357/355/359 355/353/357 361/359/363
f 361/359/363 358/356/360 357/355/359
f 358/356/360 361/359/363 362/360/364
f 363/361/365 362/360/364 364/362/366
f 362/360/364 363/361/365 358/356/360
f 365/363/367 358/356/360 363/361/365
f 359/357/361 358/356/360 365/363/367
f 365/363/367 363/361/365 366/364/368
f 367/365/369 352/350/354 360/358/362
f 352/350/354 367/365/369 350/348/352
f 350/348/352 367/365/369 368/366/370
f 350/348/352 368/366/370 369/367/371
f 369/367/371 368/366/370 370/368/372
f 369/367/371 370/368/372 371/369/373
f 371/369/373 372/370/374 369/367/371
f 372/370/374 371/369/373 373/371/247
f 374/372/375 372/370/374 373/371/247
f 375/373/376 372/370/374 374/372/375
f 375/373/376 369/367/371 372/370/374
f 376/374/377 369/367/371 375/373/376
f 376/374/377 350/348/352 369/367/371
f 377/375/378 350/348/352 376/374/377
f 377/375/378 351/349/353 350/348/352
f 378/376/379 351/349/353 377/375/378
f 345/343/347 351/349/353 378/376/379
f 378/376/379 340/338/342 345/343/347
f 341/339/343 340/338/342 378/376/379
f 378/376/379 379/377/380 341/339/343
f 379/377/380 378/376/379 377/375/378
f 377/375/378 380/378/381 379/377/380
f 377/375/378 376/374/377 380/378/381
f 380/378/381 376/374/377 375/373/376
f 375/373/376 381/379/382 380/378/381
f 381/379/382 375/373/376 374/372/375
f 381/379/382 374/372/375 382/380/383
f 382/380/383 374/372/375 383/381/384
f 384/382/385 385/383/386 386/384/387
f 386/384/387 387/385/388 384/382/385
f 384/382/385 387/385/388 382/380/383
f 387/385/388 381/379/382 382/380/383
f 381/379/382 387/385/388 388/386/389
f 388/386/389 380/378/381 381/379/382
f 388/386/389 389/387/390 380/378/381
f 380/378/381 389/387/390 379/377/380
f 389/387/390 334/332/336 379/377/380
f 334/332/336 335/333/337 379/377/380
f 335/333/337 341/339/343 379/377/380
f 385/383/386 390/388/391 391/389/392
f 392/390/393 385/383/386 391/389/392
f 385/383/386 392/390/393 386/384/387
f 393/391/394 386/384/387 392/390/393
f 386/384/387 393/391/394 387/385/388
f 394/392/395 387/385/388 393/391/394
f 388/386/389 387/385/388 394/392/395
f 395/393/396 388/386/389 394/392/395
f 388/386/389 395/393/396 389/387/390
f 395/393/396 396/394/397 389/387/390
f 392/390/393 397/395/398 393/391/394
f 394/392/395 393/391/394 397/395/398
f 397/395/398 398/396/399 394/392/395
f 399/397/400 398/396/399 397/395/398
f 398/396/399 399/397/400 400/398/401
f 401/399/402 400/398/401 399/397/400
f 401/399/402 399/397/400 402/400/403
f 403/401/404 404/402/405 396/394/397
f 396/394/397 395/393/396 403/401/404
f 394/392/395 403/401/404 395/393/396
f 403/401/404 394/392/395 398/396/399
f 403/401/404 398/396/399 405/403/406
f 405/403/406 398/396/399 400/398/401
f 405/403/406 400/398/401 406/404/407
f 407/405/408 406/404/407 400/398/401
f 400/398/401 401/399/402 407/405/408
f 401/399/402 408/406/409 407/405/408
f 404/402/405 403/401/404 405/403/406
f 334/332/336 389/387/390 396/394/397
f 396/394/397 404/402/405 334/332/336
f 332/330/334 334/332/336 404/402/405
f 332/330/334 404/402/405 333/331/335
f 405/403/406 333/331/335 404/402/405
f 409/407/410 333/331/335 405/403/406
f 406/404/407 409/407/410 405/403/406
f 409/407/410 406/404/407 410/408/411
f 406/404/407 407/405/408 410/408/411
f 411/409/412 410/408/411 407/405/408
f 320/318/322 333/331/335 319/317/321
f 333/331/335 409/407/410 319/317/321
f 319/317/321 409/407/410 412/410/413
f 412/410/413 409/407/410 410/408/411
f 410/408/411 413/411/414 412/410/413
f 413/411/414 410/408/411 411/409/412
f 414/412/415 413/411/414 411/409/412
f 415/413/416 414/412/415 411/409/412
f 416/414/417 414/412/415 415/413/416
f 415/413/416 417/415/418 416/414/417
f 315/313/317 319/317/321 308/306/310
f 309/307/311 308/306/310 319/317/321
f 412/410/413 309/307/311 319/317/321
f 413/411/414 309/307/311 412/410/413
f 309/307/311 413/411/414 418/416/419
f 414/412/415 418/416/419 413/411/414
f 418/416/419 414/412/415 419/417/420
f 419/417/420 287/285/289 418/416/419
f 287/285/289 419/417/420 420/418/421
f 420/418/421 421/419/422 287/285/289
f 294/292/296 305/303/307 290/288/292
f 305/303/307 289/287/291 290/288/292
f 289/287/291 305/303/307 309/307/311
f 309/307/311 288/286/290 289/287/291
f 418/416/419 288/286/290 309/307/311
f 288/286/290 418/416/419 287/285/289
f 256/254/258 225/223/228 224/222/227
f 225/223/228 256/254/258 422/420/423
f 257/255/259 422/420/423 256/254/258
f 423/421/424 422/420/423 257/255/259
f 257/255/259 262/260/264 423/421/424
f 424/422/425 423/421/424 262/260/264
f 286/284/288 424/422/425 262/260/264
f 421/419/422 424/422/425 286/284/288
f 286/284/288 285/283/287 421/419/422
f 285/283/287 287/285/289 421/419/422
f 424/422/425 421/419/422 420/418/421
f 425/423/426 424/422/425 420/418/421
f 424/422/425 425/423/426 423/421/424
f 425/423/426 422/420/423 423/421/424
f 425/423/426 426/424/427 422/420/423
f 426/424/427 427/425/428 422/420/423
f 427/425/428 426/424/427 428/426/429
f 429/427/430 427/425/428 428/426/429
f 429/427/430 428/426/429 430/428/431
f 430/428/431 431/429/432 429/427/430
f 427/425/428 429/427/430 432/430/433
f 429/427/430 433/431/434 434/432/435
f 429/427/430 434/432/435 432/430/433
f 434/432/435 223/221/226 432/430/433
f 225/223/228 432/430/433 223/221/226
f 427/425/428 432/430/433 225/223/228
f 422/420/423 427/425/428 225/223/228
f 435/433/436 436/434/437 437/435/438
f 433/431/434 435/433/436 437/435/438
f 437/435/438 434/432/435 433/431/434
f 437/435/438 438/436/439 434/432/435
f 438/436/439 223/221/226 434/432/435
f 221/219/224 223/221/226 438/436/439
f 216/214/219 221/219/224 438/436/439
f 216/214/219 438/436/439 215/213/218
f 215/213/218 438/436/439 437/435/438
f 437/435/438 214/212/217 215/213/218
f 437/435/438 436/434/437 214/212/217
f 436/434/437 439/437/440 214/212/217
f 435/433/436 439/437/440 436/434/437
f 439/437/440 435/433/436 440/438/441
f 441/439/442 212/210/215 442/440/443
f 442/440/443 212/210/215 214/212/217
f 442/440/443 214/212/217 443/441/444
f 439/437/440 443/441/444 214/212/217
f 439/437/440 444/442/445 443/441/444
f 440/438/441 444/442/445 439/437/440
f 440/438/441 445/443/446 444/442/445
f 445/443/446 446/444/447 444/442/445
f 446/444/447 445/443/446 447/445/448
f 446/444/447 443/441/444 444/442/445
f 440/438/441 435/433/436 448/446/449
f 448/446/449 445/443/446 440/438/441
f 448/446/449 449/447/450 445/443/446
f 449/447/450 447/445/448 445/443/446
f 449/447/450 450/448/451 447/445/448
f 451/449/452 452/450/453 450/448/451
f 451/449/452 450/448/451 449/447/450
f 453/451/454 451/449/452 449/447/450
f 453/451/454 449/447/450 448/446/449
f 448/446/449 454/452/455 453/451/454
f 454/452/455 448/446/449 455/453/456
f 455/453/456 448/446/449 435/433/436
f 455/453/456 435/433/436 431/429/432
f 431/429/432 435/433/436 433/431/434
f 431/429/432 433/431/434 429/427/430
f 456/454/457 431/429/432 430/428/431
f 431/429/432 456/454/457 455/453/456
f 456/454/457 457/455/458 455/453/456
f 455/453/456 457/455/458 454/452/455
f 457/455/458 458/456/459 454/452/455
f 458/456/459 453/451/454 454/452/455
f 458/456/459 459/457/460 453/451/454
f 459/457/460 451/449/452 453/451/454
f 451/449/452 459/457/460 460/458/461
f 460/458/461 452/450/453 451/449/452
f 461/459/462 457/455/458 462/460/463
f 462/460/463 457/455/458 456/454/457
f 456/454/457 463/461/464 462/460/463
f 458/456/459 464/462/465 459/457/460
f 465/463/466 464/462/465 458/456/459
f 458/456/459 457/455/458 465/463/466
f 457/455/458 461/459/462 465/463/466
f 466/464/467 465/463/466 461/459/462
f 466/464/467 461/459/462 467/465/468
f 461/459/462 468/466/469 467/465/468
f 462/460/463 468/466/469 461/459/462
f 468/466/469 462/460/463 469/467/470
f 462/460/463 463/461/464 469/467/470
f 469/467/470 416/414/417 417/415/418
f 470/468/471 469/467/470 417/415/418
f 470/468/471 468/466/469 469/467/470
f 471/469/472 468/466/469 470/468/471
f 468/466/469 471/469/472 467/465/468
f 471/469/472 472/470/473 467/465/468
f 472/470/473 466/464/467 467/465/468
f 472/470/473 473/471/474 466/464/467
f 390/388/391 473/471/474 472/470/473
f 391/389/392 390/388/391 472/470/473
f 411/409/412 407/405/408 408/406/409
f 411/409/412 408/406/409 415/413/416
f 417/415/418 415/413/416 408/406/409
f 474/472/475 417/415/418 408/406/409
f 417/415/418 474/472/475 470/468/471
f 474/472/475 475/473/476 470/468/471
f 470/468/471 475/473/476 471/469/472
f 475/473/476 391/389/392 471/469/472
f 391/389/392 472/470/473 471/469/472
f 408/406/409 401/399/402 402/400/403
f 402/400/403 474/472/475 408/406/409
f 399/397/400 474/472/475 402/400/403
f 474/472/475 399/397/400 475/473/476
f 399/397/400 397/395/398 475/473/476
f 397/395/398 476/474/477 475/473/476
f 397/395/398 392/390/393 476/474/477
f 392/390/393 391/389/392 476/474/477
f 475/473/476 476/474/477 391/389/392
f 477/475/478 478/476/479 479/477/480
f 202/202/205 193/193/196 194/194/197
f 202/202/205 194/194/197 477/475/478
f 202/202/205 477/475/478 127/127/130
f 479/477/480 127/127/130 477/475/478
f 128/128/131 127/127/130 479/477/480
f 128/128/131 479/477/480 478/476/479
f 128/128/131 478/476/479 129/129/132
f 480/478/481 129/129/132 478/476/479
f 478/476/479 477/475/478 480/478/481
f 477/475/478 481/479/482 480/478/481
f 184/184/187 173/173/176 482/480/483
f 184/184/187 482/480/483 483/481/484
f 186/186/189 184/184/187 483/481/484
f 483/481/484 484/482/485 186/186/189
f 185/185/188 186/186/189 484/482/485
f 485/483/486 185/185/188 484/482/485
f 185/185/188 485/483/486 190/190/193
f 485/483/486 486/484/487 190/190/193
f 192/192/195 190/190/193 486/484/487
f 487/485/488 192/192/195 486/484/487
f 194/194/197 192/192/195 487/485/488
f 487/485/488 477/475/478 194/194/197
f 481/479/482 477/475/478 487/485/488
f 488/486/135 481/479/482 487/485/488
f 487/485/488 486/484/487 488/486/135
f 489/487/489 488/486/135 486/484/487
f 486/484/487 490/488/490 489/487/489
f 490/488/490 486/484/487 485/483/486
f 485/483/486 491/489/491 490/488/490
f 485/483/486 484/482/485 491/489/491
f 491/489/491 484/482/485 492/490/492
f 484/482/485 493/491/493 492/490/492
f 493/491/493 484/482/485 483/481/484
f 483/481/484 494/492/494 493/491/493
f 483/481/484 495/493/495 494/492/494
f 495/493/495 496/494/496 494/492/494
f 496/494/496 495/493/495 497/495/497
f 482/480/483 497/495/497 495/493/495
f 497/495/497 482/480/483 498/496/498
f 482/480/483 499/497/499 498/496/498
f 499/497/499 482/480/483 173/173/176
f 173/173/176 172/172/175 499/497/499
f 495/493/495 483/481/484 482/480/483
f 172/172/175 500/498/500 501/499/501
f 500/498/500 172/172/175 175/175/178
f 502/500/502 503/501/503 504/502/504
f 505/503/505 502/500/502 504/502/504
f 506/504/506 505/503/505 504/502/504
f 505/503/505 506/504/506 507/505/507
f 504/502/504 508/506/508 506/504/506
f 509/507/509 510/508/510 511/509/511
f 510/508/510 509/507/509 508/506/508
f 504/502/504 510/508/510 508/506/508
f 504/502/504 512/510/512 510/508/510
f 504/502/504 503/501/503 512/510/512
f 513/511/513 512/510/512 503/501/503
f 503/501/503 514/512/514 513/511/513
f 514/512/514 503/501/503 502/500/502
f 515/513/515 514/512/514 502/500/502
f 505/503/505 515/513/515 502/500/502
f 511/509/511 510/508/510 512/510/512
f 443/441/444 509/507/509 442/440/443
f 511/509/511 442/440/443 509/507/509
f 442/440/443 511/509/511 441/439/442
f 512/510/512 441/439/442 511/509/511
f 516/514/516 441/439/442 512/510/512
f 512/510/512 513/511/513 516/514/516
f 517/515/517 516/514/516 513/511/513
f 514/512/514 517/515/517 513/511/513
f 517/515/517 514/512/514 518/516/518
f 519/517/519 518/516/518 514/512/514
f 520/518/520 521/519/521 522/520/522
f 518/516/518 522/520/522 521/519/521
f 523/521/523 518/516/518 521/519/521
f 518/516/518 523/521/523 517/515/517
f 524/522/524 517/515/517 523/521/523
f 516/514/516 517/515/517 524/522/524
f 524/522/524 229/227/232 516/514/516
f 441/439/442 516/514/516 229/227/232
f 229/227/232 217/215/220 441/439/442
f 217/215/220 212/210/215 441/439/442
f 525/523/525 236/234/239 227/225/230
f 525/523/525 227/225/230 228/226/231
f 526/524/526 525/523/525 228/226/231
f 229/227/232 526/524/526 228/226/231
f 526/524/526 229/227/232 524/522/524
f 523/521/523 526/524/526 524/522/524
f 527/525/527 526/524/526 523/521/523
f 523/521/523 521/519/521 527/525/527
f 527/525/527 521/519/521 528/526/528
f 520/518/520 528/526/528 521/519/521
f 529/527/529 525/523/525 526/524/526
f 526/524/526 530/528/530 529/527/529
f 530/528/530 526/524/526 527/525/527
f 528/526/528 530/528/530 527/525/527
f 530/528/530 528/526/528 531/529/531
f 532/530/532 531/529/531 528/526/528
f 531/529/531 532/530/532 533/531/533
f 528/526/528 520/518/520 532/530/532
f 534/532/534 532/530/532 520/518/520
f 532/530/532 534/532/534 535/533/535
f 535/533/535 533/531/533 532/530/532
f 533/531/533 535/533/535 536/534/536
f 537/535/537 536/534/536 535/533/535
f 536/534/536 537/535/537 538/536/538
f 539/537/539 538/536/538 537/535/537
f 538/536/538 539/537/539 540/538/540
f 540/538/540 539/537/539 541/539/541
f 539/537/539 542/540/542 543/541/543
f 542/540/542 539/537/539 544/542/544
f 537/535/537 544/542/544 539/537/539
f 544/542/544 537/535/537 545/543/545
f 535/533/535 545/543/545 537/535/537
f 545/543/545 535/533/535 546/544/546
f 534/532/534 546/544/546 535/533/535
f 546/544/546 534/532/534 547/545/547
f 520/518/520 547/545/547 534/532/534
f 547/545/547 520/518/520 522/520/522
f 518/516/518 519/517/519 522/520/522
f 548/546/548 522/520/522 519/517/519
f 548/546/548 547/545/547 522/520/522
f 549/547/549 547/545/547 548/546/548
f 547/545/547 549/547/549 546/544/546
f 550/548/550 546/544/546 549/547/549
f 546/544/546 550/548/550 545/543/545
f 551/549/551 545/543/545 550/548/550
f 550/548/550 552/550/552 551/549/551
f 553/551/553 551/549/551 552/550/552
f 554/552/554 555/553/555 556/554/556
f 557/555/557 556/554/556 555/553/555
f 557/555/557 558/556/558 556/554/556
f 557/555/557 559/557/559 558/556/558
f 559/557/559 549/547/549 558/556/558
f 549/547/549 559/557/559 550/548/550
f 552/550/552 550/548/550 559/557/559
f 552/550/552 559/557/559 557/555/557
f 555/553/555 552/550/552 557/555/557
f 552/550/552 555/553/555 560/558/560
f 561/559/561 562/560/562 563/561/563
f 563/561/563 562/560/562 564/562/564
f 562/560/562 565/563/565 564/562/564
f 564/562/564 565/563/565 566/564/566
f 566/564/566 565/563/565 554/552/554
f 567/565/567 566/564/566 554/552/554
f 554/552/554 556/554/556 567/565/567
f 567/565/567 556/554/556 568/566/568
f 558/556/558 568/566/568 556/554/556
f 568/566/568 558/556/558 569/567/569
f 568/566/568 569/567/569 570/568/570
f 570/568/570 571/569/571 568/566/568
f 568/566/568 571/569/571 567/565/567
f 567/565/567 571/569/571 572/570/572
f 566/564/566 567/565/567 572/570/572
f 564/562/564 566/564/566 572/570/572
f 572/570/572 573/571/573 564/562/564
f 573/571/573 574/572/574 564/562/564
f 563/561/563 564/562/564 574/572/574
f 573/571/573 572/570/572 571/569/571
f 575/573/575 563/561/563 576/574/576
f 563/561/563 574/572/574 576/574/576
f 574/572/574 577/575/577 576/574/576
f 574/572/574 573/571/573 577/575/577
f 573/571/573 578/576/578 577/575/577
f 578/576/578 573/571/573 571/569/571
f 578/576/578 571/569/571 579/577/579
f 571/569/571 570/568/570 579/577/579
f 570/568/570 580/578/580 579/577/579
f 569/567/569 580/578/580 570/568/570
f 577/575/577 581/579/581 576/574/576
f 581/579/581 575/573/575 576/574/576
f 575/573/575 581/579/581 582/580/582
f 583/581/583 578/576/578 584/582/584
f 577/575/577 578/576/578 583/581/583
f 583/581/583 585/583/585 577/575/577
f 585/583/585 581/579/581 577/575/577
f 581/579/581 585/583/585 586/584/586
f 586/584/586 582/580/582 581/579/581
f 587/585/587 582/580/582 586/584/586
f 575/573/575 582/580/582 587/585/587
f 587/585/587 588/586/588 575/573/575
f 563/561/563 575/573/575 588/586/588
f 587/585/587 589/587/589 588/586/588
f 587/585/587 590/588/590 589/587/589
f 590/588/590 587/585/587 591/589/591
f 591/589/591 587/585/587 586/584/586
f 586/584/586 592/590/592 591/589/591
f 592/590/592 590/588/590 591/589/591
f 590/588/590 592/590/592 593/591/593
f 594/592/594 590/588/590 593/591/593
f 594/592/594 593/591/593 595/593/595
f 594/592/594 595/593/595 596/594/596
f 595/593/595 592/590/592 597/595/597
f 592/590/592 595/593/595 593/591/593
f 590/588/590 594/592/594 598/596/598
f 599/597/599 600/596/600 594/592/601
f 601/598/602 599/597/599 594/592/601
f 601/598/602 594/592/601 602/599/603
f 603/600/604 602/599/603 604/601/605
f 605/602/606 606/603/607 607/604/608
f 608/605/609 606/603/607 605/602/606
f 606/603/607 608/605/609 609/606/610
f 610/607/611 609/606/610 608/605/609
f 609/606/610 610/607/611 603/600/604
f 602/599/603 603/600/604 610/607/611
f 602/599/603 610/607/611 601/598/602
f 611/608/612 612/609/613 613/610/614
f 613/610/614 607/604/608 611/608/612
f 613/610/614 614/611/615 607/604/608
f 605/602/606 607/604/608 614/611/615
f 605/602/606 614/611/615 615/612/616
f 608/605/609 605/602/606 615/612/616
f 616/613/617 608/605/609 615/612/616
f 608/605/609 616/613/617 610/607/611
f 617/614/618 610/607/611 616/613/617
f 617/614/618 601/598/602 610/607/611
f 541/539/541 618/615/619 540/538/540
f 618/615/619 541/539/541 619/616/620
f 620/617/621 618/615/619 619/616/620
f 621/618/622 620/617/621 619/616/620
f 621/618/622 622/619/623 620/617/621
f 621/618/622 623/620/624 622/619/623
f 623/620/624 624/621/625 622/619/623
f 624/621/625 623/620/624 612/609/613
f 624/621/625 612/609/613 625/622/626
f 612/609/613 611/608/612 625/622/626
f 626/623/627 623/620/624 621/618/622
f 621/618/622 627/624/628 626/623/627
f 627/624/628 621/618/622 619/616/620
f 619/616/620 628/625/629 627/624/628
f 619/616/620 541/539/541 628/625/629
f 543/541/543 541/539/541 539/537/539
f 541/539/541 543/541/543 628/625/629
f 629/626/630 628/625/629 543/541/543
f 628/625/629 629/626/630 630/627/631
f 630/627/631 627/624/628 628/625/629
f 627/624/628 630/627/631 631/628/632
f 631/628/632 626/623/627 627/624/628
f 632/629/633 626/623/627 631/628/632
f 626/623/627 632/629/633 633/630/634
f 623/620/624 626/623/627 633/630/634
f 623/620/624 633/630/634 612/609/613
f 612/609/613 633/630/634 613/610/614
f 614/611/615 613/610/614 633/630/634
f 633/630/634 632/629/633 614/611/615
f 615/612/616 614/611/615 632/629/633
f 615/612/616 632/629/633 631/628/632
f 634/631/635 615/612/616 631/628/632
f 634/631/635 631/628/632 630/627/631
f 635/632/636 634/631/635 630/627/631
f 630/627/631 629/626/630 635/632/636
f 629/626/630 636/633/637 635/632/636
f 629/626/630 543/541/543 636/633/637
f 543/541/543 542/540/542 636/633/637
f 560/558/560 553/551/553 552/550/552
f 637/634/638 553/551/553 560/558/560
f 560/558/560 638/635/639 637/634/638
f 635/632/636 637/634/638 638/635/639
f 639/636/640 635/632/636 638/635/639
f 639/636/640 634/631/635 635/632/636
f 634/631/635 639/636/640 616/613/617
f 616/613/617 615/612/616 634/631/635
f 640/637/641 560/558/560 555/553/555
f 638/635/639 560/558/560 640/637/641
f 640/637/641 641/638/642 638/635/639
f 639/636/640 638/635/639 641/638/642
f 642/639/643 639/636/640 641/638/642
f 616/613/617 639/636/640 642/639/643
f 617/614/618 616/613/617 642/639/643
f 617/614/618 642/639/643 643/640/644
f 644/641/645 617/614/618 643/640/644
f 643/640/644 561/559/561 644/641/645
f 645/642/646 644/641/645 561/559/561
f 644/641/645 645/642/646 646/643/647
f 641/638/642 643/640/644 642/639/643
f 601/598/602 617/614/618 644/641/645
f 644/641/645 599/597/599 601/598/602
f 599/597/599 644/641/645 646/643/647
f 600/596/600 599/597/599 646/643/647
f 646/643/647 647/588/648 600/596/600
f 647/588/648 646/643/647 589/587/589
f 646/643/647 645/642/646 589/587/589
f 645/642/646 588/586/588 589/587/589
f 645/642/646 561/559/561 588/586/588
f 561/559/561 563/561/563 588/586/588
f 561/559/561 643/640/644 562/560/562
f 641/638/642 562/560/562 643/640/644
f 641/638/642 565/563/565 562/560/562
f 641/638/642 640/637/641 565/563/565
f 554/552/554 565/563/565 640/637/641
f 554/552/554 640/637/641 555/553/555
f 515/513/515 505/503/505 648/644/649
f 507/505/507 648/644/649 505/503/505
f 648/644/649 507/505/507 649/645/650
f 650/646/651 648/644/649 649/645/650
f 548/546/548 648/644/649 650/646/651
f 548/546/548 515/513/515 648/644/649
f 548/546/548 519/517/519 515/513/515
f 514/512/514 515/513/515 519/517/519
f 549/547/549 548/546/548 558/556/558
f 558/556/558 548/546/548 650/646/651
f 558/556/558 650/646/651 651/647/652
f 650/646/651 649/645/650 651/647/652
f 651/647/652 649/645/650 652/648/653
f 649/645/650 653/649/654 652/648/653
f 653/649/654 649/645/650 507/505/507
f 654/650/655 653/649/654 507/505/507
f 507/505/507 506/504/506 654/650/655
f 506/504/506 655/651/656 654/650/655
f 656/652/657 654/650/655 655/651/656
f 653/649/654 654/650/655 656/652/657
f 656/652/657 657/653/658 653/649/654
f 657/653/658 656/652/657 658/654/659
f 656/652/657 659/655/660 658/654/659
f 652/648/653 653/649/654 657/653/658
f 652/648/653 657/653/658 660/656/661
f 658/654/659 660/656/661 657/653/658
f 660/656/661 658/654/659 661/657/662
f 659/655/660 661/657/662 658/654/659
f 661/657/662 659/655/660 662/658/663
f 663/659/664 662/658/663 659/655/660
f 659/655/660 664/660/665 663/659/664
f 655/651/656 664/660/665 659/655/660
f 659/655/660 656/652/657 655/651/656
f 655/651/656 506/504/506 508/506/508
f 664/660/665 655/651/656 508/506/508
f 509/507/509 664/660/665 508/506/508
f 664/660/665 509/507/509 663/659/664
f 665/661/666 663/659/664 509/507/509
f 666/662/667 663/659/664 665/661/666
f 662/658/663 663/659/664 667/663/668
f 668/664/669 667/663/668 663/659/664
f 663/659/664 666/662/667 668/664/669
f 668/664/669 666/662/667 669/665/670
f 670/666/671 669/665/670 666/662/667
f 670/666/671 671/667/672 669/665/670
f 671/667/672 670/666/671 672/668/673
f 672/668/673 673/669/674 671/667/672
f 672/668/673 674/670/675 673/669/674
f 584/582/584 673/669/674 674/670/675
f 578/576/578 579/577/579 584/582/584
f 584/582/584 579/577/579 580/578/580
f 673/669/674 584/582/584 580/578/580
f 673/669/674 580/578/580 675/671/676
f 675/671/676 671/667/672 673/669/674
f 676/672/677 671/667/672 675/671/676
f 671/667/672 676/672/677 669/665/670
f 669/665/670 676/672/677 677/673/678
f 669/665/670 677/673/678 668/664/669
f 668/664/669 677/673/678 667/663/668
f 558/556/558 651/647/652 569/567/569
f 580/578/580 569/567/569 651/647/652
f 652/648/653 580/578/580 651/647/652
f 580/578/580 652/648/653 675/671/676
f 660/656/661 675/671/676 652/648/653
f 675/671/676 660/656/661 676/672/677
f 676/672/677 660/656/661 661/657/662
f 661/657/662 677/673/678 676/672/677
f 662/658/663 677/673/678 661/657/662
f 677/673/678 662/658/663 667/663/668
f 637/634/638 635/632/636 636/633/637
f 637/634/638 636/633/637 678/674/679
f 636/633/637 542/540/542 678/674/679
f 544/542/544 678/674/679 542/540/542
f 678/674/679 544/542/544 679/675/680
f 545/543/545 679/675/680 544/542/544
f 679/675/680 545/543/545 551/549/551
f 553/551/553 679/675/680 551/549/551
f 679/675/680 553/551/553 678/674/679
f 553/551/553 637/634/638 678/674/679
f 680/676/366 681/677/681 682/678/365
f 683/679/682 684/680/683 685/681/684
f 684/680/683 683/679/682 686/682/685
f 686/682/685 687/683/686 684/680/683
f 687/683/686 688/684/687 684/680/683
f 688/684/687 687/683/686 689/685/688
f 690/686/689 689/685/688 687/683/686
f 689/685/688 690/686/689 681/677/681
f 691/687/690 689/685/688 681/677/681
f 681/677/681 680/676/366 691/687/690
f 692/688/691 691/687/690 680/676/366
f 693/689/692 692/688/691 680/676/366
f 693/689/692 680/676/366 694/690/693
f 680/676/366 695/691/694 694/690/693
f 696/692/695 688/684/687 697/693/696
f 688/684/687 698/694/697 697/693/696
f 698/694/697 688/684/687 689/685/688
f 698/694/697 689/685/688 691/687/690
f 699/695/698 700/696/699 701/697/700
f 702/698/701 703/699/702 704/700/703
f 705/701/704 702/698/701 704/700/703
f 705/701/704 706/702/705 702/698/701
f 707/703/706 706/702/705 705/701/704
f 707/703/706 705/701/704 699/695/698
f 699/695/698 705/701/704 700/696/699
f 708/704/707 700/696/699 705/701/704
f 700/696/699 708/704/707 709/705/708
f 708/704/707 710/706/709 709/705/708
f 710/706/709 708/704/707 711/707/710
f 712/708/711 713/709/712 703/699/702
f 703/699/702 713/709/712 714/710/713
f 703/699/702 714/710/713 704/700/703
f 704/700/703 714/710/713 708/704/707
f 708/704/707 705/701/704 704/700/703
f 714/710/713 711/707/710 708/704/707
f 714/710/713 715/711/714 711/707/710
f 715/711/714 714/710/713 713/709/712
f 713/709/712 716/712/715 715/711/714
f 716/712/715 713/709/712 717/713/716
f 717/713/716 718/714/717 716/712/715
f 718/714/717 717/713/716 719/715/718
f 719/715/718 720/716/719 718/714/717
f 720/716/719 719/715/718 721/717/720
f 721/717/720 722/718/721 720/716/719
f 721/717/720 719/715/718 723/719/722
f 724/720/723 725/721/724 726/722/725
f 727/723/726 726/722/725 725/721/724
f 725/721/724 728/724/727 727/723/726
f 728/724/727 725/721/724 721/717/720
f 721/717/720 729/725/728 728/724/727
f 729/725/728 721/717/720 723/719/722
f 730/726/729 729/725/728 723/719/722
f 730/726/729 723/719/722 719/715/718
f 731/727/730 730/726/729 719/715/718
f 717/713/716 731/727/730 719/715/718
f 732/728/731 724/720/723 733/729/732
f 724/720/723 726/722/725 733/729/732
f 734/730/733 733/729/732 726/722/725
f 734/730/733 726/722/725 727/723/726
f 727/723/726 735/731/734 734/730/733
f 728/724/727 735/731/734 727/723/726
f 736/732/735 735/731/734 728/724/727
f 736/732/735 728/724/727 729/725/728
f 736/732/735 729/725/728 737/733/736
f 737/733/736 729/725/728 730/726/729
f 734/730/733 738/734/737 739/735/738
f 734/730/733 735/731/734 738/734/737
f 740/736/739 738/734/737 735/731/734
f 735/731/734 736/732/735 740/736/739
f 736/732/735 741/737/740 740/736/739
f 737/733/736 741/737/740 736/732/735
f 737/733/736 742/738/741 741/737/740
f 737/733/736 743/739/742 742/738/741
f 744/740/743 742/738/741 743/739/742
f 742/738/741 744/740/743 745/741/744
f 739/735/738 738/734/737 746/742/745
f 741/737/740 747/743/746 740/736/739
f 740/736/739 747/743/746 738/734/737
f 747/743/746 748/744/747 738/734/737
f 738/734/737 748/744/747 746/742/745
f 748/744/747 749/745/748 746/742/745
f 746/742/745 749/745/748 750/746/749
f 751/747/750 750/746/749 749/745/748
f 751/747/750 752/748/751 750/746/749
f 753/749/752 752/748/751 751/747/750
f 752/748/751 753/749/752 754/750/753
f 751/747/750 755/751/754 753/749/752
f 756/752/755 748/744/747 747/743/746
f 748/744/747 756/752/755 749/745/748
f 757/753/756 749/745/748 756/752/755
f 757/753/756 751/747/750 749/745/748
f 757/753/756 758/754/757 751/747/750
f 758/754/757 759/755/758 751/747/750
f 755/751/754 751/747/750 759/755/758
f 759/755/758 758/754/757 760/756/759
f 760/756/759 761/757/760 759/755/758
f 760/756/759 762/758/761 761/757/760
f 763/759/762 764/760/763 762/758/761
f 765/761/764 766/762/765 767/763/766
f 765/761/764 763/759/762 766/762/765
f 763/759/762 768/764/767 766/762/765
f 762/758/761 768/764/767 763/759/762
f 768/764/767 762/758/761 769/765/768
f 762/758/761 760/756/759 769/765/768
f 760/756/759 770/766/769 769/765/768
f 770/766/769 760/756/759 758/754/757
f 758/754/757 771/767/770 770/766/769
f 771/767/770 758/754/757 757/753/756
f 772/768/771 745/741/744 773/769/772
f 773/769/772 771/767/770 772/768/771
f 774/770/773 771/767/770 773/769/772
f 771/767/770 774/770/773 770/766/769
f 775/771/774 770/766/769 774/770/773
f 770/766/769 775/771/774 769/765/768
f 768/764/767 769/765/768 775/771/774
f 775/771/774 766/762/765 768/764/767
f 745/741/744 744/740/743 776/772/775
f 776/772/775 773/769/772 745/741/744
f 773/769/772 776/772/775 777/773/776
f 777/773/776 774/770/773 773/769/772
f 774/770/773 777/773/776 778/774/777
f 778/774/777 775/771/774 774/770/773
f 775/771/774 778/774/777 779/775/778
f 766/762/765 775/771/774 779/775/778
f 779/775/778 780/776/779 766/762/765
f 780/776/779 767/763/766 766/762/765
f 780/776/779 779/775/778 781/777/780
f 778/774/777 781/777/780 779/775/778
f 781/777/780 778/774/777 782/778/781
f 778/774/777 783/779/782 782/778/781
f 783/779/782 778/774/777 777/773/776
f 784/780/783 777/773/776 776/772/775
f 777/773/776 784/780/783 783/779/782
f 785/781/784 783/779/782 784/780/783
f 783/779/782 785/781/784 786/782/785
f 786/782/785 782/778/781 783/779/782
f 782/778/781 786/782/785 787/783/786
f 788/784/787 782/778/781 787/783/786
f 782/778/781 788/784/787 781/777/780
f 789/785/788 781/777/780 788/784/787
f 781/777/780 789/785/788 780/776/779
f 703/699/702 786/782/785 785/781/784
f 786/782/785 703/699/702 702/698/701
f 786/782/785 702/698/701 787/783/786
f 706/702/705 787/783/786 702/698/701
f 787/783/786 706/702/705 790/786/789
f 790/786/789 788/784/787 787/783/786
f 788/784/787 790/786/789 791/787/790
f 730/726/729 743/739/742 737/733/736
f 730/726/729 792/788/791 743/739/742
f 743/739/742 792/788/791 744/740/743
f 792/788/791 793/789/792 744/740/743
f 744/740/743 793/789/792 776/772/775
f 793/789/792 794/790/793 776/772/775
f 776/772/775 794/790/793 784/780/783
f 712/708/711 784/780/783 794/790/793
f 784/780/783 712/708/711 785/781/784
f 703/699/702 785/781/784 712/708/711
f 731/727/730 717/713/716 795/791/794
f 717/713/716 713/709/712 795/791/794
f 713/709/712 796/792/795 795/791/794
f 713/709/712 712/708/711 796/792/795
f 794/790/793 796/792/795 712/708/711
f 796/792/795 794/790/793 793/789/792
f 796/792/795 793/789/792 795/791/794
f 792/788/791 795/791/794 793/789/792
f 795/791/794 792/788/791 731/727/730
f 730/726/729 731/727/730 792/788/791
f 797/19/796 798/5/797 799/4/798
f 800/2/2 801/1/6 798/5/15
f 802/19/799 803/793/800 798/5/801
f 804/11/12 805/3/802 800/2/14
f 805/3/16 806/6/803 801/1/1
f 807/27/31 806/6/803 808/42/804
f 806/6/803 805/3/16 808/42/804
f 809/13/17 808/42/804 805/3/16
f 810/794/805 811/795/806 812/796/807
f 812/796/807 811/795/806 813/797/808
f 814/798/809 813/797/808 811/795/806
f 811/795/806 810/794/805 815/799/810
f 815/799/810 810/794/805 816/800/811
f 810/794/805 817/801/812 816/800/811
f 812/796/807 817/801/812 810/794/805
f 818/802/813 817/801/812 812/796/807
f 812/796/807 813/797/808 818/802/813
f 819/803/814 818/802/813 813/797/808
f 813/797/808 814/798/809 819/803/814
f 819/803/814 814/798/809 820/804/815
f 821/805/816 820/804/815 814/798/809
f 822/806/817 823/807/818 824/808/819
f 823/807/818 822/806/817 820/804/815
f 822/806/817 819/803/814 820/804/815
f 819/803/814 822/806/817 818/802/813
f 825/809/820 818/802/813 822/806/817
f 822/806/817 826/810/821 825/809/820
f 826/810/821 822/806/817 824/808/819
f 826/810/821 824/808/819 827/811/822
f 827/811/822 824/808/819 828/812/823
f 824/808/819 829/813/824 828/812/823
f 829/813/824 824/808/819 823/807/818
f 830/814/825 829/813/824 823/807/818
f 820/804/815 821/805/816 823/807/818
f 831/815/826 823/807/818 821/805/816
f 823/807/818 831/815/826 830/814/825
f 830/814/825 831/815/826 832/816/827
f 832/816/827 833/817/828 830/814/825
f 833/817/828 832/816/827 834/818/829
f 834/818/829 835/819/830 833/817/828
f 835/819/830 834/818/829 836/820/831
f 836/820/831 837/821/832 835/819/830
f 837/821/832 836/820/831 838/822/833
f 821/805/816 832/816/827 831/815/826
f 821/805/816 834/818/829 832/816/827
f 834/818/829 821/805/816 839/823/834
f 839/823/834 836/820/831 834/818/829
f 836/820/831 839/823/834 840/824/835
f 839/823/834 841/825/836 840/824/835
f 841/825/836 839/823/834 842/826/837
f 839/823/834 814/798/809 842/826/837
f 814/798/809 839/823/834 821/805/816
f 836/820/831 840/824/835 838/822/833
f 838/822/833 840/824/835 843/827/838
f 841/825/836 843/827/838 840/824/835
f 843/827/838 841/825/836 844/828/839
f 845/829/840 842/826/837 846/830/841
f 845/829/840 841/825/836 842/826/837
f 847/831/842 841/825/836 845/829/840
f 841/825/836 847/831/842 844/828/839
f 848/832/843 844/828/839 847/831/842
f 844/828/839 848/832/843 849/833/844
f 850/834/845 851/835/846 852/836/847
f 851/835/846 816/800/811 852/836/847
f 816/800/811 851/835/846 853/837/848
f 815/799/810 816/800/811 853/837/848
f 853/837/848 854/838/849 815/799/810
f 854/838/849 811/795/806 815/799/810
f 811/795/806 854/838/849 855/839/850
f 811/795/806 855/839/850 814/798/809
f 814/798/809 855/839/850 846/830/841
f 842/826/837 814/798/809 846/830/841
f 856/840/851 845/829/840 846/830/841
f 855/839/850 856/840/851 846/830/841
f 855/839/850 857/841/852 856/840/851
f 855/839/850 858/842/853 857/841/852
f 858/842/853 855/839/850 854/838/849
f 859/843/854 858/842/853 854/838/849
f 859/843/854 854/838/849 860/844/855
f 854/838/849 853/837/848 860/844/855
f 853/837/848 861/845/856 860/844/855
f 861/845/856 853/837/848 862/846/857
f 863/847/858 864/848/859 859/843/854
f 859/843/854 864/848/859 865/849/860
f 865/849/860 858/842/853 859/843/854
f 858/842/853 865/849/860 866/850/861
f 858/842/853 866/850/861 857/841/852
f 866/850/861 867/851/862 857/841/852
f 867/851/862 856/840/851 857/841/852
f 856/840/851 867/851/862 868/852/863
f 868/852/863 845/829/840 856/840/851
f 845/829/840 868/852/863 847/831/842
f 869/853/864 847/831/842 868/852/863
f 847/831/842 869/853/864 848/832/843
f 870/854/865 871/855/866 872/856/867
f 873/857/868 870/854/865 872/856/867
f 874/858/869 870/854/865 873/857/868
f 875/859/870 874/858/869 876/860/871
f 870/854/865 874/858/869 875/859/870
f 877/861/872 870/854/865 875/859/870
f 871/855/866 870/854/865 877/861/872
f 871/855/866 877/861/872 878/862/873
f 871/855/866 878/862/873 879/863/874
f 871/855/866 879/863/874 880/864/875
f 880/864/875 872/856/867 871/855/866
f 872/856/867 880/864/875 881/865/876
f 882/866/877 883/867/878 878/862/873
f 884/868/879 882/866/877 878/862/873
f 877/861/872 884/868/879 878/862/873
f 877/861/872 885/869/880 884/868/879
f 877/861/872 875/859/870 885/869/880
f 886/870/881 885/869/880 875/859/870
f 886/870/881 875/859/870 876/860/871
f 887/871/882 886/870/881 876/860/871
f 886/870/881 887/871/882 888/872/883
f 889/873/884 886/870/881 888/872/883
f 890/874/885 882/866/877 884/868/879
f 884/868/879 891/875/886 890/874/885
f 885/869/880 891/875/886 884/868/879
f 891/875/886 885/869/880 889/873/884
f 885/869/880 886/870/881 889/873/884
f 892/876/887 893/877/888 894/878/889
f 895/879/890 893/877/888 892/876/887
f 895/879/890 896/880/891 893/877/888
f 890/874/885 896/880/891 895/879/890
f 896/880/891 890/874/885 891/875/886
f 890/874/885 895/879/890 897/881/892
f 895/879/890 892/876/887 897/881/892
f 888/872/883 898/882/893 889/873/884
f 898/882/893 891/875/886 889/873/884
f 686/682/685 891/875/886 898/882/893
f 891/875/886 686/682/685 896/880/891
f 683/679/682 896/880/891 686/682/685
f 896/880/891 683/679/682 899/883/894
f 899/883/894 893/877/888 896/880/891
f 893/877/888 899/883/894 900/884/895
f 893/877/888 900/884/895 894/878/889
f 900/884/895 901/885/896 894/878/889
f 690/686/689 888/872/883 902/886/897
f 888/872/883 690/686/689 898/882/893
f 687/683/686 898/882/893 690/686/689
f 898/882/893 687/683/686 686/682/685
f 903/887/898 904/888/899 905/889/900
f 904/888/899 903/887/898 906/890/901
f 903/887/898 907/891/902 906/890/901
f 894/878/889 906/890/901 907/891/902
f 894/878/889 907/891/902 908/892/903
f 908/892/903 892/876/887 894/878/889
f 892/876/887 908/892/903 909/893/904
f 897/881/892 892/876/887 909/893/904
f 897/881/892 909/893/904 882/866/877
f 882/866/877 890/874/885 897/881/892
f 894/878/889 910/894/905 906/890/901
f 911/895/906 906/890/901 910/894/905
f 906/890/901 911/895/906 912/896/907
f 912/896/907 904/888/899 906/890/901
f 901/885/896 910/894/905 894/878/889
f 910/894/905 901/885/896 913/897/908
f 913/897/908 911/895/906 910/894/905
f 913/897/908 914/898/909 911/895/906
f 915/899/910 911/895/906 914/898/909
f 911/895/906 915/899/910 912/896/907
f 912/896/907 915/899/910 916/900/911
f 916/900/911 904/888/899 912/896/907
f 917/901/912 904/888/899 916/900/911
f 917/901/912 905/889/900 904/888/899
f 917/901/912 918/902/913 905/889/900
f 919/903/914 920/904/915 921/905/916
f 922/906/917 919/903/914 921/905/916
f 922/906/917 923/907/918 919/903/914
f 923/907/918 922/906/917 924/908/919
f 925/909/920 923/907/918 924/908/919
f 924/908/919 926/910/921 925/909/920
f 926/910/921 924/908/919 927/911/922
f 918/902/913 926/910/921 927/911/922
f 927/911/922 928/912/923 918/902/913
f 918/902/913 928/912/923 905/889/900
f 929/913/924 930/914/925 931/915/926
f 932/916/927 930/914/925 929/913/924
f 928/912/923 932/916/927 929/913/924
f 932/916/927 928/912/923 927/911/922
f 924/908/919 932/916/927 927/911/922
f 932/916/927 924/908/919 922/906/917
f 922/906/917 930/914/925 932/916/927
f 930/914/925 922/906/917 921/905/916
f 930/914/925 921/905/916 933/917/928
f 921/905/916 934/918/929 933/917/928
f 933/917/928 934/918/929 935/919/930
f 931/915/926 930/914/925 933/917/928
f 936/920/931 937/921/932 938/922/933
f 938/922/933 939/923/934 936/920/931
f 939/923/934 938/922/933 940/924/935
f 939/923/934 940/924/935 935/919/930
f 941/925/936 935/919/930 940/924/935
f 935/919/930 941/925/936 933/917/928
f 942/926/937 933/917/928 941/925/936
f 933/917/928 942/926/937 931/915/926
f 943/927/938 931/915/926 942/926/937
f 944/928/939 943/927/938 942/926/937
f 944/928/939 942/926/937 941/925/936
f 945/929/940 936/920/931 939/923/934
f 946/930/941 947/931/942 948/932/943
f 948/932/943 949/933/944 946/930/941
f 950/934/945 946/930/941 949/933/944
f 949/933/944 944/928/939 950/934/945
f 944/928/939 951/935/946 950/934/945
f 951/935/946 944/928/939 941/925/936
f 941/925/936 952/936/947 951/935/946
f 952/936/947 941/925/936 940/924/935
f 940/924/935 938/922/933 952/936/947
f 953/937/948 952/936/947 938/922/933
f 938/922/933 937/921/932 953/937/948
f 954/938/949 950/934/945 951/935/946
f 951/935/946 952/936/947 954/938/949
f 952/936/947 953/937/948 954/938/949
f 950/934/945 955/939/950 946/930/941
f 955/939/950 950/934/945 954/938/949
f 956/940/951 955/939/950 954/938/949
f 956/940/951 954/938/949 953/937/948
f 953/937/948 957/941/952 956/940/951
f 957/941/952 953/937/948 937/921/932
f 937/921/932 958/942/953 957/941/952
f 937/921/932 959/943/954 958/942/953
f 959/943/954 937/921/932 960/944/955
f 960/944/955 937/921/932 936/920/931
f 961/945/956 955/939/950 956/940/951
f 956/940/951 962/946/957 963/947/958
f 962/946/957 956/940/951 957/941/952
f 957/941/952 964/948/959 962/946/957
f 964/948/959 957/941/952 958/942/953
f 958/942/953 965/949/960 964/948/959
f 959/943/954 965/949/960 958/942/953
f 965/949/960 959/943/954 966/950/961
f 966/950/961 959/943/954 960/944/955
f 967/951/962 966/950/961 960/944/955
f 936/920/931 967/951/962 960/944/955
f 966/950/961 967/951/962 968/952/963
f 969/953/964 970/954/965 971/955/966
f 970/954/965 964/948/959 971/955/966
f 965/949/960 971/955/966 964/948/959
f 965/949/960 969/953/964 971/955/966
f 970/954/965 972/956/967 973/957/968
f 973/957/968 974/958/969 970/954/965
f 964/948/959 970/954/965 974/958/969
f 974/958/969 962/946/957 964/948/959
f 962/946/957 975/959/970 963/947/958
f 962/946/957 974/958/969 975/959/970
f 974/958/969 976/960/971 975/959/970
f 974/958/969 973/957/968 976/960/971
f 973/957/968 977/961/972 976/960/971
f 978/962/973 977/961/972 973/957/968
f 972/956/967 978/962/973 973/957/968
f 979/963/974 978/962/973 972/956/967
f 972/956/967 969/953/964 979/963/974
f 970/954/965 969/953/964 972/956/967
f 980/964/975 979/963/974 981/965/976
f 981/965/976 979/963/974 969/953/964
f 978/962/973 982/966/977 977/961/972
f 977/961/972 982/966/977 983/967/978
f 983/967/978 976/960/971 977/961/972
f 976/960/971 983/967/978 984/968/979
f 984/968/979 985/969/980 976/960/971
f 986/970/981 976/960/971 985/969/980
f 975/959/970 976/960/971 986/970/981
f 986/970/981 961/945/956 975/959/970
f 975/959/970 961/945/956 963/947/958
f 963/947/958 961/945/956 956/940/951
f 982/966/977 987/971/982 983/967/978
f 988/972/983 989/973/984 990/974/985
f 991/975/986 990/974/985 989/973/984
f 990/974/985 991/975/986 992/976/987
f 992/976/987 991/975/986 993/977/985
f 993/977/985 985/969/980 992/976/987
f 985/969/980 993/977/985 986/970/981
f 961/945/956 986/970/981 993/977/985
f 993/977/985 947/931/942 961/945/956
f 955/939/950 961/945/956 947/931/942
f 947/931/942 946/930/941 955/939/950
f 947/931/942 993/977/985 991/975/986
f 991/975/986 948/932/943 947/931/942
f 994/978/988 943/927/938 944/928/939
f 949/933/944 994/978/988 944/928/939
f 949/933/944 883/867/878 994/978/988
f 878/862/873 883/867/878 949/933/944
f 948/932/943 878/862/873 949/933/944
f 878/862/873 948/932/943 879/863/874
f 948/932/943 991/975/986 879/863/874
f 880/864/875 879/863/874 991/975/986
f 989/973/984 880/864/875 991/975/986
f 880/864/875 989/973/984 995/979/989
f 905/889/900 928/912/923 929/913/924
f 905/889/900 929/913/924 903/887/898
f 903/887/898 929/913/924 931/915/926
f 907/891/902 903/887/898 931/915/926
f 931/915/926 943/927/938 907/891/902
f 907/891/902 943/927/938 908/892/903
f 994/978/988 908/892/903 943/927/938
f 994/978/988 909/893/904 908/892/903
f 994/978/988 883/867/878 909/893/904
f 883/867/878 882/866/877 909/893/904
f 996/980/990 718/714/717 720/716/719
f 718/714/717 996/980/990 716/712/715
f 997/981/991 716/712/715 996/980/990
f 716/712/715 997/981/991 715/711/714
f 997/981/991 711/707/710 715/711/714
f 711/707/710 997/981/991 710/706/709
f 710/706/709 997/981/991 998/982/992
f 998/982/992 997/981/991 996/980/990
f 998/982/992 996/980/990 999/983/993
f 720/716/719 999/983/993 996/980/990
f 999/983/993 720/716/719 722/718/721
f 1000/984/994 1001/985/859 1002/986/858
f 1002/986/858 1003/987/995 1000/984/994
f 1003/987/995 1002/986/858 1004/988/996
f 1001/985/859 1005/989/997 1006/990/924
f 1001/985/859 1000/984/994 1005/989/997
f 1007/991/998 1005/989/997 1000/984/994
f 1000/984/994 1003/987/995 1007/991/998
f 1003/987/995 1008/992/999 1007/991/998
f 1008/992/999 1003/987/995 1009/993/1000
f 1009/993/1000 1010/994/1001 1008/992/999
f 1010/994/1001 1009/993/1000 1011/995/1002
f 1012/996/1003 1010/994/1001 1011/995/1002
f 1012/996/1003 1013/997/1004 1010/994/1001
f 1014/998/1005 1012/996/1003 1011/995/1002
f 1015/999/1006 1016/1000/1007 1007/991/998
f 1005/989/997 1007/991/998 1016/1000/1007
f 1016/1000/1007 1017/1001/1008 1005/989/997
f 1013/997/1004 1018/1002/1009 1019/1003/1010
f 1013/997/1004 1019/1003/1010 1010/994/1001
f 1019/1003/1010 1020/1004/1011 1010/994/1001
f 1020/1004/1011 1008/992/999 1010/994/1001
f 1021/1005/1012 1008/992/999 1020/1004/1011
f 1021/1005/1012 1007/991/998 1008/992/999
f 1007/991/998 1021/1005/1012 1022/1006/1013
f 1022/1006/1013 1015/999/1006 1007/991/998
f 1015/999/1006 1022/1006/1013 1023/1007/1014
f 1023/1007/1014 1024/1008/1015 1015/999/1006
f 1025/1009/1016 1026/1010/1017 1027/1011/1018
f 1026/1010/1017 1025/1009/1016 1028/1012/1019
f 1028/1012/1019 1023/1007/1014 1026/1010/1017
f 1022/1006/1013 1026/1010/1017 1023/1007/1014
f 1026/1010/1017 1022/1006/1013 1021/1005/1012
f 1026/1010/1017 1021/1005/1012 1027/1011/1018
f 1027/1011/1018 1021/1005/1012 1020/1004/1011
f 1020/1004/1011 1029/1013/1020 1027/1011/1018
f 1029/1013/1020 1020/1004/1011 1019/1003/1010
f 1029/1013/1020 1019/1003/1010 1030/1014/1021
f 1030/1014/1021 1019/1003/1010 1031/1015/1022
f 1027/1011/1018 1032/1016/1023 1025/1009/1016
f 1027/1011/1018 1033/1017/1024 1032/1016/1023
f 1033/1017/1024 1027/1011/1018 1029/1013/1020
f 1033/1017/1024 1029/1013/1020 1034/1018/1025
f 1034/1018/1025 1029/1013/1020 1030/1014/1021
f 1030/1014/1021 1035/1019/1026 1034/1018/1025
f 1035/1019/1026 1030/1014/1021 1031/1015/1022
f 1035/1019/1026 1031/1015/1022 1036/1020/1027
f 1031/1015/1022 1037/1021/1028 1036/1020/1027
f 1037/1021/1028 1038/1022/1029 1036/1020/1027
f 1039/1023/1030 1040/1024/1031 1041/1025/1032
f 1039/1023/1030 1042/1026/1033 1040/1024/1031
f 1042/1026/1033 1043/1027/1034 1040/1024/1031
f 1042/1026/1033 1038/1022/1029 1043/1027/1034
f 1038/1022/1029 1042/1026/1033 1044/1028/1035
f 1044/1028/1035 1036/1020/1027 1038/1022/1029
f 1036/1020/1027 1044/1028/1035 1045/1029/1036
f 1045/1029/1036 1035/1019/1026 1036/1020/1027
f 1046/1030/1037 1035/1019/1026 1045/1029/1036
f 1046/1030/1037 1034/1018/1025 1035/1019/1026
f 1045/1029/1036 1044/1028/1035 1047/1031/1038
f 1044/1028/1035 1048/1032/1039 1047/1031/1038
f 1048/1032/1039 1044/1028/1035 1042/1026/1033
f 1042/1026/1033 1039/1023/1030 1048/1032/1039
f 1048/1032/1039 1039/1023/1030 1049/1033/1040
f 1039/1023/1030 1050/1034/1041 1049/1033/1040
f 1047/1031/1038 1048/1032/1039 1049/1033/1040
f 1051/1035/1042 1045/1029/1036 1047/1031/1038
f 1045/1029/1036 1051/1035/1042 1052/1036/1043
f 1052/1036/1043 1046/1030/1037 1045/1029/1036
f 1046/1030/1037 1052/1036/1043 1053/1037/1044
f 1034/1018/1025 1046/1030/1037 1053/1037/1044
f 1054/1038/1045 1034/1018/1025 1053/1037/1044
f 1054/1038/1045 1033/1017/1024 1034/1018/1025
f 1033/1017/1024 1054/1038/1045 1055/1039/1046
f 1033/1017/1024 1055/1039/1046 1032/1016/1023
f 1056/1040/1047 1032/1016/1023 1055/1039/1046
f 1057/1041/1048 1054/1038/1045 1053/1037/1044
f 1058/1042/1049 1055/1039/1046 1054/1038/1045
f 1054/1038/1045 1057/1041/1048 1058/1042/1049
f 1058/1042/1049 1057/1041/1048 1059/1043/1050
f 1059/1043/1050 1060/1044/1051 1061/1045/1052
f 1059/1043/1050 1061/1045/1052 1058/1042/1049
f 1061/1045/1052 1062/1046/1053 1058/1042/1049
f 1055/1039/1046 1058/1042/1049 1062/1046/1053
f 1062/1046/1053 1056/1040/1047 1055/1039/1046
f 1056/1040/1047 1062/1046/1053 1063/1047/1054
f 1063/1047/1054 1064/1048/1055 1056/1040/1047
f 1064/1048/1055 1063/1047/1054 1065/1049/1056
f 1065/1049/1056 1066/1050/1057 1064/1048/1055
f 1067/1051/1058 1066/1050/1057 1065/1049/1056
f 1066/1050/1057 1068/1052/1059 1069/1053/1060
f 1070/1054/1061 1071/1055/1062 1072/1056/1063
f 1070/1054/1061 1072/1056/1063 1073/1057/1064
f 1068/1052/1059 1070/1054/1061 1073/1057/1064
f 1074/1058/1065 1068/1052/1059 1073/1057/1064
f 1068/1052/1059 1074/1058/1065 1069/1053/1060
f 1075/1059/1066 1069/1053/1060 1074/1058/1065
f 1069/1053/1060 1075/1059/1066 1076/1060/1067
f 1076/1060/1067 1066/1050/1057 1069/1053/1060
f 1076/1060/1067 1064/1048/1055 1066/1050/1057
f 1073/1057/1064 1072/1056/1063 1074/1058/1065
f 1077/1061/1068 1078/1062/1069 1079/1063/1070
f 1077/1061/1068 1072/1056/1063 1078/1062/1069
f 1077/1061/1068 1080/1064/1071 1072/1056/1063
f 1080/1064/1071 1074/1058/1065 1072/1056/1063
f 1075/1059/1066 1074/1058/1065 1080/1064/1071
f 1078/1062/1069 1081/1065/1072 1082/1066/1073
f 1083/1067/1074 1084/1068/1075 1085/1069/1076
f 1086/1070/1077 1084/1068/1075 1083/1067/1074
f 1086/1070/1077 1087/1071/1078 1084/1068/1075
f 1087/1071/1078 1086/1070/1077 1088/1072/1079
f 1088/1072/1079 1089/1073/1080 1087/1071/1078
f 1089/1073/1080 1088/1072/1079 1081/1065/1072
f 1081/1065/1072 1090/1074/1081 1089/1073/1080
f 1081/1065/1072 1078/1062/1069 1090/1074/1081
f 1071/1055/1062 1090/1074/1081 1078/1062/1069
f 1078/1062/1069 1072/1056/1063 1071/1055/1062
f 1091/1075/1082 1070/1054/1061 1068/1052/1059
f 1091/1075/1082 1071/1055/1062 1070/1054/1061
f 1071/1055/1062 1091/1075/1082 1092/1076/1083
f 1090/1074/1081 1071/1055/1062 1092/1076/1083
f 1092/1076/1083 1089/1073/1080 1090/1074/1081
f 1092/1076/1083 1087/1071/1078 1089/1073/1080
f 1092/1076/1083 1093/1077/1084 1087/1071/1078
f 1094/1078/1085 1087/1071/1078 1093/1077/1084
f 1091/1075/1082 1093/1077/1084 1092/1076/1083
f 1068/1052/1059 1066/1050/1057 1067/1051/1058
f 1067/1051/1058 1095/1079/1086 1068/1052/1059
f 1068/1052/1059 1095/1079/1086 1091/1075/1082
f 1095/1079/1086 1096/1080/1087 1091/1075/1082
f 1091/1075/1082 1096/1080/1087 1093/1077/1084
f 1097/1081/1088 1093/1077/1084 1096/1080/1087
f 1097/1081/1088 1094/1078/1085 1093/1077/1084
f 1098/1082/1089 1094/1078/1085 1097/1081/1088
f 1094/1078/1085 1098/1082/1089 1099/1083/1090
f 1100/1084/1091 1099/1083/1090 1098/1082/1089
f 1063/1047/1054 1101/1085/1092 1102/1086/1093
f 1102/1086/1093 1065/1049/1056 1063/1047/1054
f 1065/1049/1056 1102/1086/1093 1067/1051/1058
f 1067/1051/1058 1102/1086/1093 1103/1087/1094
f 1104/1088/1095 1067/1051/1058 1103/1087/1094
f 1104/1088/1095 1103/1087/1094 1097/1081/1088
f 1104/1088/1095 1097/1081/1088 1096/1080/1087
f 1104/1088/1095 1096/1080/1087 1095/1079/1086
f 1095/1079/1086 1067/1051/1058 1104/1088/1095
f 1105/1089/1096 1106/1090/1097 1107/1091/1098
f 1107/1091/1098 1108/1092/1099 1105/1089/1096
f 1108/1092/1099 1107/1091/1098 1100/1084/1091
f 1108/1092/1099 1100/1084/1091 1109/1093/1100
f 1098/1082/1089 1109/1093/1100 1100/1084/1091
f 1097/1081/1088 1109/1093/1100 1098/1082/1089
f 1110/1094/1101 1109/1093/1100 1097/1081/1088
f 1097/1081/1088 1103/1087/1094 1110/1094/1101
f 1110/1094/1101 1103/1087/1094 1111/1095/1102
f 1111/1095/1102 1103/1087/1094 1102/1086/1093
f 1112/1096/1103 1108/1092/1099 1109/1093/1100
f 1112/1096/1103 1109/1093/1100 1110/1094/1101
f 1110/1094/1101 1113/1097/1104 1112/1096/1103
f 1110/1094/1101 1111/1095/1102 1113/1097/1104
f 1111/1095/1102 1114/1098/1105 1113/1097/1104
f 1111/1095/1102 1115/1099/1106 1114/1098/1105
f 1116/1100/1107 1114/1098/1105 1115/1099/1106
f 1117/1101/1108 1118/1102/1109 1116/1100/1107
f 1115/1099/1106 1111/1095/1102 1102/1086/1093
f 1101/1085/1092 1115/1099/1106 1102/1086/1093
f 1115/1099/1106 1101/1085/1092 1116/1100/1107
f 1101/1085/1092 1119/1103/1110 1116/1100/1107
f 1117/1101/1108 1116/1100/1107 1119/1103/1110
f 1119/1103/1110 1060/1044/1051 1117/1101/1108
f 1060/1044/1051 1119/1103/1110 1061/1045/1052
f 1062/1046/1053 1061/1045/1052 1119/1103/1110
f 1119/1103/1110 1101/1085/1092 1062/1046/1053
f 1101/1085/1092 1063/1047/1054 1062/1046/1053
f 1120/1104/1111 1121/1105/1112 1122/1106/1113
f 1123/1107/1114 1121/1105/1112 1120/1104/1111
f 1120/1104/1111 1124/1108/1115 1123/1107/1114
f 1125/1109/1116 1123/1107/1114 1124/1108/1115
f 1118/1102/1109 1125/1109/1116 1124/1108/1115
f 1126/1110/1117 1125/1109/1116 1118/1102/1109
f 1118/1102/1109 1117/1101/1108 1126/1110/1117
f 1126/1110/1117 1117/1101/1108 1127/1111/1118
f 1127/1111/1118 1117/1101/1108 1060/1044/1051
f 1059/1043/1050 1127/1111/1118 1060/1044/1051
f 1128/1112/1119 1129/1113/1120 1130/1114/1121
f 1128/1112/1119 1130/1114/1121 1131/1115/1122
f 1132/1116/1123 1131/1115/1122 1130/1114/1121
f 1131/1115/1122 1132/1116/1123 1125/1109/1116
f 1123/1107/1114 1125/1109/1116 1132/1116/1123
f 1132/1116/1123 1133/1117/1124 1123/1107/1114
f 1133/1117/1124 1121/1105/1112 1123/1107/1114
f 1130/1114/1121 1134/1118/1125 1132/1116/1123
f 1133/1117/1124 1132/1116/1123 1134/1118/1125
f 1135/1119/1126 1136/1120/1127 1137/1121/1128
f 1136/1120/1127 1135/1119/1126 1138/1122/1129
f 1139/1123/1130 1138/1122/1129 1135/1119/1126
f 1138/1122/1129 1139/1123/1130 1121/1105/1112
f 1121/1105/1112 1140/1124/1131 1138/1122/1129
f 1133/1117/1124 1140/1124/1131 1121/1105/1112
f 1141/1125/1132 1140/1124/1131 1133/1117/1124
f 1133/1117/1124 1134/1118/1125 1141/1125/1132
f 1129/1113/1120 1141/1125/1132 1134/1118/1125
f 1134/1118/1125 1130/1114/1121 1129/1113/1120
f 1142/1126/1133 1136/1120/1127 1138/1122/1129
f 1142/1126/1133 1143/1127/1134 1136/1120/1127
f 1136/1120/1127 1143/1127/1134 1144/1128/1135
f 1136/1120/1127 1144/1128/1135 1137/1121/1128
f 1144/1128/1135 1145/1129/1136 1137/1121/1128
f 1145/1129/1136 1135/1119/1126 1137/1121/1128
f 1146/1130/1137 1135/1119/1126 1145/1129/1136
f 1135/1119/1126 1146/1130/1137 1139/1123/1130
f 1122/1106/1113 1139/1123/1130 1146/1130/1137
f 1122/1106/1113 1121/1105/1112 1139/1123/1130
f 1147/1131/1138 1148/1132/1139 1149/1133/1140
f 1149/1133/1140 1148/1132/1139 1143/1127/1134
f 1148/1132/1139 1150/1134/1141 1143/1127/1134
f 1150/1134/1141 1144/1128/1135 1143/1127/1134
f 1150/1134/1141 1151/1135/1142 1144/1128/1135
f 1144/1128/1135 1151/1135/1142 1145/1129/1136
f 1151/1135/1142 1152/1136/1143 1145/1129/1136
f 1153/1137/1144 1145/1129/1136 1152/1136/1143
f 1152/1136/1143 1154/1138/1145 1153/1137/1144
f 1153/1137/1144 1154/1138/1145 1155/1139/1146
f 1156/1140/1147 1154/1138/1145 1152/1136/1143
f 1151/1135/1142 1156/1140/1147 1152/1136/1143
f 1157/1141/1148 1156/1140/1147 1151/1135/1142
f 1150/1134/1141 1157/1141/1148 1151/1135/1142
f 1158/1142/1149 1157/1141/1148 1150/1134/1141
f 1150/1134/1141 1148/1132/1139 1158/1142/1149
f 1148/1132/1139 1147/1131/1138 1158/1142/1149
f 1159/1143/1150 1160/1144/1151 1161/1145/1152
f 1160/1144/1151 1159/1143/1150 1162/1146/1153
f 1160/1144/1151 1162/1146/1153 1147/1131/1138
f 1162/1146/1153 1158/1142/1149 1147/1131/1138
f 1162/1146/1153 1163/1147/1154 1158/1142/1149
f 1157/1141/1148 1158/1142/1149 1163/1147/1154
f 1163/1147/1154 1164/1148/1155 1157/1141/1148
f 1156/1140/1147 1157/1141/1148 1164/1148/1155
f 1164/1148/1155 1165/1149/1156 1156/1140/1147
f 1154/1138/1145 1156/1140/1147 1165/1149/1156
f 1162/1146/1153 1159/1143/1150 1166/1150/1157
f 1167/1151/1158 1165/1149/1156 1168/1152/1159
f 1169/1153/1160 1168/1152/1159 1165/1149/1156
f 1165/1149/1156 1164/1148/1155 1169/1153/1160
f 1170/1154/1161 1169/1153/1160 1164/1148/1155
f 1164/1148/1155 1163/1147/1154 1170/1154/1161
f 1171/1155/1162 1170/1154/1161 1163/1147/1154
f 1163/1147/1154 1162/1146/1153 1171/1155/1162
f 1162/1146/1153 1172/1156/1163 1171/1155/1162
f 1172/1156/1163 1162/1146/1153 1166/1150/1157
f 1166/1150/1157 1173/1157/1164 1172/1156/1163
f 1174/1158/1165 1175/1159/1166 1176/1160/1167
f 1177/1161/1168 1175/1159/1166 1174/1158/1165
f 1177/1161/1168 1178/1162/1169 1175/1159/1166
f 1178/1162/1169 1177/1161/1168 1168/1152/1159
f 1168/1152/1159 1179/1163/1170 1178/1162/1169
f 1168/1152/1159 1169/1153/1160 1179/1163/1170
f 1170/1154/1161 1179/1163/1170 1169/1153/1160
f 1172/1156/1163 1180/1164/1171 1171/1155/1162
f 1170/1154/1161 1171/1155/1162 1180/1164/1171
f 1180/1164/1171 1181/1165/1172 1170/1154/1161
f 1179/1163/1170 1170/1154/1161 1181/1165/1172
f 1179/1163/1170 1181/1165/1172 1182/1166/1173
f 1179/1163/1170 1182/1166/1173 1178/1162/1169
f 1182/1166/1173 1183/1167/1174 1178/1162/1169
f 1178/1162/1169 1183/1167/1174 1175/1159/1166
f 1175/1159/1166 1183/1167/1174 1184/1168/1175
f 1184/1168/1175 1176/1160/1167 1175/1159/1166
f 1176/1160/1167 1184/1168/1175 1185/1169/1176
f 1185/1169/1176 1186/1170/1177 1176/1160/1167
f 1184/1168/1175 1187/1171/1178 1188/1172/1179
f 1183/1167/1174 1187/1171/1178 1184/1168/1175
f 1183/1167/1174 1189/1173/1180 1187/1171/1178
f 1189/1173/1180 1183/1167/1174 1182/1166/1173
f 1182/1166/1173 1190/1174/1181 1189/1173/1180
f 1181/1165/1172 1190/1174/1181 1182/1166/1173
f 1181/1165/1172 1191/1175/1182 1190/1174/1181
f 1181/1165/1172 1180/1164/1171 1191/1175/1182
f 1192/1176/1183 1191/1175/1182 1180/1164/1171
f 1180/1164/1171 1172/1156/1163 1192/1176/1183
f 1193/1177/1184 1194/1178/1185 1195/1179/1186
f 1194/1178/1185 1193/1177/1184 1196/1180/1187
f 1188/1172/1179 1196/1180/1187 1193/1177/1184
f 1196/1180/1187 1188/1172/1179 1187/1171/1178
f 1187/1171/1178 1197/1181/1188 1196/1180/1187
f 1197/1181/1188 1187/1171/1178 1189/1173/1180
f 1189/1173/1180 1198/1182/1189 1197/1181/1188
f 1198/1182/1189 1189/1173/1180 1190/1174/1181
f 1199/1183/1190 1198/1182/1189 1190/1174/1181
f 1191/1175/1182 1199/1183/1190 1190/1174/1181
f 1200/1184/1191 1196/1180/1187 1197/1181/1188
f 1197/1181/1188 1201/1185/1192 1200/1184/1191
f 1201/1185/1192 1197/1181/1188 1198/1182/1189
f 1196/1180/1187 1200/1184/1191 1202/1186/1193
f 1203/1187/1194 1202/1186/1193 1200/1184/1191
f 1203/1187/1194 1200/1184/1191 1201/1185/1192
f 1204/1188/1195 1203/1187/1194 1201/1185/1192
f 1198/1182/1189 1204/1188/1195 1201/1185/1192
f 1204/1188/1195 1198/1182/1189 1205/1189/1196
f 1205/1189/1196 1198/1182/1189 1199/1183/1190
f 1206/1190/1197 1207/1191/1198 1202/1186/1193
f 1203/1187/1194 1206/1190/1197 1202/1186/1193
f 1208/1192/1199 1206/1190/1197 1203/1187/1194
f 1204/1188/1195 1208/1192/1199 1203/1187/1194
f 1191/1175/1182 1192/1176/1183 1199/1183/1190
f 1199/1183/1190 1192/1176/1183 1205/1189/1196
f 1205/1189/1196 1192/1176/1183 1209/1193/1200
f 1209/1193/1200 1210/1194/1201 1205/1189/1196
f 1204/1188/1195 1205/1189/1196 1210/1194/1201
f 1210/1194/1201 1211/1195/1202 1204/1188/1195
f 1208/1192/1199 1204/1188/1195 1211/1195/1202
f 1211/1195/1202 1212/1196/1203 1208/1192/1199
f 1208/1192/1199 1212/1196/1203 1213/1197/1204
f 1208/1192/1199 1213/1197/1204 1206/1190/1197
f 1192/1176/1183 1172/1156/1163 1173/1157/1164
f 1173/1157/1164 1209/1193/1200 1192/1176/1183
f 1214/1198/1205 1209/1193/1200 1173/1157/1164
f 1214/1198/1205 1215/1199/1206 1209/1193/1200
f 1215/1199/1206 1210/1194/1201 1209/1193/1200
f 1215/1199/1206 1216/1200/1207 1210/1194/1201
f 1216/1200/1207 1211/1195/1202 1210/1194/1201
f 1216/1200/1207 1217/1201/1208 1211/1195/1202
f 1212/1196/1203 1211/1195/1202 1217/1201/1208
f 1218/1202/1209 1212/1196/1203 1217/1201/1208
f 1166/1150/1157 1219/1203/1210 1173/1157/1164
f 1173/1157/1164 1219/1203/1210 1214/1198/1205
f 1219/1203/1210 1220/1204/1211 1214/1198/1205
f 1214/1198/1205 1220/1204/1211 1215/1199/1206
f 1220/1204/1211 1221/1205/1212 1215/1199/1206
f 1221/1205/1212 1216/1200/1207 1215/1199/1206
f 1221/1205/1212 1222/1206/1213 1216/1200/1207
f 1217/1201/1208 1216/1200/1207 1222/1206/1213
f 1222/1206/1213 1223/1207/1214 1217/1201/1208
f 1217/1201/1208 1223/1207/1214 1218/1202/1209
f 1224/1208/1215 1225/1209/1216 1223/1207/1214
f 1223/1207/1214 1222/1206/1213 1224/1208/1215
f 1224/1208/1215 1222/1206/1213 1226/1210/1217
f 1222/1206/1213 1221/1205/1212 1226/1210/1217
f 1221/1205/1212 1227/1211/1218 1226/1210/1217
f 1227/1211/1218 1221/1205/1212 1220/1204/1211
f 1220/1204/1211 1219/1203/1210 1227/1211/1218
f 1228/1212/1219 1227/1211/1218 1219/1203/1210
f 1228/1212/1219 1219/1203/1210 1166/1150/1157
f 1159/1143/1150 1228/1212/1219 1166/1150/1157
f 1229/1213/1220 1230/1214/1221 1231/1215/1222
f 1231/1215/1222 1232/1216/1223 1229/1213/1220
f 1232/1216/1223 1231/1215/1222 1233/1217/1224
f 1232/1216/1223 1233/1217/1224 1224/1208/1215
f 1234/1218/1225 1232/1216/1223 1224/1208/1215
f 1224/1208/1215 1226/1210/1217 1234/1218/1225
f 1235/1219/1226 1234/1218/1225 1226/1210/1217
f 1235/1219/1226 1226/1210/1217 1236/1220/1227
f 1226/1210/1217 1227/1211/1218 1236/1220/1227
f 1228/1212/1219 1236/1220/1227 1227/1211/1218
f 1237/1221/1228 1236/1220/1227 1228/1212/1219
f 1237/1221/1228 1228/1212/1219 1238/1222/1229
f 1239/1223/1230 1237/1221/1228 1238/1222/1229
f 1228/1212/1219 1159/1143/1150 1238/1222/1229
f 1161/1145/1152 1238/1222/1229 1159/1143/1150
f 1238/1222/1229 1161/1145/1152 1239/1223/1230
f 1240/1224/1231 1239/1223/1230 1161/1145/1152
f 1239/1223/1230 1240/1224/1231 1241/1225/1232
f 1241/1225/1232 1242/1226/1233 1239/1223/1230
f 1237/1221/1228 1239/1223/1230 1242/1226/1233
f 1242/1226/1233 1243/1227/1234 1237/1221/1228
f 1237/1221/1228 1243/1227/1234 1236/1220/1227
f 1243/1227/1234 1244/1228/1235 1236/1220/1227
f 1245/1229/1236 1246/1230/1237 1241/1225/1232
f 1245/1229/1236 1241/1225/1232 1247/1231/1238
f 1247/1231/1238 1241/1225/1232 1240/1224/1231
f 1248/1232/1239 1247/1231/1238 1240/1224/1231
f 1248/1232/1239 1240/1224/1231 1161/1145/1152
f 1248/1232/1239 1161/1145/1152 1249/1233/1240
f 1249/1233/1240 1161/1145/1152 1160/1144/1151
f 1250/1234/1241 1249/1233/1240 1160/1144/1151
f 1250/1234/1241 1160/1144/1151 1147/1131/1138
f 1149/1133/1140 1250/1234/1241 1147/1131/1138
f 1251/1235/1242 1248/1232/1239 1252/1236/1243
f 1249/1233/1240 1252/1236/1243 1248/1232/1239
f 1252/1236/1243 1249/1233/1240 1250/1234/1241
f 1248/1232/1239 1253/1237/1244 1254/1238/1245
f 1253/1237/1244 1248/1232/1239 1251/1235/1242
f 1253/1237/1244 1251/1235/1242 1255/1239/1246
f 1255/1239/1246 1251/1235/1242 1256/1240/1247
f 1256/1240/1247 1251/1235/1242 1252/1236/1243
f 1256/1240/1247 1252/1236/1243 1257/1241/1248
f 1257/1241/1248 1252/1236/1243 1250/1234/1241
f 1257/1241/1248 1250/1234/1241 1149/1133/1140
f 1253/1237/1244 1255/1239/1246 1258/1242/1249
f 1259/1243/1250 1253/1237/1244 1258/1242/1249
f 1259/1243/1250 1254/1238/1245 1253/1237/1244
f 1254/1238/1245 1259/1243/1250 1260/1244/1251
f 1259/1243/1250 1261/1245/1252 1262/1246/1253
f 1262/1246/1253 1263/1247/1254 1259/1243/1250
f 1264/1248/1255 1259/1243/1250 1263/1247/1254
f 1259/1243/1250 1264/1248/1255 1260/1244/1251
f 1264/1248/1255 1265/1249/1256 1260/1244/1251
f 1265/1249/1256 1266/1250/1257 1260/1244/1251
f 1260/1244/1251 1266/1250/1257 1254/1238/1245
f 1254/1238/1245 1266/1250/1257 1245/1229/1236
f 1245/1229/1236 1247/1231/1238 1254/1238/1245
f 1254/1238/1245 1247/1231/1238 1248/1232/1239
f 1267/1251/1258 1265/1249/1256 1264/1248/1255
f 1268/1252/1259 1269/1253/1260 1270/1254/1261
f 1270/1254/1261 1269/1253/1260 1271/1255/1262
f 1271/1255/1262 1269/1253/1260 1272/1256/1263
f 1271/1255/1262 1272/1256/1263 1267/1251/1258
f 1272/1256/1263 1273/1257/1264 1267/1251/1258
f 1267/1251/1258 1273/1257/1264 1265/1249/1256
f 1273/1257/1264 1274/1258/1265 1265/1249/1256
f 1265/1249/1256 1274/1258/1265 1266/1250/1257
f 1266/1250/1257 1274/1258/1265 1246/1230/1237
f 1266/1250/1257 1246/1230/1237 1245/1229/1236
f 1275/1259/1266 1272/1256/1263 1269/1253/1260
f 1242/1226/1233 1241/1225/1232 1246/1230/1237
f 1246/1230/1237 1276/1260/1267 1242/1226/1233
f 1276/1260/1267 1246/1230/1237 1277/1261/1268
f 1274/1258/1265 1277/1261/1268 1246/1230/1237
f 1278/1262/1269 1277/1261/1268 1274/1258/1265
f 1273/1257/1264 1278/1262/1269 1274/1258/1265
f 1272/1256/1263 1278/1262/1269 1273/1257/1264
f 1272/1256/1263 1275/1259/1266 1278/1262/1269
f 1278/1262/1269 1275/1259/1266 1279/1263/1270
f 1269/1253/1260 1279/1263/1270 1275/1259/1266
f 1280/1264/1271 1276/1260/1267 1277/1261/1268
f 1280/1264/1271 1277/1261/1268 1281/1265/1272
f 1277/1261/1268 1278/1262/1269 1281/1265/1272
f 1281/1265/1272 1278/1262/1269 1279/1263/1270
f 1282/1266/1273 1283/1267/1274 1242/1226/1233
f 1242/1226/1233 1276/1260/1267 1282/1266/1273
f 1276/1260/1267 1284/1268/1275 1282/1266/1273
f 1280/1264/1271 1284/1268/1275 1276/1260/1267
f 1284/1268/1275 1280/1264/1271 1285/1269/1276
f 1281/1265/1272 1285/1269/1276 1280/1264/1271
f 1286/1270/1277 1285/1269/1276 1281/1265/1272
f 1279/1263/1270 1286/1270/1277 1281/1265/1272
f 1286/1270/1277 1279/1263/1270 1287/1271/1278
f 1288/1272/1279 1287/1271/1278 1279/1263/1270
f 1287/1271/1278 1289/1273/1280 1286/1270/1277
f 1290/1274/1281 1291/1275/1282 1292/1276/1283
f 1293/1277/1284 1291/1275/1282 1290/1274/1281
f 1290/1274/1281 1283/1267/1274 1293/1277/1284
f 1293/1277/1284 1283/1267/1274 1282/1266/1273
f 1282/1266/1273 1284/1268/1275 1293/1277/1284
f 1284/1268/1275 1294/1278/1285 1293/1277/1284
f 1284/1268/1275 1285/1269/1276 1294/1278/1285
f 1285/1269/1276 1295/1279/1286 1294/1278/1285
f 1286/1270/1277 1295/1279/1286 1285/1269/1276
f 1295/1279/1286 1286/1270/1277 1296/1280/1287
f 1297/1281/1288 1298/1282/1289 1299/1283/1290
f 1296/1280/1287 1297/1281/1288 1299/1283/1290
f 1296/1280/1287 1299/1283/1290 1295/1279/1286
f 1300/1284/1291 1295/1279/1286 1299/1283/1290
f 1295/1279/1286 1300/1284/1291 1294/1278/1285
f 1294/1278/1285 1300/1284/1291 1293/1277/1284
f 1300/1284/1291 1291/1275/1282 1293/1277/1284
f 1289/1273/1280 1296/1280/1287 1286/1270/1277
f 1289/1273/1280 1297/1281/1288 1296/1280/1287
f 1289/1273/1280 1301/1285/1292 1297/1281/1288
f 1301/1285/1292 1298/1282/1289 1297/1281/1288
f 1302/1286/1293 1298/1282/1289 1301/1285/1292
f 1302/1286/1293 1303/1287/1294 1298/1282/1289
f 1304/1288/1295 1303/1287/1294 1302/1286/1293
f 1304/1288/1295 1305/1289/1296 1303/1287/1294
f 1306/1290/1297 1305/1289/1296 1304/1288/1295
f 1305/1289/1296 1306/1290/1297 1307/1291/1298
f 1308/1292/1299 1307/1291/1298 1309/1293/1300
f 1307/1291/1298 1308/1292/1299 1305/1289/1296
f 1310/1294/1301 1305/1289/1296 1308/1292/1299
f 1303/1287/1294 1305/1289/1296 1310/1294/1301
f 1303/1287/1294 1310/1294/1301 1311/1295/1302
f 1303/1287/1294 1311/1295/1302 1312/1296/1303
f 1303/1287/1294 1312/1296/1303 1298/1282/1289
f 1313/1297/1304 1309/1293/1300 1314/1298/1305
f 1314/1298/1305 1309/1293/1300 1307/1291/1298
f 1307/1291/1298 1315/1299/1306 1314/1298/1305
f 1310/1294/1301 1316/1300/1307 1317/1301/1308
f 1310/1294/1301 1317/1301/1308 1311/1295/1302
f 1317/1301/1308 1318/1302/1309 1311/1295/1302
f 1311/1295/1302 1318/1302/1309 1312/1296/1303
f 1312/1296/1303 1318/1302/1309 1319/1303/1310
f 1312/1296/1303 1319/1303/1310 1298/1282/1289
f 1298/1282/1289 1319/1303/1310 1320/1304/1311
f 1298/1282/1289 1320/1304/1311 1299/1283/1290
f 1320/1304/1311 1321/1305/1312 1299/1283/1290
f 1299/1283/1290 1321/1305/1312 1300/1284/1291
f 1319/1303/1310 1322/1306/1313 1323/1307/1314
f 1319/1303/1310 1318/1302/1309 1322/1306/1313
f 1324/1308/1315 1322/1306/1313 1318/1302/1309
f 1318/1302/1309 1325/1309/1316 1324/1308/1315
f 1317/1301/1308 1325/1309/1316 1318/1302/1309
f 1326/1310/1317 1325/1309/1316 1317/1301/1308
f 1317/1301/1308 1327/1311/1318 1326/1310/1317
f 1327/1311/1318 1317/1301/1308 1316/1300/1307
f 1328/1312/1319 1327/1311/1318 1316/1300/1307
f 1316/1300/1307 1329/1313/1320 1328/1312/1319
f 1330/1314/1321 1331/1315/1322 1332/1316/1323
f 1328/1312/1319 1332/1316/1323 1331/1315/1322
f 1327/1311/1318 1328/1312/1319 1331/1315/1322
f 1333/1317/1324 1334/1318/1325 1335/1319/1326
f 1333/1317/1324 1335/1319/1326 1336/1320/1327
f 1337/1321/1328 1336/1320/1327 1335/1319/1326
f 1337/1321/1328 1331/1315/1322 1336/1320/1327
f 1331/1315/1322 1337/1321/1328 1338/1322/1329
f 1327/1311/1318 1331/1315/1322 1338/1322/1329
f 1339/1323/1330 1327/1311/1318 1338/1322/1329
f 1327/1311/1318 1339/1323/1330 1326/1310/1317
f 1339/1323/1330 1340/1324/1331 1326/1310/1317
f 1326/1310/1317 1340/1324/1331 1325/1309/1316
f 1341/1325/1332 1333/1317/1324 1336/1320/1327
f 1342/1326/1333 1343/1327/1334 1344/1328/1335
f 1342/1326/1333 1344/1328/1335 1345/1329/1336
f 1346/1330/1337 1342/1326/1333 1345/1329/1336
f 1346/1330/1337 1345/1329/1336 1347/1331/1338
f 1346/1330/1337 1347/1331/1338 1340/1324/1331
f 1340/1324/1331 1348/1332/1339 1346/1330/1337
f 1348/1332/1339 1340/1324/1331 1339/1323/1330
f 1348/1332/1339 1339/1323/1330 1338/1322/1329
f 1337/1321/1328 1348/1332/1339 1338/1322/1329
f 1348/1332/1339 1337/1321/1328 1349/1333/1340
f 1345/1329/1336 1344/1328/1335 1350/1334/1341
f 1350/1334/1341 1347/1331/1338 1345/1329/1336
f 1348/1332/1339 1349/1333/1340 1346/1330/1337
f 1346/1330/1337 1349/1333/1340 1351/1335/1342
f 1351/1335/1342 1352/1336/1343 1346/1330/1337
f 1352/1336/1343 1342/1326/1333 1346/1330/1337
f 1353/1337/1344 1354/1338/1345 1352/1336/1343
f 1342/1326/1333 1352/1336/1343 1354/1338/1345
f 1354/1338/1345 1355/1339/1346 1342/1326/1333
f 1343/1327/1334 1342/1326/1333 1355/1339/1346
f 1353/1337/1344 1356/1340/1347 1354/1338/1345
f 1356/1340/1347 1355/1339/1346 1354/1338/1345
f 1343/1327/1334 1357/1341/1348 1358/1342/1349
f 1359/1343/1350 1357/1341/1348 1343/1327/1334
f 1343/1327/1334 1355/1339/1346 1359/1343/1350
f 1360/1344/1351 1359/1343/1350 1355/1339/1346
f 1356/1340/1347 1360/1344/1351 1355/1339/1346
f 1356/1340/1347 1361/1345/1352 1360/1344/1351
f 1361/1345/1352 1356/1340/1347 1362/1346/1353
f 1353/1337/1344 1362/1346/1353 1356/1340/1347
f 1353/1337/1344 1363/1347/1354 1362/1346/1353
f 1364/1348/1355 1363/1347/1354 1353/1337/1344
f 1360/1344/1351 1365/1349/1356 1359/1343/1350
f 1366/1350/1357 1364/1348/1355 1367/1351/1358
f 1367/1351/1358 1364/1348/1355 1353/1337/1344
f 1363/1347/1354 1368/1352/1359 1369/1353/1360
f 1368/1352/1359 1370/1354/1361 1369/1353/1360
f 1370/1354/1361 1371/1355/1362 1369/1353/1360
f 1369/1353/1360 1371/1355/1362 1363/1347/1354
f 1363/1347/1354 1371/1355/1362 1372/1356/1363
f 1363/1347/1354 1372/1356/1363 1362/1346/1353
f 1373/1357/1364 1362/1346/1353 1372/1356/1363
f 1362/1346/1353 1373/1357/1364 1361/1345/1352
f 1361/1345/1352 1373/1357/1364 1374/1358/1365
f 1361/1345/1352 1374/1358/1365 1375/1359/1366
f 1375/1359/1366 1374/1358/1365 1376/1360/1367
f 1377/1361/1368 1378/1362/1369 1376/1360/1367
f 1374/1358/1365 1377/1361/1368 1376/1360/1367
f 1373/1357/1364 1377/1361/1368 1374/1358/1365
f 1373/1357/1364 1379/1363/1370 1377/1361/1368
f 1373/1357/1364 1380/1364/1371 1379/1363/1370
f 1372/1356/1363 1380/1364/1371 1373/1357/1364
f 1371/1355/1362 1380/1364/1371 1372/1356/1363
f 1380/1364/1371 1371/1355/1362 1381/1365/1372
f 1370/1354/1361 1381/1365/1372 1371/1355/1362
f 1370/1354/1361 1382/1366/1373 1381/1365/1372
f 1383/1367/1374 1384/1368/1375 1385/1369/1376
f 1383/1367/1374 1386/1370/1377 1384/1368/1375
f 1387/1371/1378 1384/1368/1375 1386/1370/1377
f 1388/1372/1379 1387/1371/1378 1386/1370/1377
f 1388/1372/1379 1389/1373/1380 1387/1371/1378
f 1389/1373/1380 1388/1372/1379 1390/1374/1381
f 1390/1374/1381 1391/1375/1382 1389/1373/1380
f 1376/1360/1367 1391/1375/1382 1390/1374/1381
f 1376/1360/1367 1392/1376/1383 1391/1375/1382
f 1392/1376/1383 1376/1360/1367 1378/1362/1369
f 1375/1359/1366 1376/1360/1367 1393/1377/1384
f 1376/1360/1367 1390/1374/1381 1393/1377/1384
f 1390/1374/1381 1394/1378/1385 1393/1377/1384
f 1394/1378/1385 1390/1374/1381 1388/1372/1379
f 1394/1378/1385 1388/1372/1379 1395/1379/1386
f 1395/1379/1386 1388/1372/1379 1386/1370/1377
f 1396/1380/1387 1395/1379/1386 1386/1370/1377
f 1396/1380/1387 1386/1370/1377 1383/1367/1374
f 1396/1380/1387 1383/1367/1374 1397/1381/1388
f 1397/1381/1388 1383/1367/1374 1398/1382/1389
f 1395/1379/1386 1396/1380/1387 1399/1383/1390
f 1399/1383/1390 1396/1380/1387 1397/1381/1388
f 1375/1359/1366 1360/1344/1351 1361/1345/1352
f 1360/1344/1351 1375/1359/1366 1365/1349/1356
f 1375/1359/1366 1393/1377/1384 1365/1349/1356
f 1365/1349/1356 1393/1377/1384 1394/1378/1385
f 1365/1349/1356 1394/1378/1385 1395/1379/1386
f 1395/1379/1386 1359/1343/1350 1365/1349/1356
f 1357/1341/1348 1359/1343/1350 1395/1379/1386
f 1399/1383/1390 1357/1341/1348 1395/1379/1386
f 1400/1384/1391 1357/1341/1348 1399/1383/1390
f 1399/1383/1390 1401/1385/1392 1400/1384/1391
f 1401/1385/1392 1399/1383/1390 1397/1381/1388
f 1402/1386/1393 1401/1385/1392 1397/1381/1388
f 1403/1387/1394 1404/1388/1395 1230/1214/1221
f 1405/1389/1396 1404/1388/1395 1403/1387/1394
f 1405/1389/1396 1406/1390/1397 1404/1388/1395
f 1405/1389/1396 1402/1386/1393 1406/1390/1397
f 1402/1386/1393 1405/1389/1396 1407/1391/1398
f 1407/1391/1398 1401/1385/1392 1402/1386/1393
f 1407/1391/1398 1408/1392/1399 1401/1385/1392
f 1400/1384/1391 1401/1385/1392 1408/1392/1399
f 1408/1392/1399 1358/1342/1349 1400/1384/1391
f 1400/1384/1391 1358/1342/1349 1357/1341/1348
f 1409/1393/1400 1410/1394/1401 1358/1342/1349
f 1358/1342/1349 1408/1392/1399 1409/1393/1400
f 1405/1389/1396 1411/1395/1402 1407/1391/1398
f 1411/1395/1402 1412/1396/1403 1407/1391/1398
f 1408/1392/1399 1407/1391/1398 1412/1396/1403
f 1412/1396/1403 1409/1393/1400 1408/1392/1399
f 1409/1393/1400 1412/1396/1403 1413/1397/1404
f 1410/1394/1401 1409/1393/1400 1413/1397/1404
f 1410/1394/1401 1413/1397/1404 1323/1307/1314
f 1323/1307/1314 1414/1398/1405 1410/1394/1401
f 1414/1398/1405 1323/1307/1314 1322/1306/1313
f 1322/1306/1313 1324/1308/1315 1414/1398/1405
f 1415/1399/1406 1405/1389/1396 1403/1387/1394
f 1405/1389/1396 1415/1399/1406 1416/1400/1407
f 1411/1395/1402 1405/1389/1396 1416/1400/1407
f 1417/1401/1408 1411/1395/1402 1416/1400/1407
f 1412/1396/1403 1411/1395/1402 1417/1401/1408
f 1412/1396/1403 1417/1401/1408 1418/1402/1409
f 1418/1402/1409 1413/1397/1404 1412/1396/1403
f 1413/1397/1404 1418/1402/1409 1419/1403/1410
f 1419/1403/1410 1323/1307/1314 1413/1397/1404
f 1319/1303/1310 1323/1307/1314 1419/1403/1410
f 1320/1304/1311 1319/1303/1310 1419/1403/1410
f 1320/1304/1311 1419/1403/1410 1418/1402/1409
f 1320/1304/1311 1418/1402/1409 1321/1305/1312
f 1321/1305/1312 1418/1402/1409 1420/1404/1411
f 1417/1401/1408 1420/1404/1411 1418/1402/1409
f 1416/1400/1407 1420/1404/1411 1417/1401/1408
f 1420/1404/1411 1416/1400/1407 1421/1405/1412
f 1415/1399/1406 1421/1405/1412 1416/1400/1407
f 1420/1404/1411 1422/1406/1413 1321/1305/1312
f 1422/1406/1413 1420/1404/1411 1421/1405/1412
f 1300/1284/1291 1321/1305/1312 1422/1406/1413
f 1300/1284/1291 1422/1406/1413 1291/1275/1282
f 1421/1405/1412 1291/1275/1282 1422/1406/1413
f 1291/1275/1282 1421/1405/1412 1423/1407/1414
f 1421/1405/1412 1415/1399/1406 1423/1407/1414
f 1415/1399/1406 1424/1408/1415 1423/1407/1414
f 1415/1399/1406 1403/1387/1394 1424/1408/1415
f 1424/1408/1415 1425/1409/1416 1423/1407/1414
f 1291/1275/1282 1423/1407/1414 1425/1409/1416
f 1292/1276/1283 1291/1275/1282 1425/1409/1416
f 1292/1276/1283 1425/1409/1416 1426/1410/1417
f 1290/1274/1281 1292/1276/1283 1426/1410/1417
f 1290/1274/1281 1426/1410/1417 1427/1411/1418
f 1290/1274/1281 1427/1411/1418 1244/1228/1235
f 1244/1228/1235 1283/1267/1274 1290/1274/1281
f 1243/1227/1234 1283/1267/1274 1244/1228/1235
f 1243/1227/1234 1242/1226/1233 1283/1267/1274
f 1244/1228/1235 1235/1219/1226 1236/1220/1227
f 1427/1411/1418 1235/1219/1226 1244/1228/1235
f 1235/1219/1226 1427/1411/1418 1234/1218/1225
f 1427/1411/1418 1426/1410/1417 1234/1218/1225
f 1428/1412/1419 1234/1218/1225 1426/1410/1417
f 1426/1410/1417 1425/1409/1416 1428/1412/1419
f 1425/1409/1416 1229/1213/1220 1428/1412/1419
f 1229/1213/1220 1425/1409/1416 1424/1408/1415
f 1424/1408/1415 1230/1214/1221 1229/1213/1220
f 1424/1408/1415 1403/1387/1394 1230/1214/1221
f 1428/1412/1419 1229/1213/1220 1232/1216/1223
f 1232/1216/1223 1234/1218/1225 1428/1412/1419
f 1402/1386/1393 1397/1381/1388 1398/1382/1389
f 1402/1386/1393 1398/1382/1389 1429/1413/1420
f 1402/1386/1393 1429/1413/1420 1406/1390/1397
f 1406/1390/1397 1429/1413/1420 1430/1414/1421
f 1430/1414/1421 1404/1388/1395 1406/1390/1397
f 1404/1388/1395 1430/1414/1421 1431/1415/1422
f 1404/1388/1395 1431/1415/1422 1230/1214/1221
f 1230/1214/1221 1431/1415/1422 1432/1416/1423
f 1231/1215/1222 1230/1214/1221 1432/1416/1423
f 1231/1215/1222 1432/1416/1423 1433/1417/1424
f 1434/1418/1425 1429/1413/1420 1398/1382/1389
f 1429/1413/1420 1434/1418/1425 1435/1419/1426
f 1430/1414/1421 1429/1413/1420 1435/1419/1426
f 1430/1414/1421 1435/1419/1426 1431/1415/1422
f 1434/1418/1425 1436/1420/1427 1435/1419/1426
f 1437/1421/1428 1438/1422/1429 1439/1423/1430
f 1440/1424/1431 1438/1422/1429 1437/1421/1428
f 1440/1424/1431 1437/1421/1428 1441/1425/1432
f 1441/1425/1432 1442/1426/1433 1440/1424/1431
f 1436/1420/1427 1442/1426/1433 1441/1425/1432
f 1442/1426/1433 1436/1420/1427 1443/1427/1434
f 1434/1418/1425 1443/1427/1434 1436/1420/1427
f 1434/1418/1425 1385/1369/1376 1443/1427/1434
f 1398/1382/1389 1385/1369/1376 1434/1418/1425
f 1383/1367/1374 1385/1369/1376 1398/1382/1389
f 1444/1428/1435 1432/1416/1423 1431/1415/1422
f 1431/1415/1422 1439/1423/1430 1444/1428/1435
f 1431/1415/1422 1437/1421/1428 1439/1423/1430
f 1431/1415/1422 1435/1419/1426 1437/1421/1428
f 1435/1419/1426 1441/1425/1432 1437/1421/1428
f 1441/1425/1432 1435/1419/1426 1436/1420/1427
f 1445/1429/1436 1446/1430/976 1447/1431/1437
f 1448/1432/1438 1447/1431/1437 1446/1430/976
f 1433/1417/1424 1447/1431/1437 1448/1432/1438
f 1447/1431/1437 1433/1417/1424 1449/1433/1439
f 1433/1417/1424 1432/1416/1423 1449/1433/1439
f 1432/1416/1423 1450/1434/1440 1449/1433/1439
f 1432/1416/1423 1444/1428/1435 1450/1434/1440
f 1444/1428/1435 1451/1435/1441 1450/1434/1440
f 1444/1428/1435 1439/1423/1430 1451/1435/1441
f 1438/1422/1429 1451/1435/1441 1439/1423/1430
f 1440/1424/1431 1442/1426/1433 1452/1436/1442
f 1440/1424/1431 1452/1436/1442 1438/1422/1429
f 1438/1422/1429 1452/1436/1442 1453/1437/579
f 1451/1435/1441 1438/1422/1429 1453/1437/579
f 1451/1435/1441 1453/1437/579 1445/1429/1436
f 1451/1435/1441 1445/1429/1436 1454/1438/1443
f 1445/1429/1436 1447/1431/1437 1454/1438/1443
f 1449/1433/1439 1454/1438/1443 1447/1431/1437
f 1450/1434/1440 1454/1438/1443 1449/1433/1439
f 1450/1434/1440 1451/1435/1441 1454/1438/1443
f 1455/1439/1444 1442/1426/1433 1456/1440/1445
f 1442/1426/1433 1455/1439/1444 1457/1441/1446
f 1442/1426/1433 1457/1441/1446 1452/1436/1442
f 1452/1436/1442 1457/1441/1446 1458/1442/1447
f 1452/1436/1442 1458/1442/1447 1459/1443/1448
f 1453/1437/579 1452/1436/1442 1459/1443/1448
f 1453/1437/579 1459/1443/1448 1460/1444/1449
f 1460/1444/1449 1445/1429/1436 1453/1437/579
f 1445/1429/1436 1460/1444/1449 1461/1445/1450
f 1461/1445/1450 1460/1444/1449 1462/1446/1451
f 1463/1447/1452 1464/1448/1453 1465/1449/1454
f 1464/1448/1453 1455/1439/1444 1465/1449/1454
f 1455/1439/1444 1464/1448/1453 1466/1450/1455
f 1457/1441/1446 1455/1439/1444 1466/1450/1455
f 1457/1441/1446 1466/1450/1455 1467/1451/1456
f 1467/1451/1456 1458/1442/1447 1457/1441/1446
f 1458/1442/1447 1467/1451/1456 1468/1452/1457
f 1459/1443/1448 1458/1442/1447 1468/1452/1457
f 1459/1443/1448 1468/1452/1457 1469/1453/1458
f 1460/1444/1449 1459/1443/1448 1469/1453/1458
f 1455/1439/1444 1470/1454/1459 1465/1449/1454
f 1464/1448/1453 1471/1455/1460 1472/1456/1461
f 1472/1456/1461 1466/1450/1455 1464/1448/1453
f 1466/1450/1455 1472/1456/1461 1473/1457/1462
f 1467/1451/1456 1466/1450/1455 1473/1457/1462
f 1467/1451/1456 1473/1457/1462 1474/1458/1463
f 1472/1456/1461 1471/1455/1460 1475/1459/1464
f 1471/1455/1460 1476/1460/1465 1477/1461/1466
f 1478/1462/351 1479/1463/1467 1480/1464/1468
f 1479/1463/1467 1478/1462/351 1481/1465/1469
f 1481/1465/1469 1482/1466/1470 1479/1463/1467
f 1483/1467/1471 1479/1463/1467 1482/1466/1470
f 1482/1466/1470 1484/1468/1472 1483/1467/1471
f 1484/1468/1472 1485/1469/1473 1483/1467/1471
f 1476/1460/1465 1485/1469/1473 1484/1468/1472
f 1485/1469/1473 1476/1460/1465 1486/1470/1474
f 1476/1460/1465 1471/1455/1460 1486/1470/1474
f 1464/1448/1453 1486/1470/1474 1471/1455/1460
f 1482/1466/1470 1481/1465/1469 1487/1471/1475
f 1487/1471/1475 1484/1468/1472 1482/1466/1470
f 1484/1468/1472 1487/1471/1475 1488/1472/1476
f 1476/1460/1465 1484/1468/1472 1488/1472/1476
f 1488/1472/1476 1489/1473/1477 1476/1460/1465
f 1490/1474/1478 1491/1475/1479 1463/1447/1452
f 1463/1447/1452 1491/1475/1479 1483/1467/1471
f 1485/1469/1473 1463/1447/1452 1483/1467/1471
f 1486/1470/1474 1463/1447/1452 1485/1469/1473
f 1486/1470/1474 1464/1448/1453 1463/1447/1452
f 1480/1464/1468 1492/1476/1480 1493/1477/1481
f 1492/1476/1480 1480/1464/1468 1479/1463/1467
f 1479/1463/1467 1483/1467/1471 1492/1476/1480
f 1483/1467/1471 1494/1478/1482 1492/1476/1480
f 1494/1478/1482 1483/1467/1471 1491/1475/1479
f 1491/1475/1479 1495/1479/1483 1494/1478/1482
f 1495/1479/1483 1491/1475/1479 1490/1474/1478
f 1490/1474/1478 1496/1480/1484 1495/1479/1483
f 1496/1480/1484 1490/1474/1478 1497/1481/1485
f 1490/1474/1478 1463/1447/1452 1497/1481/1485
f 1498/1482/1486 1495/1479/1483 1496/1480/1484
f 1496/1480/1484 1499/1483/1487 1498/1482/1486
f 1496/1480/1484 1500/1484/1488 1499/1483/1487
f 1501/1485/1489 1499/1483/1487 1500/1484/1488
f 1500/1484/1488 1502/1486/1490 1501/1485/1489
f 1503/1487/1491 1498/1482/1486 1499/1483/1487
f 1499/1483/1487 1501/1485/1489 1503/1487/1491
f 1502/1486/1490 1504/1488/1492 1505/1489/1493
f 1504/1488/1492 1502/1486/1490 1506/1490/1494
f 1502/1486/1490 1500/1484/1488 1506/1490/1494
f 1507/1491/1495 1506/1490/1494 1500/1484/1488
f 1500/1484/1488 1496/1480/1484 1507/1491/1495
f 1507/1491/1495 1496/1480/1484 1508/1492/1496
f 1496/1480/1484 1497/1481/1485 1508/1492/1496
f 1470/1454/1459 1508/1492/1496 1497/1481/1485
f 1463/1447/1452 1470/1454/1459 1497/1481/1485
f 1470/1454/1459 1463/1447/1452 1465/1449/1454
f 1385/1369/1376 1509/1493/1497 1443/1427/1434
f 1509/1493/1497 1385/1369/1376 1384/1368/1375
f 1384/1368/1375 1510/1494/1498 1509/1493/1497
f 1511/1495/1499 1509/1493/1497 1510/1494/1498
f 1510/1494/1498 1507/1491/1495 1511/1495/1499
f 1507/1491/1495 1512/1496/1500 1511/1495/1499
f 1508/1492/1496 1512/1496/1500 1507/1491/1495
f 1508/1492/1496 1470/1454/1459 1512/1496/1500
f 1470/1454/1459 1456/1440/1445 1512/1496/1500
f 1456/1440/1445 1470/1454/1459 1455/1439/1444
f 1512/1496/1500 1456/1440/1445 1511/1495/1499
f 1511/1495/1499 1456/1440/1445 1509/1493/1497
f 1509/1493/1497 1456/1440/1445 1443/1427/1434
f 1443/1427/1434 1456/1440/1445 1442/1426/1433
f 1510/1494/1498 1384/1368/1375 1387/1371/1378
f 1510/1494/1498 1387/1371/1378 1389/1373/1380
f 1513/1497/1501 1510/1494/1498 1389/1373/1380
f 1513/1497/1501 1389/1373/1380 1506/1490/1494
f 1506/1490/1494 1507/1491/1495 1513/1497/1501
f 1513/1497/1501 1507/1491/1495 1510/1494/1498
f 1506/1490/1494 1514/1498/1502 1504/1488/1492
f 1514/1498/1502 1506/1490/1494 1515/1499/1503
f 1515/1499/1503 1506/1490/1494 1389/1373/1380
f 1389/1373/1380 1391/1375/1382 1515/1499/1503
f 1391/1375/1382 1516/1500/1504 1515/1499/1503
f 1516/1500/1504 1391/1375/1382 1392/1376/1383
f 1516/1500/1504 1514/1498/1502 1515/1499/1503
f 1517/1501/1505 1518/1502/1506 1519/1503/1507
f 1520/1504/1508 1517/1501/1505 1519/1503/1507
f 1521/1505/1509 1522/1506/1510 1523/1507/1511
f 1523/1507/1511 1524/1508/1512 1521/1505/1509
f 1524/1508/1512 1523/1507/1511 1519/1503/1507
f 1519/1503/1507 1525/1509/1513 1524/1508/1512
f 1519/1503/1507 1518/1502/1506 1525/1509/1513
f 1526/1510/1514 1525/1509/1513 1518/1502/1506
f 1527/1511/1515 1528/1512/1516 1520/1504/1508
f 1528/1512/1516 1529/1513/1517 1520/1504/1508
f 1520/1504/1508 1529/1513/1517 1517/1501/1505
f 1517/1501/1505 1529/1513/1517 1530/1514/1518
f 1518/1502/1506 1517/1501/1505 1530/1514/1518
f 1530/1514/1518 1531/1515/1519 1518/1502/1506
f 1531/1515/1519 1526/1510/1514 1518/1502/1506
f 1532/1516/1520 1526/1510/1514 1531/1515/1519
f 1526/1510/1514 1532/1516/1520 1533/1517/1521
f 1532/1516/1520 1534/1518/1522 1533/1517/1521
f 1535/1519/1523 1533/1517/1521 1534/1518/1522
f 1536/1520/1524 1535/1519/1523 1534/1518/1522
f 1529/1513/1517 1537/1521/1525 1530/1514/1518
f 1537/1521/1525 1538/1522/1526 1530/1514/1518
f 1530/1514/1518 1538/1522/1526 1531/1515/1519
f 1531/1515/1519 1538/1522/1526 1539/1523/1527
f 1539/1523/1527 1532/1516/1520 1531/1515/1519
f 1540/1524/1528 1532/1516/1520 1539/1523/1527
f 1532/1516/1520 1540/1524/1528 1534/1518/1522
f 1541/1525/1529 1534/1518/1522 1540/1524/1528
f 1534/1518/1522 1541/1525/1529 1536/1520/1524
f 1541/1525/1529 1542/1526/1530 1536/1520/1524
f 1543/1527/1531 1540/1524/1528 1539/1523/1527
f 1539/1523/1527 1544/1528/1532 1543/1527/1531
f 1539/1523/1527 1538/1522/1526 1544/1528/1532
f 1545/1529/1533 1544/1528/1532 1538/1522/1526
f 1538/1522/1526 1537/1521/1525 1545/1529/1533
f 1546/1530/1534 1545/1529/1533 1537/1521/1525
f 1547/1531/1535 1546/1530/1534 1537/1521/1525
f 1548/1532/1536 1546/1530/1534 1547/1531/1535
f 1549/1533/1537 1548/1532/1536 1547/1531/1535
f 1550/1534/1538 1548/1532/1536 1549/1533/1537
f 1545/1529/1533 1546/1530/1534 1551/1535/1539
f 1552/1536/1540 1551/1535/1539 1546/1530/1534
f 1546/1530/1534 1548/1532/1536 1552/1536/1540
f 1553/1537/1541 1552/1536/1540 1548/1532/1536
f 1548/1532/1536 1550/1534/1538 1553/1537/1541
f 1550/1534/1538 1554/1538/1542 1553/1537/1541
f 1554/1538/1542 1555/1539/1543 1553/1537/1541
f 1555/1539/1543 1554/1538/1542 1556/1540/1544
f 1556/1540/1544 1557/1541/1545 1555/1539/1543
f 1557/1541/1545 1556/1540/1544 1558/1542/1546
f 1551/1535/1539 1552/1536/1540 1559/1543/1547
f 1552/1536/1540 1553/1537/1541 1555/1539/1543
f 1555/1539/1543 1559/1543/1547 1552/1536/1540
f 1559/1543/1547 1555/1539/1543 1557/1541/1545
f 1557/1541/1545 1560/1544/1548 1559/1543/1547
f 1559/1543/1547 1560/1544/1548 1561/1545/1549
f 1559/1543/1547 1561/1545/1549 1551/1535/1539
f 1544/1528/1532 1551/1535/1539 1561/1545/1549
f 1551/1535/1539 1544/1528/1532 1545/1529/1533
f 1562/1546/1550 1557/1541/1545 1558/1542/1546
f 1560/1544/1548 1557/1541/1545 1562/1546/1550
f 1563/1547/1551 1560/1544/1548 1562/1546/1550
f 1560/1544/1548 1563/1547/1551 1561/1545/1549
f 1564/1548/1552 1561/1545/1549 1563/1547/1551
f 1561/1545/1549 1564/1548/1552 1544/1528/1532
f 1543/1527/1531 1544/1528/1532 1564/1548/1552
f 1564/1548/1552 1565/1549/1553 1543/1527/1531
f 1565/1549/1553 1564/1548/1552 1566/1550/1554
f 1567/1551/1555 1565/1549/1553 1566/1550/1554
f 1563/1547/1551 1566/1550/1554 1564/1548/1552
f 1568/1552/1556 1567/1551/1555 1569/1553/1557
f 1567/1551/1555 1566/1550/1554 1569/1553/1557
f 1570/1554/1558 1569/1553/1557 1566/1550/1554
f 1566/1550/1554 1563/1547/1551 1570/1554/1558
f 1570/1554/1558 1563/1547/1551 1571/1555/1559
f 1562/1546/1550 1571/1555/1559 1563/1547/1551
f 1571/1555/1559 1562/1546/1550 1572/1556/1560
f 1562/1546/1550 1558/1542/1546 1572/1556/1560
f 1573/1557/1561 1572/1556/1560 1558/1542/1546
f 1574/1558/1562 1573/1557/1561 1558/1542/1546
f 1571/1555/1559 1569/1553/1557 1570/1554/1558
f 1572/1556/1560 1573/1557/1561 1575/1559/1563
f 1576/1560/1564 1575/1559/1563 1577/1561/1565
f 1574/1558/1562 1575/1559/1563 1573/1557/1561
f 1575/1559/1563 1574/1558/1562 1578/1562/1566
f 1575/1559/1563 1578/1562/1566 1577/1561/1565
f 1578/1562/1566 1579/1563/1567 1577/1561/1565
f 1580/1564/1568 1577/1561/1565 1579/1563/1567
f 1581/1565/1569 1577/1561/1565 1580/1564/1568
f 1576/1560/1564 1577/1561/1565 1581/1565/1569
f 1581/1565/1569 1582/1566/1570 1576/1560/1564
f 1576/1560/1564 1582/1566/1570 1583/1567/1571
f 1583/1567/1571 1582/1566/1570 1584/1568/1572
f 1585/1569/1573 1586/1570/1574 1584/1568/1572
f 1587/1571/1575 1584/1568/1572 1586/1570/1574
f 1584/1568/1572 1587/1571/1575 1583/1567/1571
f 1588/1572/1576 1583/1567/1571 1587/1571/1575
f 1588/1572/1576 1576/1560/1564 1583/1567/1571
f 1589/1573/1577 1576/1560/1564 1588/1572/1576
f 1589/1573/1577 1575/1559/1563 1576/1560/1564
f 1575/1559/1563 1589/1573/1577 1590/1574/1578
f 1590/1574/1578 1572/1556/1560 1575/1559/1563
f 1572/1556/1560 1590/1574/1578 1591/1575/1579
f 1589/1573/1577 1592/1576/1580 1590/1574/1578
f 1592/1576/1580 1589/1573/1577 1593/1577/1581
f 1593/1577/1581 1589/1573/1577 1594/1578/1582
f 1589/1573/1577 1588/1572/1576 1594/1578/1582
f 1595/1579/1583 1594/1578/1582 1588/1572/1576
f 1596/1580/1584 1594/1578/1582 1595/1579/1583
f 1596/1580/1584 1593/1577/1581 1594/1578/1582
f 1596/1580/1584 1597/1581/1585 1593/1577/1581
f 1593/1577/1581 1597/1581/1585 1592/1576/1580
f 1598/1582/1586 1592/1576/1580 1597/1581/1585
f 1592/1576/1580 1598/1582/1586 1599/1583/1587
f 1599/1583/1587 1598/1582/1586 1600/1584/1588
f 1600/1584/1588 1591/1575/1579 1599/1583/1587
f 1599/1583/1587 1591/1575/1579 1590/1574/1578
f 1599/1583/1587 1590/1574/1578 1592/1576/1580
f 1601/1585/1589 1598/1582/1586 1597/1581/1585
f 1600/1584/1588 1602/1586/1590 1603/1587/1591
f 1600/1584/1588 1598/1582/1586 1602/1586/1590
f 1602/1586/1590 1598/1582/1586 1601/1585/1589
f 1604/1588/1592 1602/1586/1590 1601/1585/1589
f 1604/1588/1592 1601/1585/1589 1605/1589/1593
f 1605/1589/1593 1601/1585/1589 1597/1581/1585
f 1597/1581/1585 1606/1590/1594 1605/1589/1593
f 1596/1580/1584 1606/1590/1594 1597/1581/1585
f 1606/1590/1594 1596/1580/1584 1607/1591/1595
f 1608/1592/1596 1606/1590/1594 1607/1591/1595
f 1606/1590/1594 1608/1592/1596 1609/1593/1597
f 1610/1594/1598 1609/1593/1597 1608/1592/1596
f 1606/1590/1594 1609/1593/1597 1605/1589/1593
f 1611/1595/1599 1605/1589/1593 1609/1593/1597
f 1612/1596/1600 1605/1589/1593 1611/1595/1599
f 1605/1589/1593 1612/1596/1600 1604/1588/1592
f 1613/1597/1601 1604/1588/1592 1612/1596/1600
f 1602/1586/1590 1604/1588/1592 1613/1597/1601
f 1602/1586/1590 1613/1597/1601 1614/1598/1602
f 1614/1598/1602 1603/1587/1591 1602/1586/1590
f 1603/1587/1591 1614/1598/1602 1615/1599/1603
f 1603/1587/1591 1615/1599/1603 1616/1600/1604
f 1617/1601/1605 1616/1600/1604 1615/1599/1603
f 1615/1599/1603 1618/1602/1606 1617/1601/1605
f 1615/1599/1603 1619/1603/1607 1618/1602/1606
f 1619/1603/1607 1615/1599/1603 1614/1598/1602
f 1619/1603/1607 1614/1598/1602 1620/1604/1608
f 1621/1605/1609 1619/1603/1607 1620/1604/1608
f 1621/1605/1609 1620/1604/1608 1622/1606/1610
f 1622/1606/1610 1623/1607/1611 1621/1605/1609
f 1621/1605/1609 1623/1607/1611 1624/1608/1612
f 1624/1608/1612 1623/1607/1611 1625/1609/1613
f 1619/1603/1607 1624/1608/1612 1618/1602/1606
f 1619/1603/1607 1621/1605/1609 1624/1608/1612
f 1626/1610/1614 1622/1606/1610 1620/1604/1608
f 1627/1611/1615 1626/1610/1614 1620/1604/1608
f 1627/1611/1615 1628/1612/1616 1626/1610/1614
f 1613/1597/1601 1620/1604/1608 1614/1598/1602
f 1613/1597/1601 1612/1596/1600 1620/1604/1608
f 1620/1604/1608 1612/1596/1600 1627/1611/1615
f 1627/1611/1615 1612/1596/1600 1629/1613/1617
f 1628/1612/1616 1627/1611/1615 1629/1613/1617
f 1629/1613/1617 1630/1614/1618 1628/1612/1616
f 1630/1614/1618 1631/1615/1619 1628/1612/1616
f 1628/1612/1616 1631/1615/1619 1632/1616/1620
f 1628/1612/1616 1632/1616/1620 1626/1610/1614
f 1633/1617/1621 1626/1610/1614 1632/1616/1620
f 1634/1615/1622 1635/1618/1623 1636/1619/1624
f 1635/1618/1623 1634/1615/1622 1630/1614/1618
f 1630/1614/1618 1637/1620/1625 1635/1618/1623
f 1630/1614/1618 1629/1613/1617 1637/1620/1625
f 1611/1595/1599 1637/1620/1625 1629/1613/1617
f 1611/1595/1599 1629/1613/1617 1612/1596/1600
f 1638/1621/1626 1635/1618/1623 1639/1622/1627
f 1635/1618/1623 1638/1621/1626 1640/1619/1628
f 1641/1623/1629 1642/1624/1630 1643/1625/1631
f 1641/1623/1629 1638/1621/1626 1642/1624/1630
f 1644/1626/1632 1642/1624/1630 1638/1621/1626
f 1639/1622/1627 1644/1626/1632 1638/1621/1626
f 1644/1626/1632 1639/1622/1627 1645/1627/1633
f 1635/1618/1623 1645/1627/1633 1639/1622/1627
f 1645/1627/1633 1635/1618/1623 1610/1594/1598
f 1635/1618/1623 1637/1620/1625 1610/1594/1598
f 1609/1593/1597 1610/1594/1598 1637/1620/1625
f 1637/1620/1625 1611/1595/1599 1609/1593/1597
f 1610/1594/1598 1608/1592/1596 1646/1628/1634
f 1610/1594/1598 1646/1628/1634 1645/1627/1633
f 1646/1628/1634 1647/1629/1635 1645/1627/1633
f 1645/1627/1633 1647/1629/1635 1644/1626/1632
f 1647/1629/1635 1648/1630/1636 1644/1626/1632
f 1644/1626/1632 1648/1630/1636 1649/1631/1637
f 1650/1632/1638 1644/1626/1632 1649/1631/1637
f 1650/1632/1638 1642/1624/1630 1644/1626/1632
f 1651/1633/1639 1642/1624/1630 1650/1632/1638
f 1642/1624/1630 1651/1633/1639 1643/1625/1631
f 1647/1629/1635 1652/1634/1640 1648/1630/1636
f 1653/1635/1641 1648/1630/1636 1652/1634/1640
f 1648/1630/1636 1654/1636/1642 1649/1631/1637
f 1655/1637/1643 1649/1631/1637 1654/1636/1642
f 1649/1631/1637 1655/1637/1643 1650/1632/1638
f 1656/1638/1644 1650/1632/1638 1655/1637/1643
f 1651/1633/1639 1650/1632/1638 1656/1638/1644
f 1657/1639/1645 1651/1633/1639 1656/1638/1644
f 1658/1640/1646 1651/1633/1639 1657/1639/1645
f 1659/1641/1647 1658/1640/1646 1657/1639/1645
f 1660/1642/1648 1658/1640/1646 1659/1641/1647
f 1659/1641/1647 1661/1643/1649 1660/1642/1648
f 1658/1640/1646 1660/1642/1648 1662/1616/1650
f 1655/1637/1643 1663/1644/1651 1656/1638/1644
f 1664/1645/1652 1656/1638/1644 1663/1644/1651
f 1656/1638/1644 1664/1645/1652 1657/1639/1645
f 1651/1633/1639 1658/1640/1646 1643/1625/1631
f 1643/1625/1631 1658/1640/1646 1641/1623/1629
f 1658/1640/1646 1662/1616/1650 1641/1623/1629
f 1662/1616/1650 1665/1615/1653 1641/1623/1629
f 1665/1615/1653 1638/1621/1626 1641/1623/1629
f 1638/1621/1626 1665/1615/1653 1666/1619/1654
f 1664/1645/1652 1667/1646/1655 1668/1647/1656
f 1667/1646/1655 1664/1645/1652 1669/1648/1657
f 1664/1645/1652 1663/1644/1651 1669/1648/1657
f 1663/1644/1651 1670/1649/1658 1669/1648/1657
f 1663/1644/1651 1655/1637/1643 1670/1649/1658
f 1670/1649/1658 1655/1637/1643 1654/1636/1642
f 1670/1649/1658 1654/1636/1642 1671/1650/1659
f 1671/1650/1659 1672/1651/1660 1670/1649/1658
f 1669/1648/1657 1670/1649/1658 1672/1651/1660
f 1672/1651/1660 1673/1652/1661 1669/1648/1657
f 1673/1652/1661 1667/1646/1655 1669/1648/1657
f 1673/1652/1661 1674/1653/1662 1667/1646/1655
f 1674/1653/1662 1675/1654/1663 1667/1646/1655
f 1674/1653/1662 1673/1652/1661 1676/1655/1664
f 1677/1656/1665 1678/1657/1666 1679/1658/1667
f 1680/1659/1668 1679/1658/1667 1678/1657/1666
f 1676/1655/1664 1680/1659/1668 1678/1657/1666
f 1680/1659/1668 1676/1655/1664 1673/1652/1661
f 1680/1659/1668 1673/1652/1661 1681/1660/1669
f 1673/1652/1661 1672/1651/1660 1681/1660/1669
f 1681/1660/1669 1672/1651/1660 1653/1635/1641
f 1672/1651/1660 1671/1650/1659 1653/1635/1641
f 1648/1630/1636 1653/1635/1641 1671/1650/1659
f 1654/1636/1642 1648/1630/1636 1671/1650/1659
f 1653/1635/1641 1652/1634/1640 1682/1661/1670
f 1653/1635/1641 1682/1661/1670 1681/1660/1669
f 1682/1661/1670 1683/1662/1671 1681/1660/1669
f 1680/1659/1668 1681/1660/1669 1683/1662/1671
f 1684/1663/1672 1680/1659/1668 1683/1662/1671
f 1680/1659/1668 1684/1663/1672 1679/1658/1667
f 1685/1664/1673 1679/1658/1667 1684/1663/1672
f 1684/1663/1672 1686/1665/1674 1685/1664/1673
f 1586/1570/1574 1685/1664/1673 1686/1665/1674
f 1587/1571/1575 1586/1570/1574 1686/1665/1674
f 1687/1666/1675 1686/1665/1674 1688/1667/1676
f 1686/1665/1674 1684/1663/1672 1688/1667/1676
f 1683/1662/1671 1688/1667/1676 1684/1663/1672
f 1686/1665/1674 1687/1666/1675 1587/1571/1575
f 1687/1666/1675 1588/1572/1576 1587/1571/1575
f 1588/1572/1576 1687/1666/1675 1595/1579/1583
f 1689/1668/1677 1595/1579/1583 1687/1666/1675
f 1595/1579/1583 1689/1668/1677 1596/1580/1584
f 1596/1580/1584 1689/1668/1677 1690/1669/1678
f 1607/1591/1595 1596/1580/1584 1690/1669/1678
f 1691/1670/1679 1607/1591/1595 1690/1669/1678
f 1691/1670/1679 1608/1592/1596 1607/1591/1595
f 1608/1592/1596 1691/1670/1679 1646/1628/1634
f 1692/1671/1680 1646/1628/1634 1691/1670/1679
f 1691/1670/1679 1693/1672/1681 1692/1671/1680
f 1693/1672/1681 1691/1670/1679 1690/1669/1678
f 1690/1669/1678 1689/1668/1677 1693/1672/1681
f 1694/1673/1682 1695/1674/1683 1692/1671/1680
f 1692/1671/1680 1693/1672/1681 1694/1673/1682
f 1688/1667/1676 1689/1668/1677 1687/1666/1675
f 1693/1672/1681 1689/1668/1677 1688/1667/1676
f 1688/1667/1676 1683/1662/1671 1693/1672/1681
f 1683/1662/1671 1694/1673/1682 1693/1672/1681
f 1694/1673/1682 1683/1662/1671 1682/1661/1670
f 1652/1634/1640 1694/1673/1682 1682/1661/1670
f 1695/1674/1683 1694/1673/1682 1652/1634/1640
f 1647/1629/1635 1695/1674/1683 1652/1634/1640
f 1647/1629/1635 1646/1628/1634 1695/1674/1683
f 1646/1628/1634 1692/1671/1680 1695/1674/1683
f 1696/1675/1684 1697/1676/1685 1698/1677/1686
f 1697/1676/1685 1696/1675/1684 1699/1678/1687
f 1700/1679/1688 1699/1678/1687 1696/1675/1684
f 1699/1678/1687 1701/1680/1689 1697/1676/1685
f 1701/1680/1689 1702/1681/1690 1703/1682/1691
f 1702/1681/1690 1704/1683/1692 1705/1684/1693
f 1702/1681/1690 1705/1684/1693 1706/1685/1694
f 1706/1685/1694 1703/1682/1691 1702/1681/1690
f 1703/1682/1691 1706/1685/1694 1707/1686/1695
f 1708/1687/1696 1703/1682/1691 1707/1686/1695
f 1703/1682/1691 1708/1687/1696 1709/1688/1697
f 1701/1680/1689 1703/1682/1691 1709/1688/1697
f 1701/1680/1689 1709/1688/1697 1710/1689/1698
f 1710/1689/1698 1697/1676/1685 1701/1680/1689
f 1697/1676/1685 1710/1689/1698 1711/1690/1699
f 1698/1677/1686 1697/1676/1685 1711/1690/1699
f 1712/1691/1700 1698/1677/1686 1711/1690/1699
f 1711/1690/1699 1713/1692/1701 1714/1693/1702
f 1713/1692/1701 1711/1690/1699 1710/1689/1698
f 1710/1689/1698 1715/1694/1703 1713/1692/1701
f 1715/1694/1703 1710/1689/1698 1709/1688/1697
f 1709/1688/1697 1716/1695/1704 1715/1694/1703
f 1708/1687/1696 1716/1695/1704 1709/1688/1697
f 1716/1695/1704 1708/1687/1696 1717/1696/1705
f 1718/1697/1706 1696/1675/1684 1719/1698/1707
f 1719/1698/1707 1696/1675/1684 1720/1699/1708
f 1698/1677/1686 1720/1699/1708 1696/1675/1684
f 1721/1700/1709 1720/1699/1708 1698/1677/1686
f 1712/1691/1700 1721/1700/1709 1698/1677/1686
f 1721/1700/1709 1712/1691/1700 1722/1701/1710
f 1722/1701/1710 1723/1702/1711 1721/1700/1709
f 1724/1703/1712 1723/1702/1711 1722/1701/1710
f 1725/1704/833 1723/1702/1711 1724/1703/1712
f 1726/1705/1713 1725/1704/833 1724/1703/1712
f 1723/1702/1711 1720/1699/1708 1721/1700/1709
f 1727/1706/1714 1728/1707/1715 1729/1708/1716
f 1727/1706/1714 1730/1709/1717 1731/1710/1718
f 1728/1707/1715 1727/1706/1714 1731/1710/1718
f 1731/1710/1718 1732/1711/1719 1728/1707/1715
f 1732/1711/1719 1731/1710/1718 1733/1712/1720
f 1732/1711/1719 1733/1712/1720 1734/1713/1721
f 1734/1713/1721 1733/1712/1720 1735/1714/1722
f 1733/1712/1720 1736/1715/1723 1735/1714/1722
f 1735/1714/1722 1736/1715/1723 1737/1716/1724
f 1736/1715/1723 1738/1717/1725 1737/1716/1724
f 1738/1717/1725 1739/1718/1726 1737/1716/1724
f 1738/1717/1725 1740/1719/1727 1741/1720/1728
f 1742/1721/1729 1743/1722/1730 1744/1723/1731
f 1742/1721/1729 1745/1724/1732 1743/1722/1730
f 1746/1725/1733 1743/1722/1730 1745/1724/1732
f 1745/1724/1732 1740/1719/1727 1746/1725/1733
f 1740/1719/1727 1747/1726/1734 1746/1725/1733
f 1738/1717/1725 1747/1726/1734 1740/1719/1727
f 1747/1726/1734 1738/1717/1725 1736/1715/1723
f 1736/1715/1723 1748/1727/1735 1747/1726/1734
f 1748/1727/1735 1736/1715/1723 1733/1712/1720
f 1731/1710/1718 1748/1727/1735 1733/1712/1720
f 1748/1727/1735 1731/1710/1718 1730/1709/1717
f 1730/1709/1717 1749/1728/1736 1748/1727/1735
f 1749/1728/1736 1747/1726/1734 1748/1727/1735
f 1746/1725/1733 1747/1726/1734 1749/1728/1736
f 1743/1722/1730 1746/1725/1733 1749/1728/1736
f 1750/1729/1737 1727/1706/1714 1751/1730/1738
f 1727/1706/1714 1750/1729/1737 1730/1709/1717
f 1752/1731/1739 1730/1709/1717 1750/1729/1737
f 1749/1728/1736 1730/1709/1717 1752/1731/1739
f 1753/1732/1740 1749/1728/1736 1752/1731/1739
f 1749/1728/1736 1753/1732/1740 1743/1722/1730
f 1754/1733/1741 1743/1722/1730 1753/1732/1740
f 1743/1722/1730 1754/1733/1741 1744/1723/1731
f 1755/1734/1742 1744/1723/1731 1754/1733/1741
f 1755/1734/1742 1742/1721/1729 1744/1723/1731
f 1753/1732/1740 1752/1731/1739 1756/1735/1743
f 1757/1736/1744 1756/1735/1743 1758/1737/1745
f 1753/1732/1740 1756/1735/1743 1757/1736/1744
f 1759/1738/1746 1753/1732/1740 1757/1736/1744
f 1753/1732/1740 1759/1738/1746 1754/1733/1741
f 1760/1739/1747 1754/1733/1741 1759/1738/1746
f 1754/1733/1741 1760/1739/1747 1761/1740/1748
f 1762/1741/1749 1761/1740/1748 1760/1739/1747
f 1761/1740/1748 1762/1741/1749 1763/1742/1750
f 1764/1743/1751 1763/1742/1750 1762/1741/1749
f 1763/1742/1750 1764/1743/1751 1765/1744/1712
f 1761/1740/1748 1755/1734/1742 1754/1733/1741
f 1755/1734/1742 1761/1740/1748 1763/1742/1750
f 1755/1734/1742 1763/1742/1750 1766/1745/1752
f 1763/1742/1750 1767/1746/1753 1766/1745/1752
f 1767/1746/1753 1768/1747/1754 1766/1745/1752
f 1768/1747/1754 1767/1746/1753 1769/1748/1755
f 1770/1749/1756 1766/1745/1752 1768/1747/1754
f 1765/1744/1712 1771/1750/1757 1763/1742/1750
f 1771/1750/1757 1767/1746/1753 1763/1742/1750
f 1767/1746/1753 1771/1750/1757 1772/1751/1702
f 1772/1751/1702 1769/1748/1755 1767/1746/1753
f 1769/1748/1755 1772/1751/1702 1773/1752/1701
f 1773/1752/1701 1774/1753/1758 1769/1748/1755
f 1774/1753/1758 1768/1747/1754 1769/1748/1755
f 1768/1747/1754 1774/1753/1758 1775/1754/1759
f 1775/1754/1759 1770/1749/1756 1768/1747/1754
f 1770/1749/1756 1775/1754/1759 1776/1755/1760
f 1771/1750/1757 1765/1744/1712 1777/1756/1710
f 1777/1756/1710 1778/1757/1761 1771/1750/1757
f 1778/1757/1761 1772/1751/1702 1771/1750/1757
f 1772/1751/1702 1778/1757/1761 1779/1758/1699
f 1774/1753/1758 1773/1752/1701 1780/1759/1703
f 1781/1760/1704 1774/1753/1758 1780/1759/1703
f 1774/1753/1758 1781/1760/1704 1782/1761/1762
f 1775/1754/1759 1774/1753/1758 1782/1761/1762
f 1783/1762/1763 1775/1754/1759 1782/1761/1762
f 1776/1755/1760 1775/1754/1759 1783/1762/1763
f 1784/1763/1764 1776/1755/1760 1783/1762/1763
f 1785/1764/1765 1784/1763/1764 1783/1762/1763
f 1784/1763/1764 1785/1764/1765 1786/1765/1766
f 1783/1762/1763 1787/1766/1767 1785/1764/1765
f 1787/1766/1767 1783/1762/1763 1782/1761/1762
f 1782/1761/1762 1788/1767/1768 1787/1766/1767
f 1788/1767/1768 1782/1761/1762 1781/1760/1704
f 1789/1768/1769 1770/1749/1756 1776/1755/1760
f 1784/1763/1764 1789/1768/1769 1776/1755/1760
f 1789/1768/1769 1784/1763/1764 1790/1769/1770
f 1786/1765/1766 1790/1769/1770 1784/1763/1764
f 1790/1769/1770 1786/1765/1766 1791/1770/1771
f 1792/1771/1772 1791/1770/1771 1786/1765/1766
f 1791/1770/1771 1792/1771/1772 1793/1772/1773
f 1794/1773/1774 1793/1772/1773 1792/1771/1772
f 1793/1772/1773 1794/1773/1774 1795/1774/1775
f 1796/1775/1776 1795/1774/1775 1794/1773/1774
f 1797/1776/1777 1798/1777/1778 1799/1778/1779
f 1798/1777/1778 1795/1774/1775 1799/1778/1779
f 1800/1779/1780 1795/1774/1775 1798/1777/1778
f 1795/1774/1775 1800/1779/1780 1793/1772/1773
f 1801/1780/1781 1793/1772/1773 1800/1779/1780
f 1793/1772/1773 1801/1780/1781 1791/1770/1771
f 1802/1781/1782 1791/1770/1771 1801/1780/1781
f 1791/1770/1771 1802/1781/1782 1790/1769/1770
f 1789/1768/1769 1790/1769/1770 1802/1781/1782
f 1803/1782/1783 1789/1768/1769 1802/1781/1782
f 1804/1783/1784 1805/1784/1785 1806/1785/1786
f 1806/1785/1786 1807/1786/1787 1804/1783/1784
f 1803/1782/1783 1807/1786/1787 1806/1785/1786
f 1807/1786/1787 1803/1782/1783 1808/1787/1788
f 1808/1787/1788 1803/1782/1783 1802/1781/1782
f 1808/1787/1788 1802/1781/1782 1801/1780/1781
f 1800/1779/1780 1808/1787/1788 1801/1780/1781
f 1808/1787/1788 1800/1779/1780 1809/1788/1789
f 1800/1779/1780 1798/1777/1778 1809/1788/1789
f 1810/1789/1790 1809/1788/1789 1798/1777/1778
f 1808/1787/1788 1809/1788/1789 1807/1786/1787
f 1811/1790/1791 1807/1786/1787 1809/1788/1789
f 1811/1790/1791 1804/1783/1784 1807/1786/1787
f 1810/1789/1790 1811/1790/1791 1809/1788/1789
f 1811/1790/1791 1810/1789/1790 1812/1791/1792
f 1813/1792/1793 1812/1791/1792 1810/1789/1790
f 1812/1791/1792 1813/1792/1793 1313/1297/1304
f 1814/1793/1794 1314/1298/1305 1315/1299/1306
f 1314/1298/1305 1814/1793/1794 1815/1794/1795
f 1313/1297/1304 1314/1298/1305 1815/1794/1795
f 1816/1795/1796 1313/1297/1304 1815/1794/1795
f 1313/1297/1304 1816/1795/1796 1812/1791/1792
f 1817/1796/1797 1812/1791/1792 1816/1795/1796
f 1812/1791/1792 1817/1796/1797 1811/1790/1791
f 1817/1796/1797 1818/1797/1798 1811/1790/1791
f 1804/1783/1784 1811/1790/1791 1818/1797/1798
f 1805/1784/1785 1804/1783/1784 1818/1797/1798
f 1819/1798/1799 1820/1799/1800 1821/1800/1801
f 1820/1799/1800 1819/1798/1799 1805/1784/1785
f 1818/1797/1798 1820/1799/1800 1805/1784/1785
f 1820/1799/1800 1818/1797/1798 1822/1801/1802
f 1818/1797/1798 1817/1796/1797 1822/1801/1802
f 1823/1802/1803 1822/1801/1802 1817/1796/1797
f 1816/1795/1796 1823/1802/1803 1817/1796/1797
f 1823/1802/1803 1816/1795/1796 1824/1803/1804
f 1824/1803/1804 1825/1804/1805 1823/1802/1803
f 1824/1803/1804 1826/1805/1806 1825/1804/1805
f 1825/1804/1805 1827/1806/1807 1828/1807/1808
f 1825/1804/1805 1828/1807/1808 1823/1802/1803
f 1822/1801/1802 1823/1802/1803 1828/1807/1808
f 1827/1806/1807 1825/1804/1805 1826/1805/1806
f 1826/1805/1806 1829/1808/1809 1827/1806/1807
f 1830/1809/1810 1827/1806/1807 1829/1808/1809
f 1827/1806/1807 1830/1809/1810 1828/1807/1808
f 1821/1800/1801 1828/1807/1808 1830/1809/1810
f 1821/1800/1801 1822/1801/1802 1828/1807/1808
f 1822/1801/1802 1821/1800/1801 1820/1799/1800
f 1831/1810/1811 1821/1800/1801 1830/1809/1810
f 1826/1805/1806 1832/1811/1812 1833/1812/1813
f 1833/1812/1813 1829/1808/1809 1826/1805/1806
f 1834/1813/1814 1829/1808/1809 1833/1812/1813
f 1829/1808/1809 1834/1813/1814 1830/1809/1810
f 1835/1814/1815 1830/1809/1810 1834/1813/1814
f 1831/1810/1811 1830/1809/1810 1835/1814/1815
f 1836/1815/1816 1831/1810/1811 1835/1814/1815
f 1831/1810/1811 1836/1815/1816 1837/1816/1817
f 1831/1810/1811 1837/1816/1817 1821/1800/1801
f 1821/1800/1801 1837/1816/1817 1819/1798/1799
f 1834/1813/1814 1838/1817/1818 1835/1814/1815
f 1838/1817/1818 1834/1813/1814 1839/1818/1819
f 1833/1812/1813 1839/1818/1819 1834/1813/1814
f 1839/1818/1819 1833/1812/1813 1832/1811/1812
f 1836/1815/1816 1835/1814/1815 1840/1819/1820
f 1840/1819/1820 1835/1814/1815 1838/1817/1818
f 1838/1817/1818 1841/1820/1821 1840/1819/1820
f 1836/1815/1816 1842/1821/1822 1843/1822/1823
f 1842/1821/1822 1836/1815/1816 1840/1819/1820
f 1844/1823/1824 1842/1821/1822 1840/1819/1820
f 1841/1820/1821 1844/1823/1824 1840/1819/1820
f 1845/1824/1825 1844/1823/1824 1841/1820/1821
f 1838/1817/1818 1845/1824/1825 1841/1820/1821
f 1845/1824/1825 1838/1817/1818 1846/1825/1826
f 1838/1817/1818 1839/1818/1819 1846/1825/1826
f 1846/1825/1826 1839/1818/1819 1847/1826/1827
f 1832/1811/1812 1847/1826/1827 1839/1818/1819
f 1848/1827/1828 1849/1828/1829 1844/1823/1824
f 1844/1823/1824 1845/1824/1825 1848/1827/1828
f 1850/1829/1830 1848/1827/1828 1851/1830/1831
f 1851/1830/1831 1848/1827/1828 1845/1824/1825
f 1851/1830/1831 1845/1824/1825 1846/1825/1826
f 1846/1825/1826 1847/1826/1827 1852/1831/1832
f 1852/1831/1832 1853/1832/1833 1846/1825/1826
f 1851/1830/1831 1846/1825/1826 1853/1832/1833
f 1853/1832/1833 1854/1833/1834 1851/1830/1831
f 1850/1829/1830 1851/1830/1831 1854/1833/1834
f 1854/1833/1834 1855/1834/1835 1850/1829/1830
f 1855/1834/1835 1856/1835/333 1850/1829/1830
f 1857/1836/1836 1856/1835/333 1855/1834/1835
f 1856/1835/333 1857/1836/1836 1858/1837/1837
f 1859/1838/1838 1858/1837/1837 1857/1836/1836
f 1857/1836/1836 1855/1834/1835 1859/1838/1838
f 1860/1839/1839 1859/1838/1838 1855/1834/1835
f 1855/1834/1835 1854/1833/1834 1860/1839/1839
f 1861/1840/1840 1860/1839/1839 1854/1833/1834
f 1854/1833/1834 1853/1832/1833 1861/1840/1840
f 1862/1841/1841 1861/1840/1840 1853/1832/1833
f 1863/1842/1842 1862/1841/1841 1853/1832/1833
f 1862/1841/1841 1863/1842/1842 1864/1843/1843
f 1865/1844/1844 1864/1843/1843 1863/1842/1842
f 1864/1843/1843 1865/1844/1844 1866/1845/1845
f 1867/1846/1846 1868/1847/1847 1869/1848/1848
f 1867/1846/1846 1869/1848/1848 1870/1849/1849
f 1869/1848/1848 1859/1838/1838 1870/1849/1849
f 1859/1838/1838 1871/1850/1850 1870/1849/1849
f 1860/1839/1839 1871/1850/1850 1859/1838/1838
f 1872/1851/1851 1871/1850/1850 1860/1839/1839
f 1860/1839/1839 1861/1840/1840 1872/1851/1851
f 1873/1852/1852 1872/1851/1851 1861/1840/1840
f 1861/1840/1840 1862/1841/1841 1873/1852/1852
f 1864/1843/1843 1873/1852/1852 1862/1841/1841
f 1871/1850/1850 1872/1851/1851 1874/1853/1853
f 1875/1854/1854 1874/1853/1853 1872/1851/1851
f 1872/1851/1851 1873/1852/1852 1875/1854/1854
f 1876/1855/1855 1875/1854/1854 1873/1852/1852
f 1871/1850/1850 1867/1846/1846 1870/1849/1849
f 1867/1846/1846 1871/1850/1850 1877/1856/1856
f 1874/1853/1853 1877/1856/1856 1871/1850/1850
f 1877/1856/1856 1874/1853/1853 1878/1857/1857
f 1874/1853/1853 1875/1854/1854 1878/1857/1857
f 1879/1858/1858 1878/1857/1857 1875/1854/1854
f 1879/1858/1858 1875/1854/1854 1880/1859/1859
f 1876/1855/1855 1880/1859/1859 1875/1854/1854
f 1881/1860/1860 1880/1859/1859 1876/1855/1855
f 1866/1845/1845 1873/1852/1852 1864/1843/1843
f 1866/1845/1845 1876/1855/1855 1873/1852/1852
f 1876/1855/1855 1866/1845/1845 1882/1861/1861
f 1876/1855/1855 1882/1861/1861 1881/1860/1860
f 1883/1862/1862 1881/1860/1860 1882/1861/1861
f 1883/1862/1862 1884/1863/1863 1881/1860/1860
f 1883/1862/1862 1885/1864/1864 1884/1863/1863
f 1885/1864/1864 1883/1862/1862 1886/1865/1865
f 1887/1866/1866 1885/1864/1864 1886/1865/1865
f 1888/1867/1867 1887/1866/1866 1886/1865/1865
f 1865/1844/1844 1889/1868/1868 1866/1845/1845
f 1889/1868/1868 1882/1861/1861 1866/1845/1845
f 1890/1869/1869 1882/1861/1861 1889/1868/1868
f 1882/1861/1861 1890/1869/1869 1883/1862/1862
f 1891/1870/1865 1883/1862/1862 1890/1869/1869
f 1891/1870/1865 1886/1865/1865 1883/1862/1862
f 1886/1865/1865 1891/1870/1865 1892/1871/1870
f 1892/1871/1870 1888/1867/1867 1886/1865/1865
f 1893/1872/1871 1888/1867/1867 1892/1871/1870
f 1893/1872/1871 1894/1873/1872 1888/1867/1867
f 1895/1874/1873 1896/1875/1874 1897/1876/1875
f 1896/1875/1874 1898/1877/1876 1897/1876/1875
f 1899/1878/1877 1898/1877/1876 1896/1875/1874
f 1899/1878/1877 1900/1879/1878 1898/1877/1876
f 1901/1880/1879 1900/1879/1878 1899/1878/1877
f 1900/1879/1878 1901/1880/1879 1889/1868/1868
f 1890/1869/1869 1889/1868/1868 1901/1880/1879
f 1902/1881/1880 1890/1869/1869 1901/1880/1879
f 1902/1881/1880 1891/1870/1865 1890/1869/1869
f 1902/1881/1880 1892/1871/1870 1891/1870/1865
f 1853/1832/1833 1852/1831/1832 1863/1842/1842
f 1863/1842/1842 1852/1831/1832 1865/1844/1844
f 1903/1882/1881 1865/1844/1844 1852/1831/1832
f 1889/1868/1868 1865/1844/1844 1903/1882/1881
f 1900/1879/1878 1889/1868/1868 1903/1882/1881
f 1900/1879/1878 1903/1882/1881 1898/1877/1876
f 1904/1883/1882 1905/1884/1883 1906/1885/1884
f 1905/1884/1883 1904/1883/1882 1895/1874/1873
f 1905/1884/1883 1895/1874/1873 1907/1886/1885
f 1907/1886/1885 1895/1874/1873 1897/1876/1875
f 1897/1876/1875 1908/1887/1886 1907/1886/1885
f 1898/1877/1876 1908/1887/1886 1897/1876/1875
f 1898/1877/1876 1909/1888/1887 1908/1887/1886
f 1909/1888/1887 1898/1877/1876 1903/1882/1881
f 1847/1826/1827 1909/1888/1887 1903/1882/1881
f 1847/1826/1827 1903/1882/1881 1852/1831/1832
f 1910/1889/1888 1905/1884/1883 1907/1886/1885
f 1910/1889/1888 1907/1886/1885 1911/1890/1889
f 1832/1811/1812 1909/1888/1887 1847/1826/1827
f 1909/1888/1887 1832/1811/1812 1912/1891/1890
f 1908/1887/1886 1909/1888/1887 1912/1891/1890
f 1908/1887/1886 1912/1891/1890 1913/1892/1891
f 1907/1886/1885 1908/1887/1886 1913/1892/1891
f 1914/1893/1892 1907/1886/1885 1913/1892/1891
f 1907/1886/1885 1914/1893/1892 1911/1890/1889
f 1915/1894/1893 1911/1890/1889 1914/1893/1892
f 1315/1299/1306 1911/1890/1889 1915/1894/1893
f 1915/1894/1893 1814/1793/1794 1315/1299/1306
f 1816/1795/1796 1815/1794/1795 1824/1803/1804
f 1824/1803/1804 1815/1794/1795 1814/1793/1794
f 1814/1793/1794 1916/1895/1894 1824/1803/1804
f 1916/1895/1894 1814/1793/1794 1915/1894/1893
f 1914/1893/1892 1916/1895/1894 1915/1894/1893
f 1916/1895/1894 1914/1893/1892 1917/1896/1895
f 1913/1892/1891 1917/1896/1895 1914/1893/1892
f 1917/1896/1895 1913/1892/1891 1912/1891/1890
f 1832/1811/1812 1917/1896/1895 1912/1891/1890
f 1832/1811/1812 1826/1805/1806 1917/1896/1895
f 1826/1805/1806 1824/1803/1804 1916/1895/1894
f 1826/1805/1806 1916/1895/1894 1917/1896/1895
f 1918/1897/1896 1919/1898/1897 1920/1899/1898
f 1919/1898/1897 1921/1900/1899 1920/1899/1898
f 1922/1901/1900 1921/1900/1899 1919/1898/1897
f 1921/1900/1899 1922/1901/1900 1082/1066/1073
f 1920/1899/1898 1921/1900/1899 1923/1902/1373
f 1921/1900/1899 1924/1903/1901 1925/1904/1902
f 1923/1902/1373 1921/1900/1899 1925/1904/1902
f 1926/1905/1371 1923/1902/1373 1925/1904/1902
f 1927/1906/1903 1923/1902/1373 1926/1905/1371
f 1928/1907/1904 1929/1908/1905 1930/1909/1906
f 1931/1910/1907 1929/1908/1905 1928/1907/1904
f 1929/1908/1905 1931/1910/1907 1932/1911/1908
f 1933/1912/1909 1932/1911/1908 1931/1910/1907
f 1932/1911/1908 1933/1912/1909 1934/1913/1910
f 1933/1912/1909 1922/1901/1900 1934/1913/1910
f 1922/1901/1900 1933/1912/1909 1935/1914/1911
f 1935/1914/1911 1082/1066/1073 1922/1901/1900
f 1082/1066/1073 1935/1914/1911 1079/1063/1070
f 1078/1062/1069 1082/1066/1073 1079/1063/1070
f 1933/1912/1909 1936/1915/1912 1935/1914/1911
f 1936/1915/1912 1933/1912/1909 1931/1910/1907
f 1937/1916/1913 1938/1917/1914 1939/1918/1915
f 1939/1918/1915 1928/1907/1904 1937/1916/1913
f 1928/1907/1904 1939/1918/1915 1931/1910/1907
f 1931/1910/1907 1939/1918/1915 1936/1915/1912
f 1939/1918/1915 1940/1919/1916 1936/1915/1912
f 1936/1915/1912 1940/1919/1916 1935/1914/1911
f 1940/1919/1916 1080/1064/1071 1935/1914/1911
f 1935/1914/1911 1080/1064/1071 1077/1061/1068
f 1935/1914/1911 1077/1061/1068 1079/1063/1070
f 1939/1918/1915 1938/1917/1914 1940/1919/1916
f 1941/1920/1917 1075/1059/1066 1080/1064/1071
f 1940/1919/1916 1941/1920/1917 1080/1064/1071
f 1942/1921/1918 1941/1920/1917 1940/1919/1916
f 1938/1917/1914 1942/1921/1918 1940/1919/1916
f 1943/1922/843 1942/1921/1918 1938/1917/1914
f 1943/1922/843 1938/1917/1914 1944/1923/1919
f 1938/1917/1914 1937/1916/1913 1944/1923/1919
f 1944/1923/1919 1937/1916/1913 1945/1924/1920
f 1937/1916/1913 1928/1907/1904 1945/1924/1920
f 1945/1924/1920 1928/1907/1904 1930/1909/1906
f 1942/1921/1918 1943/1922/843 1946/1925/1921
f 1947/1926/1707 1945/1924/1920 1930/1909/1906
f 1948/1927/1922 1945/1924/1920 1947/1926/1707
f 1948/1927/1922 1944/1923/1919 1945/1924/1920
f 1944/1923/1919 1948/1927/1922 1949/1928/839
f 1949/1928/839 1948/1927/1922 1950/1929/1708
f 1950/1929/1708 1951/1930/838 1949/1928/839
f 1952/1931/833 1951/1930/838 1950/1929/1708
f 1950/1929/1708 1953/1932/1711 1952/1931/833
f 1950/1929/1708 1948/1927/1922 1947/1926/1707
f 1942/1921/1918 1954/1933/1923 1955/1934/1924
f 1946/1925/1921 1954/1933/1923 1942/1921/1918
f 1954/1933/1923 1946/1925/1921 1956/1935/1925
f 1957/1936/863 1956/1935/1925 1946/1925/1921
f 1956/1935/1925 1957/1936/863 1958/1937/862
f 1958/1937/862 1959/1938/1926 1956/1935/1925
f 1959/1938/1926 1958/1937/862 1960/1939/1927
f 1960/1939/1927 1017/1001/1008 1959/1938/1926
f 1017/1001/1008 1960/1939/1927 1006/990/924
f 1005/989/997 1017/1001/1008 1006/990/924
f 1016/1000/1007 1015/999/1006 1024/1008/1015
f 1016/1000/1007 1024/1008/1015 1961/1940/1928
f 1017/1001/1008 1016/1000/1007 1961/1940/1928
f 1961/1940/1928 1954/1933/1923 1017/1001/1008
f 1959/1938/1926 1017/1001/1008 1954/1933/1923
f 1954/1933/1923 1956/1935/1925 1959/1938/1926
f 1954/1933/1923 1961/1940/1928 1955/1934/1924
f 1955/1934/1924 1961/1940/1928 1024/1008/1015
f 1056/1040/1047 1025/1009/1016 1032/1016/1023
f 1025/1009/1016 1056/1040/1047 1064/1048/1055
f 1064/1048/1055 1028/1012/1019 1025/1009/1016
f 1064/1048/1055 1076/1060/1067 1028/1012/1019
f 1023/1007/1014 1028/1012/1019 1076/1060/1067
f 1023/1007/1014 1076/1060/1067 1075/1059/1066
f 1024/1008/1015 1023/1007/1014 1075/1059/1066
f 1075/1059/1066 1941/1920/1917 1024/1008/1015
f 1024/1008/1015 1941/1920/1917 1955/1934/1924
f 1941/1920/1917 1942/1921/1918 1955/1934/1924
f 1962/1941/1929 1963/1942/1930 1964/1943/1931
f 1962/1941/1929 1964/1943/1931 1965/1944/1932
f 1966/1945/1933 1962/1941/1929 1965/1944/1932
f 1967/1946/1934 1963/1942/1930 1968/1947/1935
f 1968/1947/1935 1963/1942/1930 1962/1941/1929
f 1969/1948/1936 1968/1947/1935 1962/1941/1929
f 1962/1941/1929 1966/1945/1933 1969/1948/1936
f 1969/1948/1936 1966/1945/1933 1970/1949/1937
f 1970/1949/1937 1966/1945/1933 1971/1950/1938
f 1972/1951/1939 1970/1949/1937 1971/1950/1938
f 1972/1951/1939 1973/1952/1940 1970/1949/1937
f 1974/1953/1941 1970/1949/1937 1973/1952/1940
f 1975/1954/1942 1974/1953/1941 1973/1952/1940
f 1970/1949/1937 1974/1953/1941 1969/1948/1936
f 1968/1947/1935 1976/1955/1943 1967/1946/1934
f 1976/1955/1943 1968/1947/1935 1977/1956/1944
f 1968/1947/1935 1969/1948/1936 1977/1956/1944
f 1978/1953/1945 1977/1956/1944 1969/1948/1936
f 1978/1953/1945 1979/1957/1946 1977/1956/1944
f 1980/1958/1947 1977/1956/1944 1979/1957/1946
f 1977/1956/1944 1980/1958/1947 1981/1959/1948
f 1982/1960/1949 1981/1959/1948 1980/1958/1947
f 1981/1959/1948 1982/1960/1949 1983/1961/1950
f 1984/1962/1951 1983/1961/1950 1982/1960/1949
f 1985/1963/1952 1984/1962/1951 1986/1964/1953
f 1984/1962/1951 1987/1965/1954 1986/1964/1953
f 1987/1965/1954 1984/1962/1951 1982/1960/1949
f 1982/1960/1949 1980/1958/1947 1987/1965/1954
f 1987/1965/1954 1980/1958/1947 1988/1966/1955
f 1989/1957/1956 1988/1966/1955 1980/1958/1947
f 1989/1957/1956 1974/1953/1941 1975/1954/1942
f 1990/1967/1957 1989/1957/1956 1975/1954/1942
f 1989/1957/1956 1990/1967/1957 1988/1966/1955
f 1991/1968/1958 1988/1966/1955 1990/1967/1957
f 1987/1965/1954 1988/1966/1955 1991/1968/1958
f 1992/1969/1959 1987/1965/1954 1991/1968/1958
f 1987/1965/1954 1992/1969/1959 1986/1964/1953
f 1993/1970/1960 1986/1964/1953 1992/1969/1959
f 1986/1964/1953 1993/1970/1960 1985/1963/1952
f 1993/1970/1960 1994/1971/1961 1985/1963/1952
f 1995/1972/1962 1990/1967/1957 1975/1954/1942
f 1996/1973/1963 1990/1967/1957 1995/1972/1962
f 1990/1967/1957 1996/1973/1963 1991/1968/1958
f 1997/1974/1964 1991/1968/1958 1996/1973/1963
f 1992/1969/1959 1991/1968/1958 1997/1974/1964
f 1994/1971/1961 1992/1969/1959 1997/1974/1964
f 1992/1969/1959 1994/1971/1961 1993/1970/1960
f 1994/1971/1961 1997/1974/1964 1998/1975/1965
f 1999/1976/1966 1994/1971/1961 1998/1975/1965
f 1994/1971/1961 2000/1977/1967 1985/1963/1952
f 2000/1977/1967 1994/1971/1961 1999/1976/1966
f 1999/1976/1966 2001/1978/1968 2000/1977/1967
f 2000/1977/1967 2001/1978/1968 2002/1979/1969
f 2000/1977/1967 2002/1979/1969 2003/1980/1970
f 2002/1979/1969 2004/1981/1971 2003/1980/1970
f 2005/1982/1972 2003/1980/1970 2004/1981/1971
f 2005/1982/1972 2000/1977/1967 2003/1980/1970
f 1985/1963/1952 2000/1977/1967 2005/1982/1972
f 2005/1982/1972 1984/1962/1951 1985/1963/1952
f 2004/1981/1971 2002/1979/1969 2006/1983/1973
f 2007/1984/1974 1983/1961/1950 1984/1962/1951
f 2005/1982/1972 2007/1984/1974 1984/1962/1951
f 2008/1985/1975 2007/1984/1974 2005/1982/1972
f 2004/1981/1971 2008/1985/1975 2005/1982/1972
f 2008/1985/1975 2004/1981/1971 2009/1986/1976
f 2006/1983/1973 2009/1986/1976 2004/1981/1971
f 2010/1987/1977 2009/1986/1976 2006/1983/1973
f 2002/1979/1969 2010/1987/1977 2006/1983/1973
f 2010/1987/1977 2002/1979/1969 2011/1988/1978
f 2002/1979/1969 2012/1989/1979 2011/1988/1978
f 2013/1990/1968 2012/1989/1979 2002/1979/1969
f 2014/1991/1980 2015/1992/1981 2013/1990/1968
f 2012/1989/1979 2013/1990/1968 2015/1992/1981
f 2016/1993/1982 2017/1994/1983 2018/1995/1984
f 2011/1988/1978 2017/1994/1983 2016/1993/1982
f 2011/1988/1978 2016/1993/1982 2010/1987/1977
f 2017/1994/1983 2011/1988/1978 2012/1989/1979
f 2015/1992/1981 2017/1994/1983 2012/1989/1979
f 2015/1992/1981 2019/1996/1985 2017/1994/1983
f 2019/1996/1985 2018/1995/1984 2017/1994/1983
f 2018/1995/1984 2019/1996/1985 2020/1997/1986
f 2020/1997/1986 2021/1998/1987 2018/1995/1984
f 2021/1998/1987 2020/1997/1986 2022/1999/1988
f 2022/1999/1988 2023/2000/1989 2021/1998/1987
f 2023/2000/1989 2022/1999/1988 2024/2001/1990
f 2024/2001/1990 2025/2002/1991 2023/2000/1989
f 2026/2003/1992 2023/2000/1989 2025/2002/1991
f 2025/2002/1991 2027/2004/1993 2026/2003/1992
f 2027/2004/1993 2025/2002/1991 2028/2005/1994
f 2029/2006/1995 2028/2005/1994 2030/2007/1996
f 2028/2005/1994 2029/2006/1995 2027/2004/1993
f 2029/2006/1995 2031/2008/1997 2027/2004/1993
f 2031/2008/1997 2032/2009/1998 2027/2004/1993
f 2032/2009/1998 2026/2003/1992 2027/2004/1993
f 2026/2003/1992 2032/2009/1998 2033/2010/1999
f 2028/2005/1994 2034/2011/2000 2035/2007/2001
f 2036/2012/2002 2037/2013/2003 2038/2014/2004
f 2036/2012/2002 2033/2010/1999 2037/2013/2003
f 2037/2013/2003 2033/2010/1999 2039/2015/2005
f 2033/2010/1999 2032/2009/1998 2039/2015/2005
f 2032/2009/1998 2040/2016/2006 2039/2015/2005
f 2040/2016/2006 2032/2009/1998 2031/2008/1997
f 2040/2016/2006 2031/2008/1997 2041/2017/2007
f 2040/2016/2006 2041/2017/2007 2042/2018/2008
f 2042/2018/2008 2043/2019/2009 2040/2016/2006
f 2043/2019/2009 2042/2018/2008 2044/2020/2010
f 2045/2021/2011 2043/2019/2009 2046/2022/2012
f 2047/2023/2013 2048/2024/2014 2049/2025/2015
f 2046/2022/2012 2049/2025/2015 2048/2024/2014
f 2050/2026/2016 2046/2022/2012 2048/2024/2014
f 2046/2022/2012 2050/2026/2016 2045/2021/2011
f 2037/2013/2003 2045/2021/2011 2050/2026/2016
f 2037/2013/2003 2039/2015/2005 2045/2021/2011
f 2045/2021/2011 2039/2015/2005 2043/2019/2009
f 2039/2015/2005 2040/2016/2006 2043/2019/2009
f 2038/2014/2004 2037/2013/2003 2051/2027/2017
f 2037/2013/2003 2050/2026/2016 2051/2027/2017
f 2052/2028/2018 2051/2027/2017 2050/2026/2016
f 2050/2026/2016 2048/2024/2014 2052/2028/2018
f 2053/2029/2019 2054/2030/2020 2055/2031/2021
f 2054/2030/2020 2053/2029/2019 2038/2014/2004
f 2054/2030/2020 2038/2014/2004 2051/2027/2017
f 2054/2030/2020 2051/2027/2017 2056/2032/2022
f 2051/2027/2017 2052/2028/2018 2056/2032/2022
f 2056/2032/2022 2052/2028/2018 2057/2033/2023
f 2057/2033/2023 2052/2028/2018 1976/1955/1943
f 2052/2028/2018 2058/2034/2024 1976/1955/1943
f 2052/2028/2018 2047/2023/2013 2058/2034/2024
f 2048/2024/2014 2047/2023/2013 2052/2028/2018
f 2055/2031/2021 2054/2030/2020 2056/2032/2022
f 2057/2033/2023 1976/1955/1943 1977/1956/1944
f 1977/1956/1944 2059/2035/2025 2057/2033/2023
f 2056/2032/2022 2057/2033/2023 2059/2035/2025
f 2060/2036/2026 2056/2032/2022 2059/2035/2025
f 2060/2036/2026 2055/2031/2021 2056/2032/2022
f 2060/2036/2026 2061/2037/2027 2055/2031/2021
f 2061/2037/2027 2053/2029/2019 2055/2031/2021
f 2053/2029/2019 2061/2037/2027 2062/2038/2028
f 2062/2038/2028 2038/2014/2004 2053/2029/2019
f 2038/2014/2004 2062/2038/2028 2036/2012/2002
f 2061/2037/2027 2060/2036/2026 2063/2039/2029
f 2064/2040/2030 2063/2039/2029 2060/2036/2026
f 2060/2036/2026 2059/2035/2025 2064/2040/2030
f 1981/1959/1948 2059/2035/2025 1977/1956/1944
f 2064/2040/2030 2059/2035/2025 1981/1959/1948
f 2064/2040/2030 1981/1959/1948 1983/1961/1950
f 1983/1961/1950 2007/1984/1974 2064/2040/2030
f 2063/2039/2029 2064/2040/2030 2007/1984/1974
f 2007/1984/1974 2008/1985/1975 2063/2039/2029
f 2008/1985/1975 2061/2037/2027 2063/2039/2029
f 2061/2037/2027 2008/1985/1975 2009/1986/1976
f 2065/2041/2031 2061/2037/2027 2009/1986/1976
f 2009/1986/1976 2010/1987/1977 2065/2041/2031
f 2066/2042/2032 2026/2003/1992 2033/2010/1999
f 2036/2012/2002 2066/2042/2032 2033/2010/1999
f 2066/2042/2032 2036/2012/2002 2067/2043/2033
f 2067/2043/2033 2036/2012/2002 2062/2038/2028
f 2068/2044/2034 2067/2043/2033 2062/2038/2028
f 2061/2037/2027 2068/2044/2034 2062/2038/2028
f 2068/2044/2034 2061/2037/2027 2065/2041/2031
f 2065/2041/2031 2069/2045/2035 2068/2044/2034
f 2070/2046/2036 2068/2044/2034 2069/2045/2035
f 2069/2045/2035 2071/2047/2037 2070/2046/2036
f 2072/2048/2038 2070/2046/2036 2073/2049/2039
f 2071/2047/2037 2073/2049/2039 2070/2046/2036
f 2073/2049/2039 2071/2047/2037 2074/2050/2040
f 2075/2051/2041 2073/2049/2039 2074/2050/2040
f 2073/2049/2039 2075/2051/2041 2072/2048/2038
f 2066/2042/2032 2072/2048/2038 2075/2051/2041
f 2066/2042/2032 2067/2043/2033 2072/2048/2038
f 2072/2048/2038 2067/2043/2033 2070/2046/2036
f 2067/2043/2033 2068/2044/2034 2070/2046/2036
f 2069/2045/2035 2065/2041/2031 2010/1987/1977
f 2010/1987/1977 2016/1993/1982 2069/2045/2035
f 2071/2047/2037 2069/2045/2035 2016/1993/1982
f 2071/2047/2037 2016/1993/1982 2018/1995/1984
f 2018/1995/1984 2074/2050/2040 2071/2047/2037
f 2074/2050/2040 2018/1995/1984 2021/1998/1987
f 2021/1998/1987 2023/2000/1989 2074/2050/2040
f 2075/2051/2041 2074/2050/2040 2023/2000/1989
f 2023/2000/1989 2026/2003/1992 2075/2051/2041
f 2026/2003/1992 2066/2042/2032 2075/2051/2041
f 2076/2052/2042 2077/2053/2043 2078/2054/2044
f 2079/2055/2045 2080/2056/2046 2081/2057/2047
f 2082/2058/2048 2080/2056/2046 2079/2055/2045
f 2082/2058/2048 2083/2059/2049 2080/2056/2046
f 2083/2059/2049 2082/2058/2048 2077/2053/2043
f 2082/2058/2048 2078/2054/2044 2077/2053/2043
f 2082/2058/2048 2084/2060/2050 2078/2054/2044
f 2085/2061/2051 2078/2054/2044 2084/2060/2050
f 2078/2054/2044 2085/2061/2051 2076/2052/2042
f 2085/2061/2051 2086/2062/2052 2076/2052/2042
f 2076/2052/2042 2086/2062/2052 2087/2063/2053
f 2084/2060/2050 2082/2058/2048 2079/2055/2045
f 2079/2055/2045 2088/2064/2054 2089/2065/2055
f 2079/2055/2045 2089/2065/2055 2084/2060/2050
f 2090/2066/2056 2084/2060/2050 2089/2065/2055
f 2085/2061/2051 2084/2060/2050 2090/2066/2056
f 2091/2067/2057 2085/2061/2051 2090/2066/2056
f 2085/2061/2051 2091/2067/2057 2086/2062/2052
f 2086/2062/2052 2091/2067/2057 2092/2068/2058
f 2093/2069/2059 2086/2062/2052 2092/2068/2058
f 2092/2068/2058 2094/2070/2060 2093/2069/2059
f 2094/2070/2060 2092/2068/2058 2095/2071/2061
f 2095/2071/2061 2092/2068/2058 2091/2067/2057
f 2095/2071/2061 2091/2067/2057 2096/2072/2062
f 2090/2066/2056 2096/2072/2062 2091/2067/2057
f 2097/2073/2063 2090/2066/2056 2089/2065/2055
f 2095/2071/2061 2098/2074/2064 2094/2070/2060
f 2095/2071/2061 2096/2072/2062 2098/2074/2064
f 2096/2072/2062 2099/2075/2065 2098/2074/2064
f 2090/2066/2056 2099/2075/2065 2096/2072/2062
f 2099/2075/2065 2090/2066/2056 2100/2076/2066
f 2090/2066/2056 2097/2073/2063 2100/2076/2066
f 2101/2077/2067 2100/2076/2066 2097/2073/2063
f 2097/2073/2063 2089/2065/2055 2101/2077/2067
f 2089/2065/2055 2102/2078/2068 2101/2077/2067
f 2102/2078/2068 2089/2065/2055 2088/2064/2054
f 2099/2075/2065 2100/2076/2066 2103/2079/2069
f 2103/2079/2069 2104/2080/2070 2105/2081/2071
f 2105/2081/2071 2099/2075/2065 2103/2079/2069
f 2099/2075/2065 2105/2081/2071 2106/2082/2072
f 2098/2074/2064 2099/2075/2065 2106/2082/2072
f 2098/2074/2064 2106/2082/2072 2107/2083/2073
f 2106/2082/2072 2108/2084/2074 2109/2085/2075
f 2108/2084/2074 2106/2082/2072 2105/2081/2071
f 2105/2081/2071 2110/2086/2076 2108/2084/2074
f 2104/2080/2070 2110/2086/2076 2105/2081/2071
f 2110/2086/2076 2104/2080/2070 2111/2087/2077
f 2104/2080/2070 2112/2088/2078 2111/2087/2077
f 2104/2080/2070 2103/2079/2069 2112/2088/2078
f 2103/2079/2069 2113/2089/2079 2112/2088/2078
f 2100/2076/2066 2113/2089/2079 2103/2079/2069
f 2113/2089/2079 2100/2076/2066 2114/2090/2080
f 2109/2085/2075 2115/2091/2081 2116/2092/2082
f 2109/2085/2075 2108/2084/2074 2115/2091/2081
f 2108/2084/2074 2117/2093/2083 2115/2091/2081
f 2117/2093/2083 2108/2084/2074 2110/2086/2076
f 2110/2086/2076 2118/2094/2084 2117/2093/2083
f 2118/2094/2084 2110/2086/2076 2119/2095/2085
f 2120/2096/2086 2119/2095/2085 2110/2086/2076
f 2111/2087/2077 2120/2096/2086 2110/2086/2076
f 2111/2087/2077 2121/2097/2087 2120/2096/2086
f 2121/2097/2087 2111/2087/2077 2112/2088/2078
f 2119/2095/2085 2120/2096/2086 2122/2098/695
f 2112/2088/2078 2123/2099/2088 2121/2097/2087
f 2124/2100/2089 2123/2099/2088 2112/2088/2078
f 2124/2100/2089 2125/2101/1308 2123/2099/2088
f 2126/2102/2090 2125/2101/1308 2124/2100/2089
f 2125/2101/1308 2126/2102/2090 2127/2103/2091
f 2126/2102/2090 2128/2104/2092 2127/2103/2091
f 2127/2103/2091 2128/2104/2092 2129/2105/2093
f 2130/2106/2094 2129/2105/2093 2128/2104/2092
f 2130/2106/2094 2131/2107/2095 2129/2105/2093
f 2130/2106/2094 2132/2108/2096 2131/2107/2095
f 2131/2107/2095 2133/2109/2097 2129/2105/2093
f 2132/2108/2096 2130/2106/2094 2134/2110/2098
f 2128/2104/2092 2134/2110/2098 2130/2106/2094
f 2126/2102/2090 2134/2110/2098 2128/2104/2092
f 2134/2110/2098 2126/2102/2090 2114/2090/2080
f 2114/2090/2080 2126/2102/2090 2124/2100/2089
f 2124/2100/2089 2113/2089/2079 2114/2090/2080
f 2113/2089/2079 2124/2100/2089 2112/2088/2078
f 2100/2076/2066 2101/2077/2067 2114/2090/2080
f 2101/2077/2067 2134/2110/2098 2114/2090/2080
f 2135/2111/2099 2134/2110/2098 2101/2077/2067
f 2134/2110/2098 2135/2111/2099 2132/2108/2096
f 2135/2111/2099 2136/2112/2100 2132/2108/2096
f 2132/2108/2096 2136/2112/2100 2137/2113/2101
f 2136/2112/2100 2138/2114/2102 2137/2113/2101
f 2139/2115/2103 2138/2114/2102 2136/2112/2100
f 2140/2116/2104 2138/2114/2102 2139/2115/2103
f 2139/2115/2103 2141/2117/2105 2140/2116/2104
f 2142/2118/2106 2139/2115/2103 2136/2112/2100
f 2142/2118/2106 2136/2112/2100 2135/2111/2099
f 2143/2119/2107 2142/2118/2106 2135/2111/2099
f 2143/2119/2107 2135/2111/2099 2102/2078/2068
f 2102/2078/2068 2135/2111/2099 2101/2077/2067
f 2088/2064/2054 2143/2119/2107 2102/2078/2068
f 2088/2064/2054 2144/2120/2108 2143/2119/2107
f 2144/2120/2108 2142/2118/2106 2143/2119/2107
f 2145/2121/2109 2142/2118/2106 2144/2120/2108
f 2139/2115/2103 2142/2118/2106 2145/2121/2109
f 2141/2117/2105 2139/2115/2103 2145/2121/2109
f 2145/2121/2109 2146/2122/2110 2141/2117/2105
f 2145/2121/2109 2147/2123/2111 2146/2122/2110
f 2144/2120/2108 2147/2123/2111 2145/2121/2109
f 2147/2123/2111 2144/2120/2108 2148/2124/2112
f 2148/2124/2112 2144/2120/2108 2088/2064/2054
f 2141/2117/2105 2149/2125/2113 2140/2116/2104
f 2146/2122/2110 2149/2125/2113 2141/2117/2105
f 2149/2125/2113 2146/2122/2110 2150/2126/2114
f 2151/2127/2115 2150/2126/2114 2146/2122/2110
f 2147/2123/2111 2151/2127/2115 2146/2122/2110
f 2147/2123/2111 2152/2128/2116 2151/2127/2115
f 2148/2124/2112 2152/2128/2116 2147/2123/2111
f 2148/2124/2112 2081/2057/2047 2152/2128/2116
f 2081/2057/2047 2148/2124/2112 2088/2064/2054
f 2079/2055/2045 2081/2057/2047 2088/2064/2054
f 2153/2129/2117 2154/2130/2118 2155/2131/2119
f 2155/2131/2119 2156/2132/2120 2153/2129/2117
f 2156/2132/2120 2155/2131/2119 2151/2127/2115
f 2151/2127/2115 2152/2128/2116 2156/2132/2120
f 2156/2132/2120 2152/2128/2116 2081/2057/2047
f 2157/2133/2121 2156/2132/2120 2081/2057/2047
f 2080/2056/2046 2157/2133/2121 2081/2057/2047
f 2158/2134/2122 2157/2133/2121 2080/2056/2046
f 2158/2134/2122 2080/2056/2046 2083/2059/2049
f 2159/2135/2123 2158/2134/2122 2083/2059/2049
f 2159/2135/2123 2083/2059/2049 2160/2136/2124
f 2153/2129/2117 2159/2135/2123 2160/2136/2124
f 2159/2135/2123 2153/2129/2117 2156/2132/2120
f 2157/2133/2121 2159/2135/2123 2156/2132/2120
f 2159/2135/2123 2157/2133/2121 2158/2134/2122
f 2154/2130/2118 2161/2137/2125 2155/2131/2119
f 2161/2137/2125 2162/2138/2126 2155/2131/2119
f 2155/2131/2119 2162/2138/2126 2151/2127/2115
f 2150/2126/2114 2163/2139/2127 2164/2140/2128
f 2163/2139/2127 2150/2126/2114 2151/2127/2115
f 2151/2127/2115 2165/2141/2129 2163/2139/2127
f 2151/2127/2115 2162/2138/2126 2165/2141/2129
f 2162/2138/2126 2166/2142/2130 2165/2141/2129
f 2162/2138/2126 2161/2137/2125 2166/2142/2130
f 2161/2137/2125 2167/2143/2131 2166/2142/2130
f 2168/2144/2132 2167/2143/2131 2161/2137/2125
f 2169/2145/2133 2167/2143/2131 2168/2144/2132
f 2168/2144/2132 2170/2146/2134 2169/2145/2133
f 2171/2147/2135 2164/2140/2128 2172/2148/2136
f 2164/2140/2128 2173/2149/2137 2172/2148/2136
f 2174/2150/2138 2167/2143/2131 2175/2151/2139
f 2167/2143/2131 2174/2150/2138 2176/2152/2140
f 2167/2143/2131 2176/2152/2140 2166/2142/2130
f 2166/2142/2130 2176/2152/2140 2177/2153/2141
f 2177/2153/2141 2165/2141/2129 2166/2142/2130
f 2165/2141/2129 2177/2153/2141 2163/2139/2127
f 2163/2139/2127 2177/2153/2141 2178/2154/2142
f 2177/2153/2141 2179/2155/2143 2178/2154/2142
f 2178/2154/2142 2179/2155/2143 2180/2156/2144
f 2180/2156/2144 2179/2155/2143 2181/2157/2145
f 2163/2139/2127 2178/2154/2142 2164/2140/2128
f 2164/2140/2128 2178/2154/2142 2173/2149/2137
f 2178/2154/2142 2180/2156/2144 2173/2149/2137
f 2182/2158/2146 2173/2149/2137 2180/2156/2144
f 2180/2156/2144 2183/2159/2147 2182/2158/2146
f 2180/2156/2144 2184/2160/2148 2183/2159/2147
f 2185/2161/2149 2186/2162/2150 2187/2163/2151
f 2187/2163/2151 2188/2164/2152 2185/2161/2149
f 2188/2164/2152 2187/2163/2151 2189/2165/2153
f 2184/2160/2148 2188/2164/2152 2189/2165/2153
f 2184/2160/2148 2189/2165/2153 2190/2166/2154
f 2190/2166/2154 2183/2159/2147 2184/2160/2148
f 2183/2159/2147 2190/2166/2154 2191/2167/2155
f 2182/2158/2146 2183/2159/2147 2191/2167/2155
f 2182/2158/2146 2191/2167/2155 2192/2168/2156
f 2173/2149/2137 2182/2158/2146 2192/2168/2156
f 2193/2169/2157 2191/2167/2155 2190/2166/2154
f 2191/2167/2155 2193/2169/2157 2194/2170/2158
f 2191/2167/2155 2194/2170/2158 2195/2171/2159
f 2195/2171/2159 2192/2168/2156 2191/2167/2155
f 2192/2168/2156 2195/2171/2159 2196/2172/2160
f 2197/2173/2161 2192/2168/2156 2196/2172/2160
f 2197/2173/2161 2196/2172/2160 2198/2174/2162
f 2199/2175/2163 2197/2173/2161 2198/2174/2162
f 2197/2173/2161 2199/2175/2163 2200/2176/2164
f 2200/2176/2164 2199/2175/2163 2201/2177/2165
f 2173/2149/2137 2192/2168/2156 2197/2173/2161
f 2172/2148/2136 2173/2149/2137 2197/2173/2161
f 2200/2176/2164 2172/2148/2136 2197/2173/2161
f 2172/2148/2136 2200/2176/2164 2171/2147/2135
f 2200/2176/2164 2202/2178/2166 2171/2147/2135
f 2202/2178/2166 2200/2176/2164 2201/2177/2165
f 2203/2179/2167 2202/2178/2166 2201/2177/2165
f 2201/2177/2165 2204/2180/2168 2203/2179/2167
f 2204/2180/2168 2201/2177/2165 2205/2181/2169
f 2132/2108/2096 2206/2182/2170 2131/2107/2095
f 2137/2113/2101 2206/2182/2170 2132/2108/2096
f 2206/2182/2170 2137/2113/2101 2203/2179/2167
f 2138/2114/2102 2203/2179/2167 2137/2113/2101
f 2202/2178/2166 2203/2179/2167 2138/2114/2102
f 2138/2114/2102 2140/2116/2104 2202/2178/2166
f 2140/2116/2104 2171/2147/2135 2202/2178/2166
f 2171/2147/2135 2140/2116/2104 2149/2125/2113
f 2164/2140/2128 2171/2147/2135 2149/2125/2113
f 2164/2140/2128 2149/2125/2113 2150/2126/2114
f 2207/2183/2171 2208/2184/2172 2209/2185/2173
f 2210/2186/2174 2211/2187/2175 2209/2185/2173
f 2209/2185/2173 2212/2188/2176 2210/2186/2174
f 2208/2184/2172 2212/2188/2176 2209/2185/2173
f 2208/2184/2172 2213/2189/2177 2212/2188/2176
f 2208/2184/2172 2214/2190/2178 2213/2189/2177
f 2214/2190/2178 2215/2191/2179 2213/2189/2177
f 2214/2190/2178 2216/2192/2180 2215/2191/2179
f 2216/2192/2180 2217/2193/2181 2215/2191/2179
f 980/964/975 2217/2193/2181 2216/2192/2180
f 980/964/975 2218/2194/2182 2217/2193/2181
f 2213/2189/2177 2215/2191/2179 2217/2193/2181
f 2213/2189/2177 2217/2193/2181 2218/2194/2182
f 2212/2188/2176 2213/2189/2177 2218/2194/2182
f 2212/2188/2176 2218/2194/2182 2219/2195/2183
f 2219/2195/2183 2210/2186/2174 2212/2188/2176
f 2210/2186/2174 2219/2195/2183 2220/2196/2184
f 2221/2197/2185 2220/2196/2184 2219/2195/2183
f 2221/2197/2185 2222/2198/2186 2220/2196/2184
f 2220/2196/2184 2222/2198/2186 2223/2199/2187
f 2220/2196/2184 2223/2199/2187 2210/2186/2174
f 2219/2195/2183 2218/2194/2182 2221/2197/2185
f 2218/2194/2182 980/964/975 981/965/976
f 981/965/976 2221/2197/2185 2218/2194/2182
f 969/953/964 2221/2197/2185 981/965/976
f 2221/2197/2185 969/953/964 2222/2198/2186
f 969/953/964 965/949/960 2222/2198/2186
f 2222/2198/2186 965/949/960 2223/2199/2187
f 2223/2199/2187 965/949/960 966/950/961
f 966/950/961 2210/2186/2174 2223/2199/2187
f 2224/2200/2188 2210/2186/2174 966/950/961
f 966/950/961 968/952/963 2224/2200/2188
f 2225/2201/2189 2224/2200/2188 968/952/963
f 2225/2201/2189 968/952/963 967/951/962
f 2226/2202/2190 2225/2201/2189 967/951/962
f 967/951/962 2227/2203/2191 2226/2202/2190
f 2228/2204/754 2226/2202/2190 2227/2203/2191
f 2227/2203/2191 2229/2205/2192 2228/2204/754
f 2230/2206/2193 2231/2207/760 2228/2204/754
f 2231/2207/760 2226/2202/2190 2228/2204/754
f 2231/2207/760 2225/2201/2189 2226/2202/2190
f 2232/2208/2194 2233/2209/763 2234/2210/2195
f 2233/2209/763 2232/2208/2194 2235/2211/2196
f 2235/2211/2196 2236/2212/761 2233/2209/763
f 2236/2212/761 2235/2211/2196 2231/2207/760
f 2231/2207/760 2235/2211/2196 2237/2213/2197
f 2225/2201/2189 2231/2207/760 2237/2213/2197
f 2237/2213/2197 2238/2214/2198 2225/2201/2189
f 2224/2200/2188 2225/2201/2189 2238/2214/2198
f 2238/2214/2198 2211/2187/2175 2224/2200/2188
f 2210/2186/2174 2224/2200/2188 2211/2187/2175
f 2211/2187/2175 2238/2214/2198 2239/2215/2199
f 2238/2214/2198 2240/2216/2200 2239/2215/2199
f 2239/2215/2199 2240/2216/2200 2241/2217/2201
f 2242/2218/2202 2241/2217/2201 2240/2216/2200
f 2242/2218/2202 2240/2216/2200 2232/2208/2194
f 2240/2216/2200 2235/2211/2196 2232/2208/2194
f 2235/2211/2196 2240/2216/2200 2237/2213/2197
f 2237/2213/2197 2240/2216/2200 2238/2214/2198
f 2239/2215/2199 2209/2185/2173 2211/2187/2175
f 2239/2215/2199 2207/2183/2171 2209/2185/2173
f 2207/2183/2171 2239/2215/2199 2243/2219/2203
f 2243/2219/2203 2239/2215/2199 2244/2220/2204
f 2244/2220/2204 2239/2215/2199 2241/2217/2201
f 2244/2220/2204 2241/2217/2201 2245/2221/2205
f 2241/2217/2201 2242/2218/2202 2245/2221/2205
f 2245/2221/2205 2242/2218/2202 2246/2222/2206
f 2232/2208/2194 2246/2222/2206 2242/2218/2202
f 2246/2222/2206 2232/2208/2194 2234/2210/2195
f 2244/2220/2204 2245/2221/2205 2247/2223/2207
f 2208/2184/2172 2248/2224/2208 2249/2225/2209
f 2248/2224/2208 2208/2184/2172 2207/2183/2171
f 2250/2226/2210 2248/2224/2208 2207/2183/2171
f 2207/2183/2171 2243/2219/2203 2250/2226/2210
f 2243/2219/2203 2251/2227/2211 2250/2226/2210
f 2251/2227/2211 2243/2219/2203 2244/2220/2204
f 2244/2220/2204 1194/1178/1185 2251/2227/2211
f 1194/1178/1185 2244/2220/2204 2247/2223/2207
f 1195/1179/1186 1194/1178/1185 2247/2223/2207
f 2245/2221/2205 1195/1179/1186 2247/2223/2207
f 1213/1197/1204 2252/2228/2212 2249/2225/2209
f 1213/1197/1204 2249/2225/2209 2253/2229/2213
f 2253/2229/2213 2249/2225/2209 2248/2224/2208
f 1218/1202/1209 1213/1197/1204 1212/1196/1203
f 1218/1202/1209 2254/2230/2214 1213/1197/1204
f 2252/2228/2212 1213/1197/1204 2254/2230/2214
f 2254/2230/2214 2255/2231/2215 2252/2228/2212
f 1223/1207/1214 1225/1209/1216 1218/1202/1209
f 1225/1209/1216 2256/2232/2216 1218/1202/1209
f 1218/1202/1209 2256/2232/2216 2254/2230/2214
f 2256/2232/2216 2257/2233/2217 2254/2230/2214
f 2257/2233/2217 2255/2231/2215 2254/2230/2214
f 2216/2192/2180 2255/2231/2215 2257/2233/2217
f 2216/2192/2180 2252/2228/2212 2255/2231/2215
f 2216/2192/2180 2214/2190/2178 2252/2228/2212
f 2249/2225/2209 2252/2228/2212 2214/2190/2178
f 2214/2190/2178 2208/2184/2172 2249/2225/2209
f 2256/2232/2216 2258/2234/2218 2257/2233/2217
f 1233/1217/1224 1231/1215/1222 1433/1417/1424
f 1233/1217/1224 1433/1417/1424 1448/1432/1438
f 1448/1432/1438 1224/1208/1215 1233/1217/1224
f 2259/2235/2219 1224/1208/1215 1448/1432/1438
f 1225/1209/1216 1224/1208/1215 2259/2235/2219
f 1225/1209/1216 2259/2235/2219 1446/1430/976
f 1225/1209/1216 1446/1430/976 2256/2232/2216
f 1446/1430/976 1445/1429/1436 2256/2232/2216
f 1445/1429/1436 2258/2234/2218 2256/2232/2216
f 1445/1429/1436 1461/1445/1450 2258/2234/2218
f 1446/1430/976 2259/2235/2219 1448/1432/1438
f 2258/2234/2218 1461/1445/1450 2257/2233/2217
f 2257/2233/2217 1461/1445/1450 2260/2236/2220
f 2216/2192/2180 2257/2233/2217 2260/2236/2220
f 2260/2236/2220 2261/2237/2221 2216/2192/2180
f 2216/2192/2180 2261/2237/2221 980/964/975
f 2261/2237/2221 2262/2238/2222 980/964/975
f 2262/2238/2222 979/963/974 980/964/975
f 2262/2238/2222 2263/2239/2223 979/963/974
f 978/962/973 979/963/974 2263/2239/2223
f 2263/2239/2223 982/966/977 978/962/973
f 1461/1445/1450 1462/1446/1451 2260/2236/2220
f 1462/1446/1451 2264/2240/2180 2260/2236/2220
f 2260/2236/2220 2264/2240/2180 2261/2237/2221
f 2262/2238/2222 2261/2237/2221 2264/2240/2180
f 2264/2240/2180 2265/2241/576 2262/2238/2222
f 2263/2239/2223 2262/2238/2222 2265/2241/576
f 2265/2241/576 2266/2242/2224 2263/2239/2223
f 982/966/977 2263/2239/2223 2266/2242/2224
f 2266/2242/2224 2267/2243/2225 982/966/977
f 2267/2243/2225 987/971/982 982/966/977
f 1462/1446/1451 1460/1444/1449 2268/2244/2226
f 1462/1446/1451 2268/2244/2226 2264/2240/2180
f 2264/2240/2180 2268/2244/2226 2269/2245/2227
f 2264/2240/2180 2269/2245/2227 2265/2241/576
f 2266/2242/2224 2265/2241/576 2269/2245/2227
f 2269/2245/2227 2270/2246/2228 2266/2242/2224
f 2267/2243/2225 2266/2242/2224 2270/2246/2228
f 2270/2246/2228 2269/2245/2227 2268/2244/2226
f 987/971/982 2267/2243/2225 2271/2247/2229
f 2270/2246/2228 2271/2247/2229 2267/2243/2225
f 2271/2247/2229 2270/2246/2228 2272/2248/2230
f 2268/2244/2226 2272/2248/2230 2270/2246/2228
f 2268/2244/2226 2273/2249/2231 2272/2248/2230
f 2273/2249/2231 2274/2250/301 2272/2248/2230
f 1460/1444/1449 1469/1453/1458 2275/2251/2232
f 2268/2244/2226 1460/1444/1449 2275/2251/2232
f 2275/2251/2232 2276/2252/2233 2268/2244/2226
f 2273/2249/2231 2268/2244/2226 2276/2252/2233
f 2276/2252/2233 2277/2253/300 2273/2249/2231
f 1469/1453/1458 1468/1452/1457 2278/2254/318
f 1469/1453/1458 2278/2254/318 2275/2251/2232
f 2275/2251/2232 2278/2254/318 2276/2252/2233
f 2278/2254/318 2279/2255/313 2276/2252/2233
f 2280/2256/2234 2281/2257/2235 2282/2258/2236
f 2283/2259/2237 2284/2260/2238 2285/2261/2239
f 2283/2259/2237 2285/2261/2239 2286/2262/2240
f 2283/2259/2237 2286/2262/2240 2287/2263/2241
f 2288/2264/2242 2287/2263/2241 2286/2262/2240
f 2287/2263/2241 2288/2264/2242 2289/2265/2243
f 2290/2266/2244 2289/2265/2243 2288/2264/2242
f 2282/2258/2236 2290/2266/2244 2288/2264/2242
f 2288/2264/2242 2291/2267/2245 2282/2258/2236
f 2291/2267/2245 2280/2256/2234 2282/2258/2236
f 2291/2267/2245 2292/2268/2246 2280/2256/2234
f 2293/2269/2247 2294/2270/2248 2295/2271/2249
f 2294/2270/2248 2285/2261/2239 2295/2271/2249
f 2294/2270/2248 2296/2272/2250 2285/2261/2239
f 2285/2261/2239 2296/2272/2250 2286/2262/2240
f 2296/2272/2250 2288/2264/2242 2286/2262/2240
f 2297/2273/2251 2288/2264/2242 2296/2272/2250
f 2291/2267/2245 2288/2264/2242 2297/2273/2251
f 2297/2273/2251 2298/2274/2252 2291/2267/2245
f 2298/2274/2252 2292/2268/2246 2291/2267/2245
f 2298/2274/2252 2299/2275/2253 2292/2268/2246
f 2300/2276/2254 2292/2268/2246 2301/2277/2255
f 2292/2268/2246 2302/2278/2256 2301/2277/2255
f 2302/2278/2256 2292/2268/2246 2299/2275/2253
f 2299/2275/2253 2303/2279/2257 2302/2278/2256
f 2303/2279/2257 2299/2275/2253 2304/2280/2258
f 2304/2280/2258 2305/2281/2259 2303/2279/2257
f 2305/2281/2259 2304/2280/2258 2306/2282/2260
f 2306/2282/2260 2307/2283/2261 2305/2281/2259
f 2280/2256/2234 2292/2268/2246 2308/2284/2262
f 2308/2284/2262 2292/2268/2246 2300/2276/2254
f 2300/2276/2254 2309/2285/2263 2308/2284/2262
f 2309/2285/2263 2300/2276/2254 2310/2286/2264
f 2300/2276/2254 2301/2277/2255 2310/2286/2264
f 2301/2277/2255 2311/2287/2174 2310/2286/2264
f 2301/2277/2255 2302/2278/2256 2311/2287/2174
f 2302/2278/2256 2312/2288/2265 2311/2287/2174
f 2312/2288/2265 2302/2278/2256 2303/2279/2257
f 2303/2279/2257 2313/2289/2266 2312/2288/2265
f 2314/2290/2267 2312/2288/2265 2313/2289/2266
f 2313/2289/2266 2315/2291/2268 2314/2290/2267
f 2315/2291/2268 2313/2289/2266 2316/2292/2269
f 2316/2292/2269 2317/2293/2270 2315/2291/2268
f 2303/2279/2257 2305/2281/2259 2313/2289/2266
f 2305/2281/2259 2316/2292/2269 2313/2289/2266
f 2305/2281/2259 2307/2283/2261 2316/2292/2269
f 2318/2294/2271 2316/2292/2269 2307/2283/2261
f 2317/2293/2270 2316/2292/2269 2318/2294/2271
f 2318/2294/2271 2319/2295/2272 2317/2293/2270
f 2319/2295/2272 2318/2294/2271 2320/2296/2273
f 2320/2296/2273 2321/2297/2274 2319/2295/2272
f 2321/2297/2274 2320/2296/2273 2322/2298/501
f 2323/2299/2275 2320/2296/2273 2324/2300/2276
f 2320/2296/2273 2323/2299/2275 2322/2298/501
f 2325/2301/2277 2322/2298/501 2323/2299/2275
f 2322/2298/501 2325/2301/2277 2326/2302/2278
f 2323/2299/2275 2327/2303/2279 2325/2301/2277
f 2328/2304/2280 2329/2305/2281 2327/2303/2279
f 2327/2303/2279 2330/2306/2282 2328/2304/2280
f 2323/2299/2275 2330/2306/2282 2327/2303/2279
f 2330/2306/2282 2323/2299/2275 2331/2307/2283
f 2331/2307/2283 2323/2299/2275 2324/2300/2276
f 2330/2306/2282 2331/2307/2283 2332/2308/2284
f 2333/2309/2285 2334/2310/2286 2332/2308/2284
f 2330/2306/2282 2332/2308/2284 2334/2310/2286
f 2330/2306/2282 2334/2310/2286 2335/2311/2287
f 2328/2304/2280 2330/2306/2282 2335/2311/2287
f 2336/2312/2288 2328/2304/2280 2335/2311/2287
f 2336/2312/2288 2337/2313/2289 2328/2304/2280
f 2337/2313/2289 2329/2305/2281 2328/2304/2280
f 2329/2305/2281 2337/2313/2289 2338/2314/2290
f 2339/2315/2291 2340/2316/2292 2341/2317/2293
f 2340/2316/2292 2342/2318/2294 2341/2317/2293
f 2341/2317/2293 2342/2318/2294 2343/2319/2295
f 2343/2319/2295 2332/2308/2284 2341/2317/2293
f 2344/2320/2296 2341/2317/2293 2332/2308/2284
f 2331/2307/2283 2344/2320/2296 2332/2308/2284
f 2345/2321/2297 2344/2320/2296 2331/2307/2283
f 2331/2307/2283 2324/2300/2276 2345/2321/2297
f 2346/2322/2298 2345/2321/2297 2324/2300/2276
f 2345/2321/2297 2346/2322/2298 2347/2323/2299
f 2348/2324/2300 2342/2318/2294 2340/2316/2292
f 2349/2325/2301 2350/2326/2302 2351/2327/2303
f 2352/2328/2304 2349/2325/2301 2351/2327/2303
f 2351/2327/2303 2353/2329/2305 2352/2328/2304
f 2306/2282/2260 2352/2328/2304 2353/2329/2305
f 2353/2329/2305 2347/2323/2299 2306/2282/2260
f 2306/2282/2260 2347/2323/2299 2307/2283/2261
f 2347/2323/2299 2346/2322/2298 2307/2283/2261
f 2346/2322/2298 2318/2294/2271 2307/2283/2261
f 2318/2294/2271 2346/2322/2298 2324/2300/2276
f 2324/2300/2276 2320/2296/2273 2318/2294/2271
f 2350/2326/2302 2354/2330/2306 2355/2331/2307
f 2355/2331/2307 2351/2327/2303 2350/2326/2302
f 2351/2327/2303 2355/2331/2307 2356/2332/2308
f 2353/2329/2305 2351/2327/2303 2356/2332/2308
f 2356/2332/2308 2357/2333/2309 2353/2329/2305
f 2347/2323/2299 2353/2329/2305 2357/2333/2309
f 2347/2323/2299 2358/2334/2310 2345/2321/2297
f 2358/2334/2310 2347/2323/2299 2357/2333/2309
f 2358/2334/2310 2357/2333/2309 2359/2335/2311
f 2357/2333/2309 2356/2332/2308 2359/2335/2311
f 2356/2332/2308 2360/2336/2312 2359/2335/2311
f 2355/2331/2307 2360/2336/2312 2356/2332/2308
f 2360/2336/2312 2355/2331/2307 2361/2337/2313
f 2355/2331/2307 2354/2330/2306 2361/2337/2313
f 2354/2330/2306 2362/2338/2314 2361/2337/2313
f 2363/2339/2315 2361/2337/2313 2362/2338/2314
f 2360/2336/2312 2361/2337/2313 2364/2340/2316
f 2359/2335/2311 2360/2336/2312 2364/2340/2316
f 2364/2340/2316 2365/2341/2317 2359/2335/2311
f 2339/2315/2291 2359/2335/2311 2365/2341/2317
f 2359/2335/2311 2339/2315/2291 2358/2334/2310
f 2358/2334/2310 2339/2315/2291 2341/2317/2293
f 2358/2334/2310 2341/2317/2293 2344/2320/2296
f 2344/2320/2296 2345/2321/2297 2358/2334/2310
f 2365/2341/2317 2364/2340/2316 2366/2342/2318
f 2367/2343/2319 2365/2341/2317 2366/2342/2318
f 2367/2343/2319 2368/2344/773 2365/2341/2317
f 2368/2344/773 2367/2343/2319 2369/2345/2320
f 2370/2346/2321 2368/2344/773 2369/2345/2320
f 2368/2344/773 2370/2346/2321 2371/2347/2322
f 2371/2347/2322 2365/2341/2317 2368/2344/773
f 2365/2341/2317 2371/2347/2322 2372/2348/2323
f 2339/2315/2291 2365/2341/2317 2372/2348/2323
f 2340/2316/2292 2339/2315/2291 2372/2348/2323
f 2369/2345/2320 2367/2343/2319 2373/2349/115
f 2367/2343/2319 2374/2350/59 2373/2349/115
f 2375/2351/2324 2376/2352/2325 2377/2353/2326
f 2376/2352/2325 2375/2351/2324 2366/2342/2318
f 2375/2351/2324 2367/2343/2319 2366/2342/2318
f 2367/2343/2319 2375/2351/2324 2378/2354/2327
f 2374/2350/59 2367/2343/2319 2378/2354/2327
f 2378/2354/2327 2379/2355/2328 2374/2350/59
f 2380/2356/2329 2379/2355/2328 2378/2354/2327
f 2380/2356/2329 2381/2357/2330 2379/2355/2328
f 2381/2357/2330 2380/2356/2329 2382/2358/2331
f 2383/2359/2332 2382/2358/2331 2380/2356/2329
f 2382/2358/2331 2383/2359/2332 2384/2360/2333
f 2378/2354/2327 2375/2351/2324 2377/2353/2326
f 2385/2361/2334 2378/2354/2327 2377/2353/2326
f 2385/2361/2334 2380/2356/2329 2378/2354/2327
f 2380/2356/2329 2385/2361/2334 2383/2359/2332
f 2386/2362/2335 2387/2363/2336 2388/2364/2337
f 2389/2365/2338 2386/2362/2335 2388/2364/2337
f 2390/2366/2339 2391/2367/2340 2387/2363/2336
f 2387/2363/2336 2386/2362/2335 2390/2366/2339
f 2390/2366/2339 2386/2362/2335 2392/2368/2341
f 2386/2362/2335 2389/2365/2338 2392/2368/2341
f 2393/2369/2342 2392/2368/2341 2389/2365/2338
f 2389/2365/2338 2394/2370/2343 2393/2369/2342
f 2394/2370/2343 2389/2365/2338 2395/2371/2344
f 2396/2372/2345 2397/2373/2346 2391/2367/2340
f 2391/2367/2340 2390/2366/2339 2396/2372/2345
f 2396/2372/2345 2390/2366/2339 2398/2374/2347
f 2398/2374/2347 2390/2366/2339 2392/2368/2341
f 2399/2375/2348 2398/2374/2347 2392/2368/2341
f 2392/2368/2341 2393/2369/2342 2399/2375/2348
f 2399/2375/2348 2393/2369/2342 2400/2376/2349
f 2393/2369/2342 2401/2377/2350 2400/2376/2349
f 2401/2377/2350 2393/2369/2342 2402/2378/2351
f 2394/2370/2343 2402/2378/2351 2393/2369/2342
f 2403/2379/2352 2396/2372/2345 2398/2374/2347
f 2398/2374/2347 2404/2380/2353 2403/2379/2352
f 2404/2380/2353 2398/2374/2347 2399/2375/2348
f 2404/2380/2353 2405/2381/787 2403/2379/2352
f 2406/2382/2354 2407/2383/2355 2408/2384/766
f 2408/2384/766 2409/2385/2356 2406/2382/2354
f 2410/2386/2357 2409/2385/2356 2408/2384/766
f 2409/2385/2356 2410/2386/2357 2404/2380/2353
f 2404/2380/2353 2411/2387/2358 2409/2385/2356
f 2404/2380/2353 2399/2375/2348 2411/2387/2358
f 2399/2375/2348 2412/2388/2359 2411/2387/2358
f 2399/2375/2348 2400/2376/2349 2412/2388/2359
f 2412/2388/2359 2400/2376/2349 2413/2389/2360
f 2400/2376/2349 2401/2377/2350 2413/2389/2360
f 2414/2390/2361 2411/2387/2358 2412/2388/2359
f 2414/2390/2361 2412/2388/2359 2413/2389/2360
f 2415/2391/2362 2409/2385/2356 2411/2387/2358
f 2411/2387/2358 2416/2392/2363 2415/2391/2362
f 2411/2387/2358 2414/2390/2361 2416/2392/2363
f 2417/2393/2364 2416/2392/2363 2414/2390/2361
f 2414/2390/2361 2413/2389/2360 2417/2393/2364
f 2413/2389/2360 2418/2394/2365 2417/2393/2364
f 2418/2394/2365 2413/2389/2360 2419/2395/2366
f 2419/2395/2366 2420/2396/2367 2418/2394/2365
f 2419/2395/2366 2421/2397/2368 2420/2396/2367
f 2421/2397/2368 2422/2398/2369 2420/2396/2367
f 2423/2399/2370 2422/2398/2369 2421/2397/2368
f 2421/2397/2368 2419/2395/2366 2424/2400/2371
f 2425/2401/2372 2415/2391/2362 2416/2392/2363
f 2416/2392/2363 2426/2402/2373 2425/2401/2372
f 2416/2392/2363 2417/2393/2364 2426/2402/2373
f 2417/2393/2364 2427/2403/2374 2426/2402/2373
f 2427/2403/2374 2417/2393/2364 2428/2404/2375
f 2418/2394/2365 2428/2404/2375 2417/2393/2364
f 2428/2404/2375 2418/2394/2365 2429/2405/2376
f 2420/2396/2367 2429/2405/2376 2418/2394/2365
f 2422/2398/2369 2429/2405/2376 2420/2396/2367
f 2430/2406/2377 2431/2407/2378 2415/2391/2362
f 2425/2401/2372 2430/2406/2377 2415/2391/2362
f 2425/2401/2372 2432/2408/2379 2430/2406/2377
f 2432/2408/2379 2425/2401/2372 2426/2402/2373
f 2432/2408/2379 2426/2402/2373 2433/2409/2380
f 2433/2409/2380 2426/2402/2373 2427/2403/2374
f 2427/2403/2374 2434/2410/2381 2433/2409/2380
f 2434/2410/2381 2427/2403/2374 2435/2411/2382
f 2428/2404/2375 2435/2411/2382 2427/2403/2374
f 2435/2411/2382 2428/2404/2375 2436/2412/2383
f 2429/2405/2376 2436/2412/2383 2428/2404/2375
f 2436/2412/2383 2429/2405/2376 2437/2413/2384
f 2438/2414/2385 2439/2415/2386 2440/2416/2387
f 2440/2416/2387 2439/2415/2386 2441/2417/2388
f 2439/2415/2386 2437/2413/2384 2441/2417/2388
f 2442/2418/2389 2437/2413/2384 2439/2415/2386
f 2437/2413/2384 2442/2418/2389 2436/2412/2383
f 2442/2418/2389 2443/2419/2390 2436/2412/2383
f 2436/2412/2383 2443/2419/2390 2435/2411/2382
f 1174/1158/1165 2435/2411/2382 2443/2419/2390
f 2435/2411/2382 1174/1158/1165 2434/2410/2381
f 1176/1160/1167 2434/2410/2381 1174/1158/1165
f 2444/2420/2391 2442/2418/2389 2439/2415/2386
f 2442/2418/2389 2444/2420/2391 2443/2419/2390
f 2444/2420/2391 1174/1158/1165 2443/2419/2390
f 2444/2420/2391 1177/1161/1168 1174/1158/1165
f 1177/1161/1168 2444/2420/2391 2445/2421/2392
f 2445/2421/2392 1168/1152/1159 1177/1161/1168
f 2439/2415/2386 2445/2421/2392 2444/2420/2391
f 1155/1139/1146 1154/1138/1145 2446/2422/2393
f 2446/2422/2393 2447/2423/2370 1155/1139/1146
f 2446/2422/2393 2448/2424/2394 2447/2423/2370
f 2448/2424/2394 2438/2414/2385 2447/2423/2370
f 2448/2424/2394 2449/2425/2395 2438/2414/2385
f 2449/2425/2395 2439/2415/2386 2438/2414/2385
f 2450/2426/2396 2439/2415/2386 2449/2425/2395
f 2445/2421/2392 2439/2415/2386 2450/2426/2396
f 2450/2426/2396 1167/1151/1158 2445/2421/2392
f 1168/1152/1159 2445/2421/2392 1167/1151/1158
f 1165/1149/1156 1167/1151/1158 1154/1138/1145
f 2446/2422/2393 1154/1138/1145 1167/1151/1158
f 1167/1151/1158 2451/2427/2397 2446/2422/2393
f 2448/2424/2394 2446/2422/2393 2451/2427/2397
f 2451/2427/2397 2449/2425/2395 2448/2424/2394
f 2449/2425/2395 2451/2427/2397 2450/2426/2396
f 1167/1151/1158 2450/2426/2396 2451/2427/2397
f 2452/2428/2398 2453/2429/2398 2454/2430/2398
f 2455/2431/2399 2456/2432/2400 2457/2433/2401
f 2455/2431/2399 2457/2433/2401 2458/2434/2402
f 2458/2434/2402 2457/2433/2401 2459/2435/2403
f 2460/2436/2404 2459/2435/2403 2461/2437/2405
f 2459/2435/2403 2460/2436/2404 2462/2438/2406
f 2459/2435/2403 2462/2438/2406 2458/2434/2402
f 2462/2438/2406 2463/2439/2407 2458/2434/2402
f 2463/2439/2407 2455/2431/2399 2458/2434/2402
f 2464/2440/2408 2455/2431/2399 2463/2439/2407
f 2456/2432/2400 2455/2431/2399 2464/2440/2408
f 2464/2440/2408 2465/2441/2409 2456/2432/2400
f 2466/2442/2410 2456/2432/2400 2465/2441/2409
f 2465/2441/2409 2467/2443/2411 2466/2442/2410
f 2463/2439/2407 2468/2444/2412 2464/2440/2408
f 2463/2439/2407 2462/2438/2406 2469/2445/2413
f 2469/2445/2413 2462/2438/2406 2470/2446/2414
f 2470/2446/2414 2462/2438/2406 2460/2436/2404
f 2470/2446/2414 2460/2436/2404 2471/2447/2415
f 2470/2446/2414 2471/2447/2415 2472/2448/2416
f 2470/2446/2414 2472/2448/2416 2473/2449/2417
f 2470/2446/2414 2473/2449/2417 2469/2445/2413
f 2474/2450/2418 2469/2445/2413 2473/2449/2417
f 2474/2450/2418 2463/2439/2407 2469/2445/2413
f 2474/2450/2418 2475/2451/2419 2463/2439/2407
f 2463/2439/2407 2475/2451/2419 2468/2444/2412
f 2468/2444/2412 2475/2451/2419 2476/2452/2420
f 2471/2447/2415 2477/2453/2421 2472/2448/2416
f 2478/2454/2422 2472/2448/2416 2477/2453/2421
f 2478/2454/2422 2473/2449/2417 2472/2448/2416
f 2479/2455/2423 2473/2449/2417 2478/2454/2422
f 2473/2449/2417 2479/2455/2423 2474/2450/2418
f 2480/2456/2424 2474/2450/2418 2479/2455/2423
f 2474/2450/2418 2480/2456/2424 2481/2457/2425
f 2482/2458/2426 2481/2457/2425 2480/2456/2424
f 2482/2458/2426 1085/1069/1076 2481/2457/2425
f 2482/2458/2426 1083/1067/1074 1085/1069/1076
f 1083/1067/1074 2482/2458/2426 2483/2459/2427
f 2477/2453/2421 2484/2460/2428 2478/2454/2422
f 2485/2461/2429 2478/2454/2422 2484/2460/2428
f 2485/2461/2429 2479/2455/2423 2478/2454/2422
f 2486/2462/2430 2479/2455/2423 2485/2461/2429
f 2480/2456/2424 2479/2455/2423 2486/2462/2430
f 2487/2463/2431 2480/2456/2424 2486/2462/2430
f 2480/2456/2424 2487/2463/2431 2482/2458/2426
f 2488/2464/2432 2482/2458/2426 2487/2463/2431
f 2488/2464/2432 2483/2459/2427 2482/2458/2426
f 2483/2459/2427 2488/2464/2432 2489/2465/2433
f 1926/1905/1371 1925/1904/1902 2490/2466/2434
f 2490/2466/2434 1925/1904/1902 2491/2467/2435
f 1925/1904/1902 1924/1903/1901 2491/2467/2435
f 1924/1903/1901 2492/2468/2436 2491/2467/2435
f 2492/2468/2436 2493/2469/2437 2491/2467/2435
f 2493/2469/2437 2492/2468/2436 2489/2465/2433
f 2489/2465/2433 2494/2470/2438 2493/2469/2437
f 2488/2464/2432 2494/2470/2438 2489/2465/2433
f 2488/2464/2432 2487/2463/2431 2494/2470/2438
f 2494/2470/2438 2487/2463/2431 2495/2471/2439
f 2495/2471/2439 2487/2463/2431 2486/2462/2430
f 2495/2471/2439 2486/2462/2430 2485/2461/2429
f 2491/2467/2435 2493/2469/2437 2490/2466/2434
f 2496/2472/2440 2497/2473/2441 2498/2474/2442
f 2498/2474/2442 2484/2460/2428 2496/2472/2440
f 2484/2460/2428 2498/2474/2442 2499/2475/2443
f 2499/2475/2443 2485/2461/2429 2484/2460/2428
f 2500/2476/2444 2485/2461/2429 2499/2475/2443
f 2495/2471/2439 2485/2461/2429 2500/2476/2444
f 2501/2477/2445 2495/2471/2439 2500/2476/2444
f 2495/2471/2439 2501/2477/2445 2494/2470/2438
f 2502/2478/2446 2494/2470/2438 2501/2477/2445
f 2493/2469/2437 2494/2470/2438 2502/2478/2446
f 2500/2476/2444 2503/2479/1492 2504/2480/2447
f 2503/2479/1492 2500/2476/2444 2499/2475/2443
f 2499/2475/2443 2505/2481/1493 2503/2479/1492
f 2505/2481/1493 2499/2475/2443 2498/2474/2442
f 2498/2474/2442 2506/2482/2448 2505/2481/1493
f 2498/2474/2442 2507/2483/2449 2506/2482/2448
f 2507/2483/2449 2498/2474/2442 2497/2473/2441
f 2507/2483/2449 2497/2473/2441 2508/2484/2441
f 2509/2485/2450 2493/2469/2437 2502/2478/2446
f 2490/2466/2434 2493/2469/2437 2509/2485/2450
f 2509/2485/2450 2510/2486/2451 2490/2466/2434
f 2510/2486/2451 2509/2485/2450 2511/2487/1369
f 2509/2485/2450 2502/2478/2446 2511/2487/1369
f 2511/2487/1369 2502/2478/2446 2512/2488/2452
f 2501/2477/2445 2512/2488/2452 2502/2478/2446
f 2512/2488/2452 2501/2477/2445 2513/2489/2453
f 2513/2489/2453 2501/2477/2445 2500/2476/2444
f 2513/2489/2453 2500/2476/2444 2504/2480/2447
f 2514/2490/2454 2515/2491/2455 2516/2492/2456
f 2517/2493/2457 2516/2492/2456 2515/2491/2455
f 2518/2494/2458 2519/2495/2459 2520/2496/2460
f 2521/2497/2461 2520/2496/2460 2519/2495/2459
f 2520/2496/2460 2521/2497/2461 2522/2498/2462
f 2514/2490/2454 2522/2498/2462 2521/2497/2461
f 2522/2498/2462 2514/2490/2454 2523/2499/2463
f 2516/2492/2456 2523/2499/2463 2514/2490/2454
f 2524/2500/2464 2523/2499/2463 2516/2492/2456
f 2516/2492/2456 2517/2493/2457 2524/2500/2464
f 2525/2501/2465 2524/2500/2464 2517/2493/2457
f 2526/2502/2466 2525/2501/2465 2517/2493/2457
f 2524/2500/2464 2525/2501/2465 2527/2503/2467
f 2528/2504/2468 2529/2505/2469 2530/2506/2470
f 2529/2505/2469 2528/2504/2468 2531/2507/2471
f 2528/2504/2468 2532/2508/2472 2531/2507/2471
f 2527/2503/2467 2531/2507/2471 2532/2508/2472
f 2532/2508/2472 2533/2509/2473 2527/2503/2467
f 2527/2503/2467 2533/2509/2473 2524/2500/2464
f 2533/2509/2473 2534/2510/2474 2524/2500/2464
f 2523/2499/2463 2524/2500/2464 2534/2510/2474
f 2523/2499/2463 2534/2510/2474 2535/2511/2475
f 2535/2511/2475 2522/2498/2462 2523/2499/2463
f 2536/2512/2476 2534/2510/2474 2533/2509/2473
f 2533/2509/2473 2532/2508/2472 2536/2512/2476
f 2532/2508/2472 2528/2504/2468 2536/2512/2476
f 2537/2513/2477 2535/2511/2475 2538/2514/2478
f 2539/2515/2479 2540/2516/2480 2541/2517/2481
f 2541/2517/2481 2540/2516/2480 2542/2518/2482
f 2543/2519/2483 2542/2518/2482 2540/2516/2480
f 2543/2519/2483 2540/2516/2480 2538/2514/2478
f 2543/2519/2483 2538/2514/2478 2544/2520/2484
f 2538/2514/2478 2535/2511/2475 2544/2520/2484
f 2544/2520/2484 2535/2511/2475 2545/2521/2485
f 2535/2511/2475 2534/2510/2474 2545/2521/2485
f 2545/2521/2485 2534/2510/2474 2546/2522/2486
f 2534/2510/2474 2536/2512/2476 2546/2522/2486
f 2547/2523/2487 2541/2517/2481 2548/2524/2488
f 2542/2518/2482 2548/2524/2488 2541/2517/2481
f 2548/2524/2488 2542/2518/2482 2549/2525/2489
f 2542/2518/2482 2543/2519/2483 2549/2525/2489
f 2543/2519/2483 2550/2526/2490 2549/2525/2489
f 2543/2519/2483 2544/2520/2484 2550/2526/2490
f 2551/2527/2491 2550/2526/2490 2544/2520/2484
f 2544/2520/2484 2545/2521/2485 2551/2527/2491
f 2551/2527/2491 2545/2521/2485 2552/2528/2492
f 2552/2528/2492 2545/2521/2485 2546/2522/2486
f 2551/2527/2491 2552/2528/2492 2553/2529/2493
f 2553/2529/2493 2554/2530/2494 2551/2527/2491
f 2550/2526/2490 2551/2527/2491 2554/2530/2494
f 2555/2531/2495 2556/2532/2496 2557/2533/2497
f 2552/2528/2492 2556/2532/2496 2555/2531/2495
f 2558/2534/2498 2552/2528/2492 2555/2531/2495
f 2553/2529/2493 2552/2528/2492 2558/2534/2498
f 2558/2534/2498 2559/2535/2499 2553/2529/2493
f 2553/2529/2493 2559/2535/2499 2554/2530/2494
f 2560/2536/2500 2554/2530/2494 2559/2535/2499
f 2554/2530/2494 2560/2536/2500 2550/2526/2490
f 2549/2525/2489 2550/2526/2490 2560/2536/2500
f 2560/2536/2500 2561/2537/2501 2549/2525/2489
f 2559/2535/2499 2561/2537/2501 2560/2536/2500
f 2562/2538/2502 2563/2539/2503 2561/2537/2501
f 2561/2537/2501 2563/2539/2503 2564/2540/2504
f 2561/2537/2501 2559/2535/2499 2562/2538/2502
f 2562/2538/2502 2559/2535/2499 2565/2541/2505
f 2558/2534/2498 2565/2541/2505 2559/2535/2499
f 2566/2542/2506 2565/2541/2505 2558/2534/2498
f 2566/2542/2506 2558/2534/2498 2555/2531/2495
f 2566/2542/2506 2555/2531/2495 2567/2543/2507
f 2568/2544/2508 2567/2543/2507 2555/2531/2495
f 2568/2544/2508 2569/2545/2509 2567/2543/2507
f 2569/2545/2509 2568/2544/2508 2570/2546/2510
f 2571/2547/2511 2569/2545/2509 2570/2546/2510
f 2572/2548/2512 2569/2545/2509 2571/2547/2511
f 2573/2549/2513 2574/2550/2514 2571/2547/2511
f 2574/2550/2514 2572/2548/2512 2571/2547/2511
f 2575/2551/2515 2572/2548/2512 2574/2550/2514
f 2575/2551/2515 2576/2552/2516 2572/2548/2512
f 2576/2552/2516 2577/2553/2517 2572/2548/2512
f 2572/2548/2512 2577/2553/2517 2569/2545/2509
f 2578/2554/2518 2569/2545/2509 2577/2553/2517
f 2570/2546/2510 2579/2555/2519 2571/2547/2511
f 2571/2547/2511 2579/2555/2519 2573/2549/2513
f 2580/2556/2520 2573/2549/2513 2579/2555/2519
f 2573/2549/2513 2580/2556/2520 2574/2550/2514
f 2574/2550/2514 2580/2556/2520 2581/2557/2521
f 2575/2551/2515 2574/2550/2514 2581/2557/2521
f 2582/2558/2522 2575/2551/2515 2581/2557/2521
f 2575/2551/2515 2582/2558/2522 2576/2552/2516
f 2583/2559/2523 2576/2552/2516 2582/2558/2522
f 2583/2559/2523 2584/2560/2524 2576/2552/2516
f 2581/2557/2521 2580/2556/2520 2585/2561/2525
f 2580/2556/2520 2579/2555/2519 2585/2561/2525
f 2586/2562/2526 2587/2563/2527 2588/2564/2528
f 2587/2563/2527 2589/2565/2529 2588/2564/2528
f 2590/2566/2530 2588/2564/2528 2589/2565/2529
f 2583/2559/2523 2590/2566/2530 2589/2565/2529
f 2590/2566/2530 2583/2559/2523 2591/2567/2531
f 2591/2567/2531 2583/2559/2523 2582/2558/2522
f 2591/2567/2531 2582/2558/2522 2592/2568/2532
f 2581/2557/2521 2592/2568/2532 2582/2558/2522
f 2592/2568/2532 2581/2557/2521 2593/2569/2533
f 2585/2561/2525 2593/2569/2533 2581/2557/2521
f 2594/2570/2534 2587/2563/2527 2595/2571/2535
f 2596/2572/2536 2597/2573/2537 2598/2574/2538
f 2597/2573/2537 2596/2572/2536 2599/2575/2539
f 2586/2562/2526 2597/2573/2537 2599/2575/2539
f 2588/2564/2528 2597/2573/2537 2586/2562/2526
f 2597/2573/2537 2588/2564/2528 2600/2576/2540
f 2588/2564/2528 2590/2566/2530 2600/2576/2540
f 2601/2577/2541 2600/2576/2540 2590/2566/2530
f 2590/2566/2530 2591/2567/2531 2601/2577/2541
f 2602/2578/2542 2601/2577/2541 2591/2567/2531
f 2591/2567/2531 2592/2568/2532 2602/2578/2542
f 2603/2579/2543 2602/2578/2542 2592/2568/2532
f 2592/2568/2532 2604/2580/2544 2603/2579/2543
f 2604/2580/2544 2592/2568/2532 2593/2569/2533
f 2601/2577/2541 2602/2578/2542 2605/2581/2545
f 2602/2578/2542 2603/2579/2543 2605/2581/2545
f 2606/2582/2546 2607/2583/2547 2593/2569/2533
f 2608/2584/2548 2593/2569/2533 2607/2583/2547
f 2593/2569/2533 2608/2584/2548 2604/2580/2544
f 2604/2580/2544 2608/2584/2548 2609/2585/2549
f 2609/2585/2549 2603/2579/2543 2604/2580/2544
f 2609/2585/2549 2610/2586/75 2603/2579/2543
f 2611/2587/74 2603/2579/2543 2610/2586/75
f 2611/2587/74 2605/2581/2545 2603/2579/2543
f 2612/2588/2550 2605/2581/2545 2611/2587/74
f 2613/2589/2551 2605/2581/2545 2612/2588/2550
f 2610/2586/75 2609/2585/2549 2614/2590/77
f 2612/2588/2550 2615/2591/2552 2616/2592/2553
f 2613/2589/2551 2612/2588/2550 2616/2592/2553
f 2617/2593/2554 2613/2589/2551 2616/2592/2553
f 2616/2592/2553 2618/2594/2333 2617/2593/2554
f 2618/2594/2333 2616/2592/2553 2619/2595/2555
f 2615/2591/2552 2619/2595/2555 2616/2592/2553
f 2619/2595/2555 2615/2591/2552 2620/2596/2330
f 2621/2597/2556 2613/2589/2551 2617/2593/2554
f 2622/2598/2557 2613/2589/2551 2621/2597/2556
f 2623/2599/2558 2622/2598/2557 2621/2597/2556
f 2622/2598/2557 2623/2599/2558 2624/2600/2559
f 2624/2600/2559 2625/2601/2560 2622/2598/2557
f 2625/2601/2560 2624/2600/2559 2626/2602/2561
f 2627/2603/2562 2625/2601/2560 2626/2602/2561
f 2627/2603/2562 2626/2602/2561 2628/2604/2563
f 2628/2604/2563 2598/2574/2538 2627/2603/2562
f 2598/2574/2538 2628/2604/2563 2596/2572/2536
f 2629/2605/2564 2628/2604/2563 2626/2602/2561
f 2628/2604/2563 2629/2605/2564 2630/2606/2565
f 2630/2606/2565 2629/2605/2564 2631/2607/2566
f 2626/2602/2561 2624/2600/2559 2632/2608/2567
f 2632/2608/2567 2629/2605/2564 2626/2602/2561
f 2633/2609/2568 2629/2605/2564 2632/2608/2567
f 2633/2609/2568 2631/2607/2566 2629/2605/2564
f 2634/2610/2569 2631/2607/2566 2633/2609/2568
f 2635/2611/2570 2631/2607/2566 2634/2610/2569
f 2631/2607/2566 2635/2611/2570 2636/2612/2571
f 2630/2606/2565 2631/2607/2566 2636/2612/2571
f 2637/2613/2572 2630/2606/2565 2636/2612/2571
f 2630/2606/2565 2637/2613/2572 2638/2614/2573
f 2639/2615/2574 2640/2616/2575 2638/2614/2573
f 2641/2617/2576 2642/2618/2577 2643/2619/2578
f 2644/2620/2579 2641/2617/2576 2643/2619/2578
f 2643/2619/2578 2640/2616/2575 2644/2620/2579
f 2645/2621/2580 2644/2620/2579 2640/2616/2575
f 2640/2616/2575 2639/2615/2574 2645/2621/2580
f 2645/2621/2580 2639/2615/2574 2646/2622/2581
f 2647/2623/2582 2646/2622/2581 2639/2615/2574
f 2647/2623/2582 2648/2624/2583 2646/2622/2581
f 2643/2619/2578 2642/2618/2577 2649/2625/2584
f 2649/2625/2584 2650/2626/2565 2643/2619/2578
f 2640/2616/2575 2643/2619/2578 2650/2626/2565
f 2650/2626/2565 2649/2625/2584 2651/2627/2585
f 2650/2626/2565 2651/2627/2585 2640/2616/2575
f 2651/2627/2585 2652/2628/2586 2640/2616/2575
f 2653/2629/2587 2652/2628/2586 2651/2627/2585
f 2653/2629/2587 2651/2627/2585 2654/2630/2588
f 2654/2630/2588 2651/2627/2585 2655/2631/2589
f 2651/2627/2585 2649/2625/2584 2655/2631/2589
f 2649/2625/2584 2656/2632/2590 2655/2631/2589
f 2656/2632/2590 2649/2625/2584 2642/2618/2577
f 2642/2618/2577 2657/2633/2591 2656/2632/2590
f 2641/2617/2576 2657/2633/2591 2642/2618/2577
f 2658/2634/2592 2659/2635/2593 2657/2633/2591
f 2657/2633/2591 2659/2635/2593 2656/2632/2590
f 2660/2636/2594 2661/2637/2595 2653/2629/2587
f 2654/2630/2588 2660/2636/2594 2653/2629/2587
f 2662/2638/2596 2660/2636/2594 2654/2630/2588
f 2654/2630/2588 2655/2631/2589 2662/2638/2596
f 2663/2639/2597 2662/2638/2596 2655/2631/2589
f 2655/2631/2589 2656/2632/2590 2663/2639/2597
f 2664/2640/2598 2663/2639/2597 2656/2632/2590
f 2656/2632/2590 2659/2635/2593 2664/2640/2598
f 2665/2641/2599 2664/2640/2598 2659/2635/2593
f 2659/2635/2593 2658/2634/2592 2665/2641/2599
f 2663/2639/2597 2664/2640/2598 2666/2642/2600
f 2666/2642/2600 2667/2643/2601 2663/2639/2597
f 2662/2638/2596 2663/2639/2597 2667/2643/2601
f 2667/2643/2601 2668/2644/2602 2662/2638/2596
f 2660/2636/2594 2662/2638/2596 2668/2644/2602
f 2668/2644/2602 2669/2645/2603 2660/2636/2594
f 2661/2637/2595 2660/2636/2594 2669/2645/2603
f 2670/2646/2604 2661/2637/2595 2669/2645/2603
f 2661/2637/2595 2670/2646/2604 2547/2523/2487
f 2541/2517/2481 2547/2523/2487 2670/2646/2604
f 2669/2645/2603 2668/2644/2602 2671/2647/2605
f 2671/2647/2605 2672/2648/2606 2669/2645/2603
f 2669/2645/2603 2672/2648/2606 2670/2646/2604
f 2673/2649/2607 2670/2646/2604 2672/2648/2606
f 2670/2646/2604 2673/2649/2607 2541/2517/2481
f 2674/2650/2608 2675/2651/2609 2676/2652/2610
f 2677/2653/2611 2676/2652/2610 2675/2651/2609
f 2675/2651/2609 2678/2654/2612 2677/2653/2611
f 2677/2653/2611 2678/2654/2612 2671/2647/2605
f 2679/2655/2613 2671/2647/2605 2678/2654/2612
f 2672/2648/2606 2671/2647/2605 2679/2655/2613
f 2680/2656/2614 2672/2648/2606 2679/2655/2613
f 2680/2656/2614 2673/2649/2607 2672/2648/2606
f 2673/2649/2607 2680/2656/2614 2539/2515/2479
f 2539/2515/2479 2541/2517/2481 2673/2649/2607
f 2679/2655/2613 2681/2657/2615 2680/2656/2614
f 2678/2654/2612 2675/2651/2609 2682/2658/2616
f 2683/2659/2617 2678/2654/2612 2682/2658/2616
f 2678/2654/2612 2683/2659/2617 2679/2655/2613
f 2681/2657/2615 2679/2655/2613 2683/2659/2617
f 2683/2659/2617 2684/2660/2618 2681/2657/2615
f 2681/2657/2615 2684/2660/2618 2685/2661/2619
f 2685/2661/2619 2680/2656/2614 2681/2657/2615
f 2680/2656/2614 2685/2661/2619 2539/2515/2479
f 2686/2662/2620 2687/2663/2621 2688/2664/2622
f 2687/2663/2621 2686/2662/2620 2689/2665/2623
f 2686/2662/2620 2684/2660/2618 2689/2665/2623
f 2684/2660/2618 2690/2666/2624 2689/2665/2623
f 2684/2660/2618 2683/2659/2617 2690/2666/2624
f 2690/2666/2624 2683/2659/2617 2691/2667/2625
f 2683/2659/2617 2682/2658/2616 2691/2667/2625
f 2692/2668/2626 2691/2667/2625 2682/2658/2616
f 2682/2658/2616 2693/2669/2627 2692/2668/2626
f 2693/2669/2627 2682/2658/2616 2675/2651/2609
f 2692/2668/2626 2694/2670/2628 2691/2667/2625
f 2691/2667/2625 2694/2670/2628 2690/2666/2624
f 2689/2665/2623 2690/2666/2624 2694/2670/2628
f 2695/2671/2629 2689/2665/2623 2694/2670/2628
f 2689/2665/2623 2695/2671/2629 2687/2663/2621
f 2694/2670/2628 2692/2668/2626 2695/2671/2629
f 2675/2651/2609 2674/2650/2608 2693/2669/2627
f 2696/2672/2630 2693/2669/2627 2674/2650/2608
f 2674/2650/2608 2697/2673/2631 2696/2672/2630
f 2697/2673/2631 2674/2650/2608 2698/2674/2632
f 2698/2674/2632 2699/2675/2633 2697/2673/2631
f 2700/2676/2634 2701/2677/2635 2702/2678/2636
f 2700/2676/2634 2702/2678/2636 2703/2679/2637
f 2704/2680/2638 2700/2676/2634 2703/2679/2637
f 2705/2681/2639 2704/2680/2638 2703/2679/2637
f 2705/2681/2639 2706/2682/2640 2704/2680/2638
f 2706/2682/2640 2705/2681/2639 2699/2675/2633
f 2699/2675/2633 2698/2674/2632 2706/2682/2640
f 2707/2683/2641 2706/2682/2640 2698/2674/2632
f 2698/2674/2632 2674/2650/2608 2707/2683/2641
f 2676/2652/2610 2707/2683/2641 2674/2650/2608
f 2708/2684/2642 2707/2683/2641 2676/2652/2610
f 2677/2653/2611 2708/2684/2642 2676/2652/2610
f 2709/2685/2643 2700/2676/2634 2704/2680/2638
f 2704/2680/2638 2710/2686/2644 2709/2685/2643
f 2706/2682/2640 2710/2686/2644 2704/2680/2638
f 2706/2682/2640 2707/2683/2641 2710/2686/2644
f 2666/2642/2600 2710/2686/2644 2707/2683/2641
f 2707/2683/2641 2708/2684/2642 2666/2642/2600
f 2667/2643/2601 2666/2642/2600 2708/2684/2642
f 2708/2684/2642 2668/2644/2602 2667/2643/2601
f 2668/2644/2602 2708/2684/2642 2677/2653/2611
f 2677/2653/2611 2671/2647/2605 2668/2644/2602
f 2711/2687/1846 2702/2678/2636 2701/2677/2635
f 2712/2688/2645 2711/2687/1846 2701/2677/2635
f 2713/2689/2646 2712/2688/2645 2701/2677/2635
f 2701/2677/2635 2700/2676/2634 2713/2689/2646
f 2714/2690/2647 2713/2689/2646 2700/2676/2634
f 2709/2685/2643 2714/2690/2647 2700/2676/2634
f 2715/2691/2648 2714/2690/2647 2709/2685/2643
f 2709/2685/2643 2710/2686/2644 2715/2691/2648
f 2710/2686/2644 2664/2640/2598 2715/2691/2648
f 2710/2686/2644 2666/2642/2600 2664/2640/2598
f 2716/2692/2649 2665/2641/2599 2658/2634/2592
f 2717/2693/2650 2716/2692/2649 2658/2634/2592
f 2716/2692/2649 2717/2693/2650 2718/2694/2651
f 2718/2694/2651 2719/2695/2652 2716/2692/2649
f 2719/2695/2652 2718/2694/2651 2720/2696/2653
f 2719/2695/2652 2720/2696/2653 2713/2689/2646
f 2713/2689/2646 2714/2690/2647 2719/2695/2652
f 2719/2695/2652 2714/2690/2647 2721/2697/2654
f 2714/2690/2647 2715/2691/2648 2721/2697/2654
f 2721/2697/2654 2715/2691/2648 2665/2641/2599
f 2715/2691/2648 2664/2640/2598 2665/2641/2599
f 2665/2641/2599 2716/2692/2649 2721/2697/2654
f 2719/2695/2652 2721/2697/2654 2716/2692/2649
f 2722/2698/1962 2723/2699/1942 2724/2700/2655
f 2725/2701/1963 2722/2698/1962 2724/2700/2655
f 2725/2701/1963 2724/2700/2655 2726/2702/2656
f 2727/2703/2657 2728/2704/2658 2729/2705/2659
f 2729/2705/2659 2725/2701/1963 2727/2703/2657
f 2727/2703/2657 2725/2701/1963 2726/2702/2656
f 2727/2703/2657 2726/2702/2656 2730/2706/2660
f 2726/2702/2656 2731/2707/2661 2730/2706/2660
f 2731/2707/2661 2726/2702/2656 2724/2700/2655
f 2724/2700/2655 2732/2708/2662 2731/2707/2661
f 2724/2700/2655 2723/2699/1942 2732/2708/2662
f 2723/2699/1942 2733/2709/2663 2732/2708/2662
f 2733/2709/2663 2723/2699/1942 2734/2710/2664
f 2020/1997/1986 2727/2703/2657 2730/2706/2660
f 2727/2703/2657 2020/1997/1986 2735/1996/2665
f 2735/1996/2665 2736/1992/2666 2727/2703/2657
f 2727/2703/2657 2736/1992/2666 2728/2704/2658
f 2728/2704/2658 2736/1992/2666 2014/1991/2667
f 2737/2711/2668 2734/2710/2664 2738/2712/1939
f 2734/2710/2664 2737/2711/2668 2739/2713/2669
f 2734/2710/2664 2739/2713/2669 2733/2709/2663
f 2739/2713/2669 2740/2714/2670 2733/2709/2663
f 2740/2714/2670 2732/2708/2662 2733/2709/2663
f 2732/2708/2662 2740/2714/2670 2024/2001/1990
f 2024/2001/1990 2731/2707/2661 2732/2708/2662
f 2731/2707/2661 2024/2001/1990 2022/1999/1988
f 2022/1999/1988 2730/2706/2660 2731/2707/2661
f 2730/2706/2660 2022/1999/1988 2020/1997/1986
f 2741/2715/2671 2739/2713/2669 2737/2711/2668
f 2025/2002/1991 2024/2001/1990 2742/2714/2672
f 2742/2714/2672 2739/2713/2669 2025/2002/1991
f 2025/2002/1991 2739/2713/2669 2028/2005/1994
f 2741/2715/2671 2028/2005/1994 2739/2713/2669
f 2034/2011/2000 2028/2005/1994 2741/2715/2671
f 2741/2715/2671 2743/2716/2673 2034/2011/2000
f 2743/2716/2673 2741/2715/2671 2737/2711/2668
f 2744/2717/2674 2743/2716/2673 2737/2711/2668
f 2744/2717/2674 2737/2711/2668 2745/2718/2675
f 2738/2712/1939 2745/2718/2675 2737/2711/2668
f 2746/2719/2676 2747/2720/2677 2748/2721/2678
f 2749/2722/2679 2746/2719/2676 2748/2721/2678
f 2749/2722/2679 2748/2721/2678 2750/2723/2680
f 2746/2719/2676 2749/2722/2679 2751/2724/2681
f 2749/2722/2679 2752/2725/2682 2751/2724/2681
f 2751/2724/2681 2753/2726/529 2754/2727/2683
f 2751/2724/2681 2754/2727/2683 2746/2719/2676
f 2755/2728/2684 2746/2719/2676 2754/2727/2683
f 2746/2719/2676 2755/2728/2684 2747/2720/2677
f 2755/2728/2684 2756/2729/2685 2747/2720/2677
f 2757/2730/2686 2747/2720/2677 2756/2729/2685
f 2756/2729/2685 2758/2731/2687 2757/2730/2686
f 2758/2731/2687 2759/2732/2688 2757/2730/2686
f 2759/2732/2688 2758/2731/2687 2760/2733/2689
f 2761/2734/2690 2757/2730/2686 2759/2732/2688
f 2753/2726/529 2762/2735/530 2754/2727/2683
f 2763/2736/2691 2754/2727/2683 2762/2735/530
f 2754/2727/2683 2763/2736/2691 2755/2728/2684
f 2756/2729/2685 2755/2728/2684 2763/2736/2691
f 2763/2736/2691 2764/2737/2692 2756/2729/2685
f 2765/2738/2693 2756/2729/2685 2764/2737/2692
f 2756/2729/2685 2765/2738/2693 2758/2731/2687
f 2766/2739/628 2758/2731/2687 2765/2738/2693
f 2758/2731/2687 2766/2739/628 2760/2733/2689
f 2765/2738/2693 2767/2740/538 2766/2739/628
f 2768/2741/2694 2769/2742/2695 2770/2743/2696
f 2771/2744/2697 2768/2741/2694 2772/2745/2698
f 2770/2743/2696 2772/2745/2698 2768/2741/2694
f 2772/2745/2698 2770/2743/2696 2773/2746/2699
f 2770/2743/2696 2774/2747/2700 2773/2746/2699
f 2770/2743/2696 2775/2748/2701 2774/2747/2700
f 2775/2748/2701 2770/2743/2696 2776/2749/2702
f 2770/2743/2696 2777/2750/2703 2776/2749/2702
f 2777/2750/2703 2770/2743/2696 2769/2742/2695
f 2769/2742/2695 2778/2751/2704 2777/2750/2703
f 2779/2752/2705 2780/2753/2706 2781/2754/2707
f 2780/2753/2706 2779/2752/2705 2782/2755/2708
f 2779/2752/2705 2783/2756/2709 2782/2755/2708
f 2784/2494/2710 2782/2755/2708 2783/2756/2709
f 2784/2494/2710 2783/2756/2709 2785/2757/2711
f 2786/2758/2712 2784/2494/2710 2785/2757/2711
f 2519/2495/2459 2784/2494/2710 2786/2758/2712
f 2786/2758/2712 2778/2751/2704 2519/2495/2459
f 2787/2759/2713 2519/2495/2459 2778/2751/2704
f 2778/2751/2704 2769/2742/2695 2787/2759/2713
f 2526/2502/2466 2517/2493/2457 2515/2491/2455
f 2788/2760/2714 2526/2502/2466 2515/2491/2455
f 2515/2491/2455 2514/2490/2454 2788/2760/2714
f 2514/2490/2454 2789/2761/2715 2788/2760/2714
f 2789/2761/2715 2514/2490/2454 2521/2497/2461
f 2521/2497/2461 2787/2759/2713 2789/2761/2715
f 2787/2759/2713 2521/2497/2461 2519/2495/2459
f 2787/2759/2713 2790/2762/2716 2789/2761/2715
f 2790/2762/2716 2791/2763/2717 2789/2761/2715
f 2789/2761/2715 2791/2763/2717 2788/2760/2714
f 2788/2760/2714 2791/2763/2717 2526/2502/2466
f 2769/2742/2695 2790/2762/2716 2787/2759/2713
f 2768/2741/2694 2790/2762/2716 2769/2742/2695
f 2768/2741/2694 2791/2763/2717 2790/2762/2716
f 2792/2764/2718 2791/2763/2717 2768/2741/2694
f 2792/2764/2718 2526/2502/2466 2791/2763/2717
f 2793/2765/2719 2526/2502/2466 2792/2764/2718
f 2793/2765/2719 2525/2501/2465 2526/2502/2466
f 2794/2766/2720 2525/2501/2465 2793/2765/2719
f 2525/2501/2465 2794/2766/2720 2527/2503/2467
f 2527/2503/2467 2794/2766/2720 2531/2507/2471
f 2529/2505/2469 2531/2507/2471 2794/2766/2720
f 2794/2766/2720 2793/2765/2719 2529/2505/2469
f 2793/2765/2719 2795/2767/2721 2529/2505/2469
f 2795/2767/2721 2793/2765/2719 2796/2768/2722
f 2796/2768/2722 2793/2765/2719 2797/2769/2723
f 2797/2769/2723 2793/2765/2719 2798/2770/2724
f 2792/2764/2718 2798/2770/2724 2793/2765/2719
f 2798/2770/2724 2792/2764/2718 2799/2771/2725
f 2792/2764/2718 2771/2744/2697 2799/2771/2725
f 2771/2744/2697 2792/2764/2718 2768/2741/2694
f 2798/2770/2724 2800/2772/2726 2801/2773/2727
f 2801/2773/2727 2797/2769/2723 2798/2770/2724
f 2797/2769/2723 2801/2773/2727 2802/2774/2728
f 2802/2774/2728 2796/2768/2722 2797/2769/2723
f 2796/2768/2722 2802/2774/2728 2803/2775/2729
f 2803/2775/2729 2795/2767/2721 2796/2768/2722
f 2795/2767/2721 2803/2775/2729 2804/2776/2730
f 2805/2777/2731 2795/2767/2721 2804/2776/2730
f 2529/2505/2469 2795/2767/2721 2805/2777/2731
f 2805/2777/2731 2530/2506/2470 2529/2505/2469
f 2806/2778/2732 2807/2779/2733 2808/2780/2734
f 2807/2779/2733 2806/2778/2732 2800/2772/2726
f 2800/2772/2726 2806/2778/2732 2809/2781/2735
f 2809/2781/2735 2801/2773/2727 2800/2772/2726
f 2810/2782/2736 2801/2773/2727 2809/2781/2735
f 2801/2773/2727 2810/2782/2736 2802/2774/2728
f 2811/2783/2737 2802/2774/2728 2810/2782/2736
f 2802/2774/2728 2811/2783/2737 2803/2775/2729
f 2811/2783/2737 2804/2776/2730 2803/2775/2729
f 2812/2784/2738 2811/2783/2737 2810/2782/2736
f 2812/2784/2738 2810/2782/2736 2809/2781/2735
f 2813/2785/2739 2812/2784/2738 2809/2781/2735
f 2813/2785/2739 2809/2781/2735 2806/2778/2732
f 2808/2780/2734 2813/2785/2739 2806/2778/2732
f 2813/2785/2739 2808/2780/2734 2814/2786/2740
f 2815/2787/2741 2814/2786/2740 2808/2780/2734
f 2816/2788/2742 2817/2789/2743 2811/2783/2737
f 2811/2783/2737 2812/2784/2738 2816/2788/2742
f 2812/2784/2738 2818/2790/2744 2816/2788/2742
f 2812/2784/2738 2813/2785/2739 2818/2790/2744
f 2813/2785/2739 2819/2791/2745 2818/2790/2744
f 2814/2786/2740 2819/2791/2745 2813/2785/2739
f 2820/2792/2746 2819/2791/2745 2814/2786/2740
f 2814/2786/2740 2815/2787/2741 2820/2792/2746
f 2821/2793/2747 2820/2792/2746 2815/2787/2741
f 2815/2787/2741 2822/2794/2748 2821/2793/2747
f 2817/2789/2743 2816/2788/2742 2823/2795/2749
f 2824/2796/2750 2825/2797/2751 2826/2798/2752
f 2827/2799/2753 2825/2797/2751 2824/2796/2750
f 2824/2796/2750 2818/2790/2744 2827/2799/2753
f 2819/2791/2745 2827/2799/2753 2818/2790/2744
f 2827/2799/2753 2819/2791/2745 2828/2800/2754
f 2820/2792/2746 2828/2800/2754 2819/2791/2745
f 2829/2801/2755 2828/2800/2754 2820/2792/2746
f 2821/2793/2747 2829/2801/2755 2820/2792/2746
f 2821/2793/2747 2830/2802/2756 2829/2801/2755
f 2830/2802/2756 2821/2793/2747 2831/2803/2757
f 2829/2801/2755 2832/2804/2758 2828/2800/2754
f 2828/2800/2754 2832/2804/2758 2825/2797/2751
f 2825/2797/2751 2827/2799/2753 2828/2800/2754
f 2824/2796/2750 2826/2798/2752 2833/2805/2759
f 2833/2805/2759 2834/2806/2760 2824/2796/2750
f 2824/2796/2750 2834/2806/2760 2818/2790/2744
f 2834/2806/2760 2833/2805/2759 2835/2807/2761
f 2836/2808/2762 2823/2795/2749 2837/2809/2763
f 2837/2809/2763 2823/2795/2749 2838/2810/2764
f 2838/2810/2764 2823/2795/2749 2816/2788/2742
f 2838/2810/2764 2816/2788/2742 2818/2790/2744
f 2839/2811/2765 2838/2810/2764 2818/2790/2744
f 2818/2790/2744 2834/2806/2760 2839/2811/2765
f 2839/2811/2765 2834/2806/2760 2840/2812/2766
f 2835/2807/2761 2840/2812/2766 2834/2806/2760
f 2841/2813/2767 2840/2812/2766 2835/2807/2761
f 2838/2810/2764 2839/2811/2765 2837/2809/2763
f 2839/2811/2765 2842/2814/2768 2843/2815/2769
f 2840/2812/2766 2842/2814/2768 2839/2811/2765
f 2844/2816/2770 2842/2814/2768 2840/2812/2766
f 2840/2812/2766 2841/2813/2767 2844/2816/2770
f 2845/2817/2771 2844/2816/2770 2841/2813/2767
f 2845/2817/2771 2841/2813/2767 2835/2807/2761
f 2835/2807/2761 2846/2818/2772 2845/2817/2771
f 2846/2818/2772 2835/2807/2761 2833/2805/2759
f 2833/2805/2759 2847/2819/2773 2846/2818/2772
f 2847/2819/2773 2833/2805/2759 2826/2798/2752
f 2555/2531/2495 2557/2533/2497 2568/2544/2508
f 2557/2533/2497 2848/2820/2774 2568/2544/2508
f 2849/2821/2775 2568/2544/2508 2848/2820/2774
f 2849/2821/2775 2848/2820/2774 2850/2822/2776
f 2850/2822/2776 2843/2815/2769 2849/2821/2775
f 2851/2823/2777 2849/2821/2775 2843/2815/2769
f 2843/2815/2769 2842/2814/2768 2851/2823/2777
f 2852/2824/2778 2851/2823/2777 2842/2814/2768
f 2842/2814/2768 2844/2816/2770 2852/2824/2778
f 2853/2825/2779 2852/2824/2778 2844/2816/2770
f 2854/2826/2780 2855/2827/2781 2579/2555/2519
f 2579/2555/2519 2856/2828/2782 2854/2826/2780
f 2856/2828/2782 2579/2555/2519 2570/2546/2510
f 2856/2828/2782 2570/2546/2510 2857/2829/2783
f 2857/2829/2783 2570/2546/2510 2568/2544/2508
f 2857/2829/2783 2568/2544/2508 2849/2821/2775
f 2849/2821/2775 2858/2830/2784 2857/2829/2783
f 2858/2830/2784 2849/2821/2775 2851/2823/2777
f 2851/2823/2777 2852/2824/2778 2858/2830/2784
f 2859/2831/2785 2858/2830/2784 2852/2824/2778
f 2857/2829/2783 2858/2830/2784 2856/2828/2782
f 2859/2831/2785 2860/2832/2786 2858/2830/2784
f 2860/2832/2786 2861/2833/2787 2858/2830/2784
f 2861/2833/2787 2856/2828/2782 2858/2830/2784
f 2861/2833/2787 2854/2826/2780 2856/2828/2782
f 2859/2831/2785 2852/2824/2778 2853/2825/2779
f 2862/2834/2788 2859/2831/2785 2853/2825/2779
f 2859/2831/2785 2862/2834/2788 2860/2832/2786
f 2863/2835/2789 2860/2832/2786 2862/2834/2788
f 2860/2832/2786 2863/2835/2789 2861/2833/2787
f 2864/2836/2790 2861/2833/2787 2863/2835/2789
f 2861/2833/2787 2864/2836/2790 2865/2837/2791
f 2865/2837/2791 2866/2838/2792 2861/2833/2787
f 2861/2833/2787 2866/2838/2792 2854/2826/2780
f 2866/2838/2792 2855/2827/2781 2854/2826/2780
f 2867/2839/2793 2864/2836/2790 2863/2835/2789
f 2868/2840/2794 2593/2569/2533 2585/2561/2525
f 2585/2561/2525 2579/2555/2519 2868/2840/2794
f 2868/2840/2794 2579/2555/2519 2869/2841/2795
f 2579/2555/2519 2855/2827/2781 2869/2841/2795
f 2869/2841/2795 2855/2827/2781 2870/2842/2796
f 2866/2838/2792 2870/2842/2796 2855/2827/2781
f 2871/2843/2797 2870/2842/2796 2866/2838/2792
f 2866/2838/2792 2865/2837/2791 2871/2843/2797
f 2865/2837/2791 2872/2844/2798 2871/2843/2797
f 2872/2844/2798 2865/2837/2791 2864/2836/2790
f 2870/2842/2796 2871/2843/2797 2873/2845/2799
f 2874/2846/2800 2873/2845/2799 2871/2843/2797
f 2874/2846/2800 2871/2843/2797 2872/2844/2798
f 2874/2846/2800 2872/2844/2798 2875/2847/2801
f 2875/2847/2801 2876/2848/2802 2874/2846/2800
f 2876/2848/2802 2875/2847/2801 2877/2849/2803
f 2864/2836/2790 2875/2847/2801 2872/2844/2798
f 2875/2847/2801 2864/2836/2790 2867/2839/2793
f 2875/2847/2801 2867/2839/2793 2877/2849/2803
f 2877/2849/2803 2867/2839/2793 2878/2850/2804
f 2878/2850/2804 2876/2848/2802 2877/2849/2803
f 2876/2848/2802 2878/2850/2804 2879/2851/2805
f 2876/2848/2802 2879/2851/2805 2880/2852/2806
f 2880/2852/2806 2879/2851/2805 2881/2853/2807
f 2882/2854/2808 2880/2852/2806 2881/2853/2807
f 2882/2854/2808 2881/2853/2807 2883/2855/2809
f 2883/2855/2809 2881/2853/2807 2884/2856/2810
f 2884/2856/2810 2885/2857/2811 2883/2855/2809
f 2845/2817/2771 2883/2855/2809 2885/2857/2811
f 2846/2818/2772 2883/2855/2809 2845/2817/2771
f 2886/2858/2812 2885/2857/2811 2884/2856/2810
f 2844/2816/2770 2845/2817/2771 2853/2825/2779
f 2845/2817/2771 2862/2834/2788 2853/2825/2779
f 2885/2857/2811 2862/2834/2788 2845/2817/2771
f 2863/2835/2789 2862/2834/2788 2885/2857/2811
f 2886/2858/2812 2863/2835/2789 2885/2857/2811
f 2867/2839/2793 2863/2835/2789 2886/2858/2812
f 2886/2858/2812 2878/2850/2804 2867/2839/2793
f 2878/2850/2804 2886/2858/2812 2884/2856/2810
f 2879/2851/2805 2878/2850/2804 2884/2856/2810
f 2884/2856/2810 2881/2853/2807 2879/2851/2805
f 2887/2859/2813 2888/2860/2814 2889/2861/2815
f 2889/2861/2815 2888/2860/2814 2890/2862/2816
f 2888/2860/2814 2891/2863/2817 2890/2862/2816
f 2892/2864/2818 2889/2861/2815 2890/2862/2816
f 2893/2865/2819 2894/2866/2820 2887/2859/2813
f 2887/2859/2813 2895/2867/2821 2893/2865/2819
f 2895/2867/2821 2887/2859/2813 2896/2868/2822
f 2889/2861/2815 2896/2868/2822 2887/2859/2813
f 2896/2868/2822 2889/2861/2815 2897/2869/2823
f 2892/2864/2818 2897/2869/2823 2889/2861/2815
f 2898/2870/2824 2897/2869/2823 2892/2864/2818
f 2892/2864/2818 2890/2862/2816 2898/2870/2824
f 2899/2871/2825 2898/2870/2824 2890/2862/2816
f 2890/2862/2816 2900/2872/2826 2899/2871/2825
f 2900/2872/2826 2890/2862/2816 2891/2863/2817
f 2891/2863/2817 2901/2873/2827 2900/2872/2826
f 2902/2874/2828 2900/2872/2826 2901/2873/2827
f 2896/2868/2822 2903/2875/2829 2895/2867/2821
f 2896/2868/2822 2904/2876/2830 2903/2875/2829
f 2897/2869/2823 2904/2876/2830 2896/2868/2822
f 2904/2876/2830 2897/2869/2823 2905/2877/2831
f 2897/2869/2823 2898/2870/2824 2905/2877/2831
f 2906/2878/2832 2905/2877/2831 2898/2870/2824
f 2898/2870/2824 2899/2871/2825 2906/2878/2832
f 2899/2871/2825 2907/2879/2833 2906/2878/2832
f 2900/2872/2826 2907/2879/2833 2899/2871/2825
f 2907/2879/2833 2900/2872/2826 2908/2880/2834
f 2909/2881/2835 2908/2880/2834 2910/2882/2836
f 2907/2879/2833 2908/2880/2834 2909/2881/2835
f 2907/2879/2833 2909/2881/2835 2911/2883/2837
f 2911/2883/2837 2906/2878/2832 2907/2879/2833
f 2906/2878/2832 2911/2883/2837 2912/2884/2838
f 2905/2877/2831 2906/2878/2832 2912/2884/2838
f 2913/2885/2839 2905/2877/2831 2912/2884/2838
f 2905/2877/2831 2913/2885/2839 2904/2876/2830
f 2911/2883/2837 2913/2885/2839 2912/2884/2838
f 2914/2886/2840 2904/2876/2830 2915/2887/2841
f 2915/2887/2841 2904/2876/2830 2913/2885/2839
f 2915/2887/2841 2913/2885/2839 2916/2888/2842
f 2913/2885/2839 2911/2883/2837 2916/2888/2842
f 2911/2883/2837 2917/2889/2843 2916/2888/2842
f 2917/2889/2843 2911/2883/2837 2909/2881/2835
f 2918/2890/2844 2917/2889/2843 2909/2881/2835
f 2918/2890/2844 2909/2881/2835 2910/2882/2836
f 2919/2891/2845 2918/2890/2844 2910/2882/2836
f 2919/2891/2845 2910/2882/2836 2920/2892/2846
f 2916/2888/2842 2917/2889/2843 2921/2893/2847
f 2918/2890/2844 2921/2893/2847 2917/2889/2843
f 2922/2894/2848 2914/2886/2840 2923/2895/2849
f 2915/2887/2841 2923/2895/2849 2914/2886/2840
f 2915/2887/2841 2924/2896/2850 2923/2895/2849
f 2916/2888/2842 2924/2896/2850 2915/2887/2841
f 2925/2897/2851 2924/2896/2850 2916/2888/2842
f 2921/2893/2847 2925/2897/2851 2916/2888/2842
f 2921/2893/2847 2926/2898/1301 2925/2897/2851
f 2926/2898/1301 2921/2893/2847 2918/2890/2844
f 2918/2890/2844 2927/2899/2852 2926/2898/1301
f 2918/2890/2844 2919/2891/2845 2927/2899/2852
f 2928/2900/2853 2922/2894/2848 2929/2901/2854
f 2923/2895/2849 2929/2901/2854 2922/2894/2848
f 2930/2902/2855 2929/2901/2854 2923/2895/2849
f 2923/2895/2849 2924/2896/2850 2930/2902/2855
f 2930/2902/2855 2924/2896/2850 2925/2897/2851
f 2930/2902/2855 2925/2897/2851 2931/2903/2856
f 2932/2904/2857 2931/2903/2856 2925/2897/2851
f 2931/2903/2856 2932/2904/2857 2933/2905/2858
f 2933/2905/2858 2932/2904/2857 2934/2906/2859
f 2934/2906/2859 2935/2907/2860 2933/2905/2858
f 2936/2908/2861 2931/2903/2856 2933/2905/2858
f 2937/2909/2862 2936/2908/2861 2933/2905/2858
f 2933/2905/2858 2938/2910/2863 2937/2909/2862
f 2938/2910/2863 2933/2905/2858 2935/2907/2860
f 2935/2907/2860 2939/2911/2864 2938/2910/2863
f 2935/2907/2860 2934/2906/2859 2940/2912/2865
f 2941/2913/2866 2940/2912/2865 2934/2906/2859
f 2940/2912/2865 2941/2913/2866 2942/2914/2867
f 2927/2899/2852 2942/2914/2867 2941/2913/2866
f 2941/2913/2866 2926/2898/1301 2927/2899/2852
f 2926/2898/1301 2941/2913/2866 2943/2915/2868
f 2926/2898/1301 2943/2915/2868 2925/2897/2851
f 2925/2897/2851 2943/2915/2868 2932/2904/2857
f 2934/2906/2859 2932/2904/2857 2943/2915/2868
f 2934/2906/2859 2943/2915/2868 2941/2913/2866
f 2942/2914/2867 2927/2899/2852 2919/2891/2845
f 2919/2891/2845 2944/2916/2869 2942/2914/2867
f 2944/2916/2869 2919/2891/2845 2920/2892/2846
f 2945/2917/2870 2944/2916/2869 2920/2892/2846
f 2945/2917/2870 2920/2892/2846 2946/2918/2871
f 2946/2918/2871 2947/2919/2868 2945/2917/2870
f 2947/2919/2868 2946/2918/2871 2948/2920/2872
f 2948/2920/2872 1675/1654/1663 2947/2919/2868
f 1675/1654/1663 2948/2920/2872 1668/1647/1656
f 1667/1646/1655 1675/1654/1663 1668/1647/1656
f 2920/2892/2846 2910/2882/2836 2908/2880/2834
f 2908/2880/2834 2946/2918/2871 2920/2892/2846
f 2948/2920/2872 2946/2918/2871 2908/2880/2834
f 2948/2920/2872 2908/2880/2834 2949/2921/2873
f 2949/2921/2873 1668/1647/1656 2948/2920/2872
f 1668/1647/1656 2949/2921/2873 1664/1645/1652
f 1664/1645/1652 2949/2921/2873 2950/2922/2874
f 2950/2922/2874 1657/1639/1645 1664/1645/1652
f 1659/1641/1647 1657/1639/1645 2950/2922/2874
f 2951/2923/2875 1659/1641/1647 2950/2922/2874
f 2900/2872/2826 2902/2874/2828 2908/2880/2834
f 2902/2874/2828 2949/2921/2873 2908/2880/2834
f 2949/2921/2873 2902/2874/2828 2950/2922/2874
f 2901/2873/2827 2950/2922/2874 2902/2874/2828
f 2950/2922/2874 2901/2873/2827 2951/2923/2875
f 2901/2873/2827 2891/2863/2817 2951/2923/2875
f 2952/2924/2876 2951/2923/2875 2891/2863/2817
f 2891/2863/2817 2888/2860/2814 2952/2924/2876
f 2894/2866/2820 2952/2924/2876 2888/2860/2814
f 2888/2860/2814 2887/2859/2813 2894/2866/2820
f 1661/1643/1649 1659/1641/1647 2951/2923/2875
f 2951/2923/2875 2952/2924/2876 1661/1643/1649
f 2953/2925/2877 1661/1643/1649 2952/2924/2876
f 2952/2924/2876 2894/2866/2820 2953/2925/2877
f 2953/2925/2877 2894/2866/2820 2954/2926/2878
f 2894/2866/2820 2893/2865/2819 2954/2926/2878
f 2955/2927/2879 2954/2926/2878 2893/2865/2819
f 2955/2927/2879 2893/2865/2819 2895/2867/2821
f 2956/2928/2880 2955/2927/2879 2895/2867/2821
f 2956/2928/2880 2895/2867/2821 2903/2875/2829
f 2955/2927/2879 2956/2928/2880 2957/2929/2881
f 2958/2930/2882 2959/2931/2883 2957/2929/2881
f 2960/2932/2884 2957/2929/2881 2959/2931/2883
f 2957/2929/2881 2960/2932/2884 2955/2927/2879
f 2955/2927/2879 2960/2932/2884 2954/2926/2878
f 2961/2933/2885 2958/2930/2882 2962/2934/2886
f 2963/2935/2887 2962/2934/2886 2958/2930/2882
f 2957/2929/2881 2963/2935/2887 2958/2930/2882
f 2963/2935/2887 2957/2929/2881 2964/2936/2888
f 2956/2928/2880 2964/2936/2888 2957/2929/2881
f 2964/2936/2888 2956/2928/2880 2965/2937/2889
f 2966/2938/2890 2965/2937/2889 2956/2928/2880
f 2966/2938/2890 2956/2928/2880 2903/2875/2829
f 2966/2938/2890 2903/2875/2829 2914/2886/2840
f 2903/2875/2829 2904/2876/2830 2914/2886/2840
f 2965/2937/2889 2967/2939/2891 2964/2936/2888
f 2964/2936/2888 2967/2939/2891 2963/2935/2887
f 2968/2940/2892 2969/2941/2893 2962/2934/2886
f 2963/2935/2887 2968/2940/2892 2962/2934/2886
f 2968/2940/2892 2963/2935/2887 2970/2942/2894
f 2967/2939/2891 2970/2942/2894 2963/2935/2887
f 2970/2942/2894 2967/2939/2891 2971/2943/2895
f 2967/2939/2891 2965/2937/2889 2971/2943/2895
f 2928/2900/2853 2971/2943/2895 2965/2937/2889
f 2965/2937/2889 2966/2938/2890 2928/2900/2853
f 2922/2894/2848 2928/2900/2853 2966/2938/2890
f 2966/2938/2890 2914/2886/2840 2922/2894/2848
f 2968/2940/2892 2970/2942/2894 2972/2944/2896
f 2972/2944/2896 2969/2941/2893 2968/2940/2892
f 2969/2941/2893 2972/2944/2896 2973/2945/2897
f 2969/2941/2893 2973/2945/2897 2974/2946/2898
f 2975/2947/2899 2976/2948/2900 2977/2949/2901
f 2961/2933/2885 2977/2949/2901 2976/2948/2900
f 2978/2950/2902 2977/2949/2901 2961/2933/2885
f 2961/2933/2885 2962/2934/2886 2978/2950/2902
f 2979/2951/2903 2978/2950/2902 2962/2934/2886
f 2969/2941/2893 2979/2951/2903 2962/2934/2886
f 2980/2952/2904 2979/2951/2903 2969/2941/2893
f 2969/2941/2893 2974/2946/2898 2980/2952/2904
f 2974/2946/2898 2981/2953/2905 2980/2952/2904
f 2981/2953/2905 2974/2946/2898 2982/2954/336
f 2977/2949/2901 2978/2950/2902 2983/2955/2906
f 2983/2955/2906 2975/2947/2899 2977/2949/2901
f 2984/2956/2907 2985/2957/2908 2986/2958/2909
f 2985/2957/2908 2984/2956/2907 2983/2955/2906
f 2978/2950/2902 2985/2957/2908 2983/2955/2906
f 2985/2957/2908 2978/2950/2902 2987/2959/2910
f 2978/2950/2902 2979/2951/2903 2987/2959/2910
f 2979/2951/2903 2988/2960/159 2987/2959/2910
f 2988/2960/159 2979/2951/2903 2980/2952/2904
f 2980/2952/2904 2981/2953/2905 2988/2960/159
f 2989/2961/2911 2988/2960/159 2981/2953/2905
f 2987/2959/2910 2988/2960/159 2985/2957/2908
f 2988/2960/159 2986/2958/2909 2985/2957/2908
f 2986/2958/2909 2988/2960/159 2989/2961/2911
f 2981/2953/2905 2990/2962/2912 2991/2963/2913
f 2992/2961/2914 2981/2953/2905 2991/2963/2913
f 2992/2961/2914 2991/2963/2913 2993/2958/2915
f 2982/2954/336 2990/2962/2912 2981/2953/2905
f 2990/2962/2912 2982/2954/336 2994/2964/2916
f 2990/2962/2912 2994/2964/2916 2995/2965/2917
f 2990/2962/2912 2995/2965/2917 2996/2966/2918
f 2990/2962/2912 2996/2966/2918 2997/2967/2919
f 2997/2967/2919 2991/2963/2913 2990/2962/2912
f 2991/2963/2913 2997/2967/2919 2998/2968/2920
f 2998/2968/2920 2993/2958/2915 2991/2963/2913
f 2993/2958/2915 2998/2968/2920 2984/2956/2907
f 2998/2968/2920 2999/2969/2921 2984/2956/2907
f 2999/2969/2921 2998/2968/2920 3000/2970/2922
f 2998/2968/2920 2997/2967/2919 3000/2970/2922
f 2997/2967/2919 3001/2971/2923 3000/2970/2922
f 2997/2967/2919 2996/2966/2918 3001/2971/2923
f 3001/2971/2923 2996/2966/2918 3002/2972/2924
f 2995/2965/2917 3002/2972/2924 2996/2966/2918
f 3002/2972/2924 2995/2965/2917 3003/2973/2925
f 3004/2974/2926 3000/2970/2922 3005/2975/2927
f 3000/2970/2922 3004/2974/2926 2999/2969/2921
f 3006/2976/2928 2999/2969/2921 3004/2974/2926
f 2999/2969/2921 3006/2976/2928 3007/2977/2929
f 3007/2977/2929 3006/2976/2928 3008/2978/2930
f 3009/2979/2931 3008/2978/2930 3006/2976/2928
f 3010/2980/2932 3008/2978/2930 3009/2979/2931
f 3011/2981/2933 3010/2980/2932 3009/2979/2931
f 3012/2982/2934 3011/2981/2933 3009/2979/2931
f 3013/2983/2935 3012/2982/2934 3009/2979/2931
f 3014/2984/2936 3013/2983/2935 3009/2979/2931
f 3014/2984/2936 3009/2979/2931 3006/2976/2928
f 3006/2976/2928 3004/2974/2926 3014/2984/2936
f 3015/2985/2937 3016/2986/2938 3008/2978/2930
f 3016/2986/2938 3017/2987/2939 3008/2978/2930
f 3017/2987/2939 3018/2988/2940 3008/2978/2930
f 3008/2978/2930 3018/2988/2940 3007/2977/2929
f 3012/2982/2934 3019/2989/2941 3020/2990/2942
f 3012/2982/2934 3021/2991/2943 3019/2989/2941
f 3012/2982/2934 3013/2983/2935 3021/2991/2943
f 3013/2983/2935 3022/2992/2868 3021/2991/2943
f 3022/2992/2868 3013/2983/2935 3014/2984/2936
f 3022/2992/2868 3014/2984/2936 3023/2993/2870
f 3014/2984/2936 3024/2994/2944 3023/2993/2870
f 3024/2994/2944 3014/2984/2936 3004/2974/2926
f 3004/2974/2926 3025/2995/2865 3024/2994/2944
f 3025/2995/2865 3004/2974/2926 3005/2975/2927
f 3026/2996/2867 3024/2994/2944 3025/2995/2865
f 3027/2997/2230 299/297/301 3028/2998/2229
f 292/290/294 3029/2999/2945 293/291/295
f 296/294/298 293/291/295 3029/2999/2945
f 3030/3000/2946 296/294/298 3029/2999/2945
f 296/294/298 3030/3000/2946 301/299/303
f 3030/3000/2946 3031/3001/2947 301/299/303
f 3031/3001/2947 299/297/301 301/299/303
f 299/297/301 3031/3001/2947 3032/3002/2948
f 3032/3002/2948 3028/2998/2229 299/297/301
f 3028/2998/2229 3032/3002/2948 3033/3003/982
f 3033/3003/982 3032/3002/2948 3034/3004/978
f 292/290/294 3035/3005/2949 3036/3006/2950
f 292/290/294 3036/3006/2950 3037/3007/2951
f 3038/3008/2952 292/290/294 3037/3007/2951
f 3029/2999/2945 292/290/294 3038/3008/2952
f 3030/3000/2946 3029/2999/2945 3038/3008/2952
f 3038/3008/2952 3032/3002/2948 3030/3000/2946
f 3030/3000/2946 3032/3002/2948 3031/3001/2947
f 3032/3002/2948 3038/3008/2952 3034/3004/978
f 3034/3004/978 3038/3008/2952 3039/3009/2953
f 3038/3008/2952 3037/3007/2951 3039/3009/2953
f 3040/3010/2954 3039/3009/2953 3037/3007/2951
f 3040/3010/2954 3037/3007/2951 3036/3006/2950
f 3036/3006/2950 3041/3011/2955 3040/3010/2954
f 3035/3005/2949 3041/3011/2955 3036/3006/2950
f 3041/3011/2955 3035/3005/2949 281/279/283
f 292/290/294 281/279/283 3035/3005/2949
f 280/278/282 281/279/283 292/290/294
f 3034/3004/978 3039/3009/2953 3042/3012/979
f 3042/3012/979 3039/3009/2953 3043/3013/2956
f 3039/3009/2953 3040/3010/2954 3043/3013/2956
f 3040/3010/2954 3044/3014/2957 3043/3013/2956
f 3045/3015/985 3043/3013/2956 3044/3014/2957
f 3046/3016/2958 3043/3013/2956 3045/3015/985
f 3045/3015/985 3047/3017/987 3046/3016/2958
f 3043/3013/2956 3046/3016/2958 3042/3012/979
f 3048/3018/984 3044/3014/2957 3049/3019/989
f 3040/3010/2954 3041/3011/2955 3050/3020/2959
f 3050/3020/2959 3044/3014/2957 3040/3010/2954
f 3050/3020/2959 3051/3021/2960 3044/3014/2957
f 3049/3019/989 3044/3014/2957 3051/3021/2960
f 3051/3021/2960 3052/3022/2961 3049/3019/989
f 3053/3023/2962 3052/3022/2961 3051/3021/2960
f 3053/3023/2962 3051/3021/2960 3054/3024/2963
f 3053/3023/2962 3054/3024/2963 3055/3025/867
f 3054/3024/2963 3056/3026/2964 3055/3025/867
f 3057/3027/2965 3055/3025/867 3056/3026/2964
f 3051/3021/2960 3050/3020/2959 3054/3024/2963
f 3055/3025/867 3057/3027/2965 3058/3028/868
f 3054/3024/2963 3059/3029/2966 3056/3026/2964
f 3060/3030/2967 3059/3029/2966 3061/3031/2968
f 3059/3029/2966 3054/3024/2963 3061/3031/2968
f 3054/3024/2963 3062/3032/2969 3061/3031/2968
f 3054/3024/2963 3050/3020/2959 3062/3032/2969
f 3063/3033/2970 3062/3032/2969 3050/3020/2959
f 3063/3033/2970 3050/3020/2959 3041/3011/2955
f 269/267/271 3063/3033/2970 3041/3011/2955
f 281/279/283 269/267/271 3041/3011/2955
f 277/275/279 269/267/271 281/279/283
f 277/275/279 270/268/272 269/267/271
f 269/267/271 268/266/270 3064/3034/2971
f 3063/3033/2970 269/267/271 3064/3034/2971
f 3064/3034/2971 3062/3032/2969 3063/3033/2970
f 3064/3034/2971 3061/3031/2968 3062/3032/2969
f 3065/3035/2972 3057/3027/2965 3056/3026/2964
f 3056/3026/2964 3059/3029/2966 3065/3035/2972
f 3059/3029/2966 3066/3036/2973 3065/3035/2972
f 3066/3036/2973 3059/3029/2966 3060/3030/2967
f 3060/3030/2967 3067/3037/2974 3066/3036/2973
f 278/276/280 3067/3037/2974 3060/3030/2967
f 3061/3031/2968 278/276/280 3060/3030/2967
f 278/276/280 3061/3031/2968 279/277/281
f 3064/3034/2971 279/277/281 3061/3031/2968
f 3064/3034/2971 268/266/270 279/277/281
f 266/264/268 267/265/269 275/273/277
f 278/276/280 275/273/277 267/265/269
f 267/265/269 3068/3038/2975 278/276/280
f 3068/3038/2975 3067/3037/2974 278/276/280
f 3067/3037/2974 3068/3038/2975 3069/3039/2976
f 3066/3036/2973 3067/3037/2974 3069/3039/2976
f 3069/3039/2976 3070/3040/2977 3066/3036/2973
f 3070/3040/2977 3065/3035/2972 3066/3036/2973
f 3065/3035/2972 3070/3040/2977 3071/3041/2978
f 3071/3041/2978 3057/3027/2965 3065/3035/2972
f 3072/3042/2979 245/243/248 3073/3043/2980
f 267/265/269 245/243/248 3072/3042/2979
f 3072/3042/2979 3068/3038/2975 267/265/269
f 3068/3038/2975 3072/3042/2979 3074/3044/2981
f 3074/3044/2981 3069/3039/2976 3068/3038/2975
f 3074/3044/2981 3075/3045/2982 3069/3039/2976
f 3070/3040/2977 3069/3039/2976 3075/3045/2982
f 3071/3041/2978 3070/3040/2977 3075/3045/2982
f 3071/3041/2978 3075/3045/2982 3076/3046/2983
f 3077/3047/2984 3071/3041/2978 3076/3046/2983
f 3078/3048/2985 3071/3041/2978 3077/3047/2984
f 3077/3047/2984 3079/3049/2986 3078/3048/2985
f 3071/3041/2978 3078/3048/2985 3080/3050/2987
f 3071/3041/2978 3080/3050/2987 3057/3027/2965
f 3080/3050/2987 3058/3028/868 3057/3027/2965
f 3058/3028/868 3080/3050/2987 3081/3051/869
f 3080/3050/2987 3082/3052/2988 3081/3051/869
f 3082/3052/2988 3080/3050/2987 3078/3048/2985
f 3078/3048/2985 3083/3053/882 3082/3052/2988
f 3083/3053/882 3078/3048/2985 3079/3049/2986
f 3079/3049/2986 3084/3054/2989 3083/3053/882
f 3084/3054/2989 3079/3049/2986 3085/3055/2990
f 3077/3047/2984 3085/3055/2990 3079/3049/2986
f 3086/3056/2991 3087/3057/368 3088/3058/2992
f 3087/3057/368 3086/3056/2991 3089/3059/2993
f 3084/3054/2989 3089/3059/2993 3086/3056/2991
f 3086/3056/2991 3083/3053/882 3084/3054/2989
f 3083/3053/882 3086/3056/2991 3090/3060/883
f 3085/3055/2990 3077/3047/2984 3091/3061/369
f 3076/3046/2983 3091/3061/369 3077/3047/2984
f 3091/3061/369 3076/3046/2983 3092/3062/370
f 3092/3062/370 3076/3046/2983 3093/3063/2994
f 3094/3064/2995 3092/3062/370 3093/3063/2994
f 3094/3064/2995 3093/3063/2994 3095/3065/2996
f 3094/3064/2995 3095/3065/2996 3096/3066/2997
f 3096/3066/2997 3095/3065/2996 3073/3043/2980
f 244/242/247 3096/3066/2997 3073/3043/2980
f 244/242/247 3073/3043/2980 245/243/248
f 3073/3043/2980 3074/3044/2981 3072/3042/2979
f 3073/3043/2980 3095/3065/2996 3074/3044/2981
f 3074/3044/2981 3095/3065/2996 3093/3063/2994
f 3093/3063/2994 3075/3045/2982 3074/3044/2981
f 3075/3045/2982 3093/3063/2994 3076/3046/2983
f 3097/3067/2998 3098/3068/2262 3099/3069/2999
f 3097/3067/2998 3099/3069/2999 3100/3070/2235
f 3101/3071/3000 3100/3070/2235 3099/3069/2999
f 3100/3070/2235 3101/3071/3000 3102/3072/3001
f 3102/3072/3001 3101/3071/3000 3103/3073/3002
f 3103/3073/3002 3104/3074/3003 3102/3072/3001
f 3105/3075/2236 3102/3072/3001 3104/3074/3003
f 3104/3074/3003 3106/3076/2244 3105/3075/2236
f 3105/3075/2236 3100/3070/2235 3102/3072/3001
f 3099/3069/2999 3098/3068/2262 3101/3071/3000
f 3101/3071/3000 3107/3077/3004 3108/3078/3005
f 3109/3079/3006 3101/3071/3000 3108/3078/3005
f 3103/3073/3002 3101/3071/3000 3109/3079/3006
f 3103/3073/3002 3109/3079/3006 3110/3080/3007
f 3104/3074/3003 3103/3073/3002 3110/3080/3007
f 3111/3081/3008 3104/3074/3003 3110/3080/3007
f 3106/3076/2244 3104/3074/3003 3111/3081/3008
f 3112/3082/3009 3106/3076/2244 3111/3081/3008
f 3106/3076/2244 3112/3082/3009 3113/3083/3010
f 3114/3084/3011 3113/3083/3010 3112/3082/3009
f 3114/3084/3011 3112/3082/3009 3115/3085/3012
f 3115/3085/3012 3112/3082/3009 3111/3081/3008
f 3111/3081/3008 3116/3086/3013 3115/3085/3012
f 3111/3081/3008 3110/3080/3007 3116/3086/3013
f 3116/3086/3013 3110/3080/3007 3117/3087/3014
f 3110/3080/3007 3118/3088/3015 3117/3087/3014
f 3109/3079/3006 3118/3088/3015 3110/3080/3007
f 3119/3089/3016 3118/3088/3015 3109/3079/3006
f 3119/3089/3016 3109/3079/3006 3108/3078/3005
f 3120/3090/3017 3119/3089/3016 3108/3078/3005
f 3121/3091/3018 3120/3090/3017 3108/3078/3005
f 3120/3090/3017 3121/3091/3018 3122/3092/3019
f 3123/3093/3020 3122/3092/3019 3121/3091/3018
f 3123/3093/3020 3124/3094/3021 3122/3092/3019
f 3108/3078/3005 3107/3077/3004 3121/3091/3018
f 3121/3091/3018 3107/3077/3004 3125/3095/3022
f 3125/3095/3022 1894/1873/1872 3121/3091/3018
f 3126/3096/3023 3125/3095/3022 3107/3077/3004
f 1888/1867/1867 3127/3097/3024 1887/1866/1866
f 3127/3097/3024 1888/1867/1867 1894/1873/1872
f 3128/3098/3025 3127/3097/3024 1894/1873/1872
f 3125/3095/3022 3128/3098/3025 1894/1873/1872
f 3125/3095/3022 3129/3099/3026 3128/3098/3025
f 3125/3095/3022 3126/3096/3023 3129/3099/3026
f 3130/3100/2263 3129/3099/3026 3126/3096/3023
f 3098/3068/2262 3130/3100/2263 3126/3096/3023
f 3107/3077/3004 3098/3068/2262 3126/3096/3023
f 3107/3077/3004 3101/3071/3000 3098/3068/2262
f 3129/3099/3026 3130/3100/2263 3128/3098/3025
f 2352/2328/2304 2306/2282/2260 2304/2280/2258
f 2304/2280/2258 3131/3101/3027 2352/2328/2304
f 3131/3101/3027 2304/2280/2258 2299/2275/2253
f 2299/2275/2253 2298/2274/2252 3131/3101/3027
f 2297/2273/2251 3131/3101/3027 2298/2274/2252
f 3131/3101/3027 2297/2273/2251 2349/2325/2301
f 2297/2273/2251 3132/3102/3028 2349/2325/2301
f 2349/2325/2301 2352/2328/2304 3131/3101/3027
f 2297/2273/2251 2296/2272/2250 2294/2270/2248
f 3132/3102/3028 2297/2273/2251 2294/2270/2248
f 2294/2270/2248 2293/2269/2247 3132/3102/3028
f 2293/2269/2247 2648/2624/2583 3132/3102/3028
f 2293/2269/2247 2646/2622/2581 2648/2624/2583
f 2646/2622/2581 2293/2269/2247 3133/3103/3029
f 2646/2622/2581 3133/3103/3029 2645/2621/2580
f 3134/3104/3030 2645/2621/2580 3133/3103/3029
f 2644/2620/2579 2645/2621/2580 3134/3104/3030
f 3134/3104/3030 3135/3105/3031 2644/2620/2579
f 3136/3106/3032 3137/3107/3033 3138/3108/3034
f 3139/3109/3035 3138/3108/3034 3137/3107/3033
f 3137/3107/3033 3140/3110/3036 3139/3109/3035
f 3141/3111/3037 3139/3109/3035 3140/3110/3036
f 3140/3110/3036 3135/3105/3031 3141/3111/3037
f 3142/3112/3038 3141/3111/3037 3135/3105/3031
f 3135/3105/3031 3134/3104/3030 3142/3112/3038
f 3133/3103/3029 3142/3112/3038 3134/3104/3030
f 3142/3112/3038 3133/3103/3029 2295/2271/2249
f 2293/2269/2247 2295/2271/2249 3133/3103/3029
f 3143/3113/3039 3144/3114/3040 3145/3115/3041
f 3146/3116/3042 3145/3115/3041 3144/3114/3040
f 3145/3115/3041 3146/3116/3042 3147/3117/3043
f 2285/2261/2239 3147/3117/3043 3146/3116/3042
f 3146/3116/3042 2295/2271/2249 2285/2261/2239
f 3144/3114/3040 2295/2271/2249 3146/3116/3042
f 2295/2271/2249 3144/3114/3040 3142/3112/3038
f 3141/3111/3037 3142/3112/3038 3144/3114/3040
f 3144/3114/3040 3143/3113/3039 3141/3111/3037
f 3139/3109/3035 3141/3111/3037 3143/3113/3039
f 3139/3109/3035 3148/3118/3044 3138/3108/3034
f 3148/3118/3044 3139/3109/3035 3149/3119/3045
f 3143/3113/3039 3149/3119/3045 3139/3109/3035
f 3149/3119/3045 3143/3113/3039 3150/3120/3046
f 3145/3115/3041 3150/3120/3046 3143/3113/3039
f 3150/3120/3046 3145/3115/3041 3151/3121/3047
f 3145/3115/3041 3147/3117/3043 3151/3121/3047
f 3151/3121/3047 3147/3117/3043 3152/3122/3048
f 2285/2261/2239 3152/3122/3048 3147/3117/3043
f 2285/2261/2239 2284/2260/2238 3152/3122/3048
f 2641/2617/2576 2644/2620/2579 3135/3105/3031
f 3135/3105/3031 3140/3110/3036 2641/2617/2576
f 2657/2633/2591 2641/2617/2576 3140/3110/3036
f 3140/3110/3036 3137/3107/3033 2657/2633/2591
f 2658/2634/2592 2657/2633/2591 3137/3107/3033
f 2658/2634/2592 3137/3107/3033 3136/3106/3032
f 3136/3106/3032 2717/2693/2650 2658/2634/2592
f 2717/2693/2650 3136/3106/3032 3153/3123/3049
f 3138/3108/3034 3153/3123/3049 3136/3106/3032
f 3153/3123/3049 3138/3108/3034 3148/3118/3044
f 3154/3124/3050 3155/3125/3051 3156/3126/3052
f 3157/3127/3053 3158/3128/3054 3159/3129/3055
f 3157/3127/3053 3160/3130/3056 3158/3128/3054
f 3157/3127/3053 3161/3131/3057 3160/3130/3056
f 3161/3131/3057 3155/3125/3051 3160/3130/3056
f 3155/3125/3051 3161/3131/3057 3162/3132/3058
f 3156/3126/3052 3155/3125/3051 3162/3132/3058
f 3156/3126/3052 3162/3132/3058 3163/3133/3059
f 3163/3133/3059 3164/3134/3060 3156/3126/3052
f 3164/3134/3060 3163/3133/3059 3165/3135/3061
f 3165/3135/3061 3166/3136/3062 3164/3134/3060
f 3154/3124/3050 3167/3137/3063 3155/3125/3051
f 3155/3125/3051 3167/3137/3063 3168/3138/3064
f 3155/3125/3051 3168/3138/3064 3160/3130/3056
f 3169/3139/3065 3160/3130/3056 3168/3138/3064
f 3169/3139/3065 3158/3128/3054 3160/3130/3056
f 3170/3140/3066 3158/3128/3054 3169/3139/3065
f 3170/3140/3066 3159/3129/3055 3158/3128/3054
f 3159/3129/3055 3170/3140/3066 3171/3141/3067
f 3159/3129/3055 3171/3141/3067 3172/3142/3068
f 3171/3141/3067 3173/3143/3069 3172/3142/3068
f 3174/3144/3070 3175/3145/3071 3176/3146/3072
f 3172/3142/3068 3176/3146/3072 3175/3145/3071
f 3175/3145/3071 3177/3147/3073 3172/3142/3068
f 3177/3147/3073 3178/3148/296 3172/3142/3068
f 3172/3142/3068 3178/3148/296 3159/3129/3055
f 3157/3127/3053 3159/3129/3055 3178/3148/296
f 3179/3149/3074 3162/3132/3058 3180/3150/3075
f 3162/3132/3058 3161/3131/3057 3180/3150/3075
f 3161/3131/3057 3181/3151/3076 3180/3150/3075
f 3161/3131/3057 3157/3127/3053 3181/3151/3076
f 3181/3151/3076 3157/3127/3053 3182/3152/3077
f 3178/3148/296 3182/3152/3077 3157/3127/3053
f 3182/3152/3077 3178/3148/296 3183/3153/672
f 3183/3153/672 3178/3148/296 3177/3147/3073
f 3183/3153/672 3177/3147/3073 3184/3154/3078
f 3175/3145/3071 3184/3154/3078 3177/3147/3073
f 3184/3154/3078 3175/3145/3071 3185/3155/3079
f 3175/3145/3071 3174/3144/3070 3185/3155/3079
f 3174/3144/3070 3186/3156/3080 3185/3155/3079
f 3184/3154/3078 3185/3155/3079 3187/3157/3081
f 3186/3156/3080 3188/3158/3082 3189/3159/3083
f 3189/3159/3083 3185/3155/3079 3186/3156/3080
f 3190/3160/3084 3185/3155/3079 3189/3159/3083
f 3185/3155/3079 3190/3160/3084 3187/3157/3081
f 3190/3160/3084 3191/3161/3085 3187/3157/3081
f 3187/3157/3081 3191/3161/3085 3184/3154/3078
f 3192/3162/3086 3184/3154/3078 3191/3161/3085
f 3192/3162/3086 3183/3153/672 3184/3154/3078
f 3193/3163/3087 3183/3153/672 3192/3162/3086
f 3183/3153/672 3193/3163/3087 3194/3164/3088
f 3195/3165/3089 3196/3166/3090 3197/3167/3091
f 3197/3167/3091 3196/3166/3090 3198/3168/3092
f 3197/3167/3091 3198/3168/3092 3199/3169/3093
f 3200/3170/3094 3199/3169/3093 3198/3168/3092
f 3199/3169/3093 3200/3170/3094 3201/3171/3095
f 3193/3163/3087 3201/3171/3095 3200/3170/3094
f 3202/3172/3096 3201/3171/3095 3193/3163/3087
f 3192/3162/3086 3202/3172/3096 3193/3163/3087
f 3202/3172/3096 3192/3162/3086 3191/3161/3085
f 3203/3173/3097 3199/3169/3093 3201/3171/3095
f 3204/3174/3098 3190/3160/3084 3205/3175/3099
f 3190/3160/3084 3204/3174/3098 3191/3161/3085
f 3191/3161/3085 3204/3174/3098 3206/3176/3100
f 3202/3172/3096 3191/3161/3085 3206/3176/3100
f 3206/3176/3100 3207/3177/3101 3202/3172/3096
f 3202/3172/3096 3207/3177/3101 3201/3171/3095
f 3207/3177/3101 3208/3178/3102 3201/3171/3095
f 3201/3171/3095 3208/3178/3102 3203/3173/3097
f 3203/3173/3097 3208/3178/3102 3209/3179/3103
f 3203/3173/3097 3209/3179/3103 3199/3169/3093
f 3210/3180/3104 3211/3181/3105 3208/3178/3102
f 3210/3180/3104 3208/3178/3102 3207/3177/3101
f 3212/3182/3106 3210/3180/3104 3207/3177/3101
f 3206/3176/3100 3212/3182/3106 3207/3177/3101
f 3213/3183/3107 3204/3174/3098 3214/3184/3108
f 3213/3183/3107 3206/3176/3100 3204/3174/3098
f 3215/3185/3109 3206/3176/3100 3213/3183/3107
f 3206/3176/3100 3215/3185/3109 3212/3182/3106
f 3215/3185/3109 3216/3186/3110 3212/3182/3106
f 3212/3182/3106 3216/3186/3110 3210/3180/3104
f 3216/3186/3110 3217/3187/3111 3210/3180/3104
f 3210/3180/3104 3217/3187/3111 3211/3181/3105
f 3218/3188/3112 3211/3181/3105 3217/3187/3111
f 3211/3181/3105 3218/3188/3112 3208/3178/3102
f 3216/3186/3110 3219/3189/3113 3217/3187/3111
f 3214/3184/3108 3220/3190/3114 3213/3183/3107
f 3221/3191/3115 3213/3183/3107 3220/3190/3114
f 3213/3183/3107 3221/3191/3115 3215/3185/3109
f 3222/3192/3116 3215/3185/3109 3221/3191/3115
f 3215/3185/3109 3222/3192/3116 3216/3186/3110
f 3222/3192/3116 3223/3193/3117 3216/3186/3110
f 3223/3193/3117 3219/3189/3113 3216/3186/3110
f 3223/3193/3117 3224/3194/3118 3219/3189/3113
f 3223/3193/3117 3225/3195/3119 3224/3194/3118
f 3226/3196/3120 3225/3195/3119 3223/3193/3117
f 3222/3192/3116 3226/3196/3120 3223/3193/3117
f 3221/3191/3115 3226/3196/3120 3222/3192/3116
f 3227/3197/3121 3226/3196/3120 3221/3191/3115
f 3227/3197/3121 3221/3191/3115 3228/3198/3122
f 3220/3190/3114 3228/3198/3122 3221/3191/3115
f 3228/3198/3122 3220/3190/3114 3229/3199/3123
f 3230/3200/3124 3229/3199/3123 3220/3190/3114
f 3230/3200/3124 3220/3190/3114 3214/3184/3108
f 3214/3184/3108 3205/3175/3099 3230/3200/3124
f 3205/3175/3099 3214/3184/3108 3204/3174/3098
f 3231/3201/3125 3232/3202/3126 3233/3203/3127
f 3232/3202/3126 3231/3201/3125 3234/3204/3128
f 3231/3201/3125 3229/3199/3123 3234/3204/3128
f 3229/3199/3123 3235/3205/3129 3234/3204/3128
f 3235/3205/3129 3229/3199/3123 3230/3200/3124
f 3230/3200/3124 3236/3206/3130 3235/3205/3129
f 3236/3206/3130 3230/3200/3124 3205/3175/3099
f 3205/3175/3099 3188/3158/3082 3236/3206/3130
f 3188/3158/3082 3205/3175/3099 3189/3159/3083
f 3189/3159/3083 3205/3175/3099 3190/3160/3084
f 3235/3205/3129 3232/3202/3126 3234/3204/3128
f 3237/3207/3131 3238/3208/3132 3233/3203/3127
f 3233/3203/3127 3239/3209/3133 3237/3207/3131
f 3239/3209/3133 3233/3203/3127 3232/3202/3126
f 3240/3210/3134 3239/3209/3133 3232/3202/3126
f 3232/3202/3126 3235/3205/3129 3240/3210/3134
f 3240/3210/3134 3235/3205/3129 3241/3211/3135
f 3241/3211/3135 3235/3205/3129 3236/3206/3130
f 3241/3211/3135 3236/3206/3130 3242/3212/3136
f 3242/3212/3136 3236/3206/3130 3188/3158/3082
f 3188/3158/3082 3186/3156/3080 3242/3212/3136
f 3239/3209/3133 3240/3210/3134 3243/3213/3137
f 3241/3211/3135 3243/3213/3137 3240/3210/3134
f 3241/3211/3135 3244/3214/3138 3243/3213/3137
f 3244/3214/3138 3241/3211/3135 3242/3212/3136
f 3242/3212/3136 3186/3156/3080 3244/3214/3138
f 3172/3142/3068 3173/3143/3069 3176/3146/3072
f 3245/3215/3139 3176/3146/3072 3173/3143/3069
f 3176/3146/3072 3245/3215/3139 3174/3144/3070
f 3245/3215/3139 3246/3216/3140 3174/3144/3070
f 3186/3156/3080 3174/3144/3070 3246/3216/3140
f 3247/3217/3141 3186/3156/3080 3246/3216/3140
f 3186/3156/3080 3247/3217/3141 3244/3214/3138
f 3248/3218/3142 3244/3214/3138 3247/3217/3141
f 3244/3214/3138 3248/3218/3142 3243/3213/3137
f 3249/3219/3143 3243/3213/3137 3248/3218/3142
f 3245/3215/3139 3250/3220/3144 3246/3216/3140
f 3250/3220/3144 3251/3221/3145 3246/3216/3140
f 3251/3221/3145 3247/3217/3141 3246/3216/3140
f 3248/3218/3142 3247/3217/3141 3251/3221/3145
f 3252/3222/3146 3248/3218/3142 3251/3221/3145
f 3249/3219/3143 3248/3218/3142 3252/3222/3146
f 3252/3222/3146 3253/3223/3147 3249/3219/3143
f 3253/3223/3147 3254/3224/3148 3249/3219/3143
f 3239/3209/3133 3243/3213/3137 3249/3219/3143
f 3249/3219/3143 3254/3224/3148 3239/3209/3133
f 3237/3207/3131 3239/3209/3133 3254/3224/3148
f 3237/3207/3131 3254/3224/3148 3255/3225/3149
f 3256/3226/3150 3255/3225/3149 3254/3224/3148
f 3257/3227/3151 3256/3226/3150 3254/3224/3148
f 3254/3224/3148 3253/3223/3147 3257/3227/3151
f 3258/3228/3152 3257/3227/3151 3253/3223/3147
f 3258/3228/3152 3253/3223/3147 3259/3229/3153
f 3258/3228/3152 3259/3229/3153 3260/3230/3154
f 3261/3231/3155 3262/3232/3156 3263/3233/3157
f 3263/3233/3157 3264/3234/3158 3261/3231/3155
f 3261/3231/3155 3264/3234/3158 3258/3228/3152
f 3257/3227/3151 3258/3228/3152 3264/3234/3158
f 3265/3235/3159 3262/3232/3156 3266/3236/3160
f 3262/3232/3156 3261/3231/3155 3266/3236/3160
f 3266/3236/3160 3261/3231/3155 3267/3237/3161
f 3261/3231/3155 3258/3228/3152 3267/3237/3161
f 3267/3237/3161 3258/3228/3152 3260/3230/3154
f 3268/3238/3162 3269/3239/3163 3270/3240/3164
f 3268/3238/3162 3271/3241/3165 3269/3239/3163
f 3271/3241/3165 3272/3242/3166 3269/3239/3163
f 3271/3241/3165 3273/3243/3167 3272/3242/3166
f 3272/3242/3166 3273/3243/3167 3274/3244/3168
f 3260/3230/3154 3274/3244/3168 3273/3243/3167
f 3275/3245/3169 3260/3230/3154 3273/3243/3167
f 3275/3245/3169 3267/3237/3161 3260/3230/3154
f 3267/3237/3161 3275/3245/3169 3276/3246/3170
f 3266/3236/3160 3267/3237/3161 3276/3246/3170
f 3277/3247/3171 3278/3248/3172 3279/3249/3173
f 3279/3249/3173 3280/3250/3174 3277/3247/3171
f 3280/3250/3174 3281/3251/3175 3277/3247/3171
f 3276/3246/3170 3281/3251/3175 3280/3250/3174
f 3281/3251/3175 3276/3246/3170 3282/3252/3176
f 3282/3252/3176 3276/3246/3170 3275/3245/3169
f 3275/3245/3169 3271/3241/3165 3282/3252/3176
f 3271/3241/3165 3275/3245/3169 3273/3243/3167
f 3283/3253/3177 3284/3254/3178 3279/3249/3173
f 3280/3250/3174 3279/3249/3173 3284/3254/3178
f 3280/3250/3174 3284/3254/3178 3285/3255/3179
f 3285/3255/3179 3286/3256/3180 3280/3250/3174
f 3276/3246/3170 3280/3250/3174 3286/3256/3180
f 3286/3256/3180 3266/3236/3160 3276/3246/3170
f 3265/3235/3159 3266/3236/3160 3286/3256/3180
f 3286/3256/3180 3287/3257/3181 3265/3235/3159
f 3287/3257/3181 3286/3256/3180 3285/3255/3179
f 3288/3258/3182 3287/3257/3181 3285/3255/3179
f 3288/3258/3182 3285/3255/3179 3284/3254/3178
f 3289/3259/3183 3288/3258/3182 3284/3254/3178
f 3284/3254/3178 3283/3253/3177 3289/3259/3183
f 3289/3259/3183 3283/3253/3177 3278/3248/3172
f 3283/3253/3177 3279/3249/3173 3278/3248/3172
f 3288/3258/3182 3289/3259/3183 3290/3260/3184
f 3278/3248/3172 3291/3261/3185 3289/3259/3183
f 3292/3262/3186 3291/3261/3185 3278/3248/3172
f 3291/3261/3185 3292/3262/3186 3293/3263/3187
f 3294/3264/3188 3295/3265/3189 3296/3266/3190
f 3290/3260/3184 3296/3266/3190 3295/3265/3189
f 3296/3266/3190 3290/3260/3184 3297/3267/3191
f 3289/3259/3183 3297/3267/3191 3290/3260/3184
f 3298/3261/3192 3297/3267/3191 3289/3259/3183
f 3297/3267/3191 3298/3261/3192 3299/3268/3193
f 3300/3263/3194 3299/3268/3193 3298/3261/3192
f 3300/3263/3194 3301/3269/3195 3299/3268/3193
f 3301/3269/3195 3300/3263/3194 3302/3270/3196
f 3301/3269/3195 3302/3270/3196 3303/3271/3197
f 3304/3272/3198 3299/3268/3193 3301/3269/3195
f 3305/3273/3199 3306/3274/3200 3307/3275/3201
f 3307/3275/3201 3299/3268/3193 3305/3273/3199
f 3299/3268/3193 3307/3275/3201 3296/3266/3190
f 3299/3268/3193 3296/3266/3190 3297/3267/3191
f 3299/3268/3193 3304/3272/3198 3305/3273/3199
f 3308/3276/3202 3305/3273/3199 3304/3272/3198
f 3308/3276/3202 3304/3272/3198 3309/3277/3203
f 3304/3272/3198 3301/3269/3195 3309/3277/3203
f 3309/3277/3203 3301/3269/3195 3310/3278/3204
f 3311/3279/3205 3310/3278/3204 3301/3269/3195
f 3312/3280/3206 3307/3275/3201 3306/3274/3200
f 3307/3275/3201 3312/3280/3206 3294/3264/3188
f 3294/3264/3188 3296/3266/3190 3307/3275/3201
f 3313/3281/3207 3310/3278/3204 3314/3282/3208
f 3313/3281/3207 3309/3277/3203 3310/3278/3204
f 3309/3277/3203 3313/3281/3207 3308/3276/3202
f 3308/3276/3202 3313/3281/3207 3315/3283/3209
f 3315/3283/3209 3313/3281/3207 3316/3284/3210
f 3317/3285/3211 3315/3283/3209 3316/3284/3210
f 3316/3284/3210 3313/3281/3207 3314/3282/3208
f 3318/3286/3212 3319/3287/3213 3320/3288/3214
f 3319/3287/3213 3321/3289/3215 3320/3288/3214
f 3321/3289/3215 3319/3287/3213 3322/3290/3216
f 3317/3285/3211 3321/3289/3215 3322/3290/3216
f 3322/3290/3216 3323/3291/3217 3317/3285/3211
f 3315/3283/3209 3317/3285/3211 3323/3291/3217
f 3323/3291/3217 3324/3292/3218 3315/3283/3209
f 3324/3292/3218 3308/3276/3202 3315/3283/3209
f 3308/3276/3202 3324/3292/3218 3306/3274/3200
f 3305/3273/3199 3308/3276/3202 3306/3274/3200
f 3325/3293/3219 3326/3294/3220 3327/3295/2716
f 3326/3294/3220 3328/3296/3221 3327/3295/2716
f 3328/3296/3221 3326/3294/3220 3329/3297/3222
f 3328/3296/3221 3329/3297/3222 3322/3290/3216
f 3322/3290/3216 3329/3297/3222 3323/3291/3217
f 3329/3297/3222 3330/3298/3223 3323/3291/3217
f 3323/3291/3217 3330/3298/3223 3324/3292/3218
f 3330/3298/3223 3331/3299/3224 3324/3292/3218
f 3306/3274/3200 3324/3292/3218 3331/3299/3224
f 3330/3298/3223 3329/3297/3222 3326/3294/3220
f 3332/3300/3225 3327/3295/2716 3328/3296/3221
f 3328/3296/3221 3333/3301/3226 3332/3300/3225
f 3333/3301/3226 3328/3296/3221 3322/3290/3216
f 3333/3301/3226 3322/3290/3216 3319/3287/3213
f 3334/3302/3227 3319/3287/3213 3318/3286/3212
f 3335/3303/3228 3319/3287/3213 3334/3302/3227
f 3335/3303/3228 3333/3301/3226 3319/3287/3213
f 3333/3301/3226 3335/3303/3228 3336/3304/3229
f 3336/3304/3229 3332/3300/3225 3333/3301/3226
f 3332/3300/3225 3336/3304/3229 3337/3305/3230
f 3337/3305/3230 3338/3306/3231 3332/3300/3225
f 3327/3295/2716 3332/3300/3225 3338/3306/3231
f 3327/3295/2716 3338/3306/3231 3339/3307/3232
f 3339/3307/3232 3340/3308/3233 3327/3295/2716
f 3335/3303/3228 3341/3309/3234 3342/3310/3235
f 3342/3310/3235 3336/3304/3229 3335/3303/3228
f 3336/3304/3229 3342/3310/3235 3343/3311/3236
f 3344/3312/3237 3342/3310/3235 3345/3313/3238
f 3341/3309/3234 3345/3313/3238 3342/3310/3235
f 3341/3309/3234 3346/3314/3239 3345/3313/3238
f 3346/3314/3239 3341/3309/3234 3347/3315/3240
f 3341/3309/3234 3335/3303/3228 3347/3315/3240
f 3347/3315/3240 3335/3303/3228 3334/3302/3227
f 3347/3315/3240 3334/3302/3227 3348/3316/3241
f 3349/3317/3242 3347/3315/3240 3348/3316/3241
f 3350/3318/3243 3347/3315/3240 3349/3317/3242
f 3350/3318/3243 3346/3314/3239 3347/3315/3240
f 3351/3319/3244 3346/3314/3239 3350/3318/3243
f 3345/3313/3238 3346/3314/3239 3351/3319/3244
f 3352/3320/338 3345/3313/3238 3351/3319/3244
f 3353/3321/3245 3345/3313/3238 3352/3320/338
f 3345/3313/3238 3353/3321/3245 3344/3312/3237
f 3353/3321/3245 3354/3322/1361 3344/3312/3237
f 3342/3310/3235 3344/3312/3237 3354/3322/1361
f 3354/3322/1361 3353/3321/3245 3355/3323/3246
f 3356/3324/3247 3357/3325/3248 3358/3326/3249
f 3356/3324/3247 3358/3326/3249 3359/3319/3250
f 3360/3327/3251 3356/3324/3247 3359/3319/3250
f 3350/3318/3243 3360/3327/3251 3359/3319/3250
f 3360/3327/3251 3350/3318/3243 3361/3328/3252
f 3349/3317/3242 3361/3328/3252 3350/3318/3243
f 3349/3317/3242 3362/3329/3253 3361/3328/3252
f 3349/3317/3242 3348/3316/3241 3362/3329/3253
f 3363/3330/3254 3362/3329/3253 3348/3316/3241
f 3348/3316/3241 3364/3331/3255 3363/3330/3254
f 3365/3332/3256 3366/3333/3257 3367/3334/3258
f 3365/3332/3256 3368/3335/3259 3366/3333/3257
f 3366/3333/3257 3368/3335/3259 3369/3336/3260
f 3366/3333/3257 3369/3336/3260 3370/3337/3261
f 3370/3337/3261 3371/3338/3262 3366/3333/3257
f 3370/3337/3261 3364/3331/3255 3371/3338/3262
f 3372/3339/3263 3371/3338/3262 3364/3331/3255
f 3364/3331/3255 3348/3316/3241 3372/3339/3263
f 3348/3316/3241 3318/3286/3212 3372/3339/3263
f 3348/3316/3241 3334/3302/3227 3318/3286/3212
f 3373/3340/3264 3374/3341/3265 3375/3342/3266
f 3375/3342/3266 3367/3334/3258 3373/3340/3264
f 3376/3343/3267 3373/3340/3264 3367/3334/3258
f 3376/3343/3267 3367/3334/3258 3366/3333/3257
f 3366/3333/3257 3371/3338/3262 3376/3343/3267
f 3371/3338/3262 3377/3344/3268 3376/3343/3267
f 3371/3338/3262 3372/3339/3263 3377/3344/3268
f 3377/3344/3268 3372/3339/3263 3378/3345/3269
f 3318/3286/3212 3378/3345/3269 3372/3339/3263
f 3378/3345/3269 3318/3286/3212 3320/3288/3214
f 3373/3340/3264 3376/3343/3267 3379/3346/3270
f 3377/3344/3268 3379/3346/3270 3376/3343/3267
f 3374/3341/3265 3373/3340/3264 3380/3347/3271
f 3373/3340/3264 3379/3346/3270 3380/3347/3271
f 3379/3346/3270 3381/3348/3272 3380/3347/3271
f 3301/3269/3195 3303/3271/3197 3381/3348/3272
f 3381/3348/3272 3311/3279/3205 3301/3269/3195
f 3381/3348/3272 3379/3346/3270 3311/3279/3205
f 3310/3278/3204 3311/3279/3205 3379/3346/3270
f 3377/3344/3268 3310/3278/3204 3379/3346/3270
f 3377/3344/3268 3314/3282/3208 3310/3278/3204
f 3314/3282/3208 3377/3344/3268 3378/3345/3269
f 3378/3345/3269 3316/3284/3210 3314/3282/3208
f 3320/3288/3214 3316/3284/3210 3378/3345/3269
f 3316/3284/3210 3320/3288/3214 3317/3285/3211
f 3321/3289/3215 3317/3285/3211 3320/3288/3214
f 3382/3349/3273 3303/3271/3197 3302/3270/3196
f 3303/3271/3197 3382/3349/3273 3383/3350/3274
f 3383/3350/3274 3381/3348/3272 3303/3271/3197
f 3381/3348/3272 3383/3350/3274 3384/3351/3275
f 3381/3348/3272 3384/3351/3275 3380/3347/3271
f 3384/3351/3275 3385/3352/3276 3380/3347/3271
f 3386/3353/3277 3380/3347/3271 3385/3352/3276
f 3380/3347/3271 3386/3353/3277 3374/3341/3265
f 3387/3354/3278 3374/3341/3265 3386/3353/3277
f 3374/3341/3265 3387/3354/3278 3375/3342/3266
f 3385/3352/3276 3384/3351/3275 3388/3355/3279
f 3388/3355/3279 3389/3356/3280 3385/3352/3276
f 3389/3356/3280 3386/3353/3277 3385/3352/3276
f 3389/3356/3280 3390/3357/3281 3386/3353/3277
f 3390/3357/3281 3387/3354/3278 3386/3353/3277
f 3390/3357/3281 3391/3358/3282 3387/3354/3278
f 3391/3358/3282 3375/3342/3266 3387/3354/3278
f 3391/3358/3282 3392/3359/3283 3375/3342/3266
f 3392/3359/3283 3367/3334/3258 3375/3342/3266
f 3367/3334/3258 3392/3359/3283 3365/3332/3256
f 3365/3332/3256 3393/3360/3284 3368/3335/3259
f 3393/3360/3284 3365/3332/3256 3392/3359/3283
f 3394/3361/3285 3393/3360/3284 3392/3359/3283
f 3392/3359/3283 3391/3358/3282 3394/3361/3285
f 3395/3362/3286 3394/3361/3285 3391/3358/3282
f 3390/3357/3281 3395/3362/3286 3391/3358/3282
f 3396/3363/3287 3395/3362/3286 3390/3357/3281
f 3390/3357/3281 3389/3356/3280 3396/3363/3287
f 3397/3364/3288 3396/3363/3287 3389/3356/3280
f 3389/3356/3280 3398/3365/3289 3397/3364/3288
f 3398/3365/3289 3399/3366/3290 3397/3364/3288
f 3398/3365/3289 3400/3367/3291 3399/3366/3290
f 3401/3368/3292 3399/3366/3290 3400/3367/3291
f 3401/3368/3292 3400/3367/3291 3402/3369/3293
f 3389/3356/3280 3388/3355/3279 3403/3370/3294
f 3398/3365/3289 3389/3356/3280 3403/3370/3294
f 3403/3370/3294 3404/3371/3295 3398/3365/3289
f 3400/3367/3291 3398/3365/3289 3404/3371/3295
f 3404/3371/3295 3405/3372/3296 3400/3367/3291
f 3405/3372/3296 3402/3369/3293 3400/3367/3291
f 3402/3369/3293 3405/3372/3296 3406/3373/3297
f 3407/3374/3298 3402/3369/3293 3406/3373/3297
f 3408/3375/3299 3407/3374/3298 3406/3373/3297
f 3409/3376/3300 3407/3374/3298 3408/3375/3299
f 3405/3372/3296 3410/3377/3301 3406/3373/3297
f 3406/3373/3297 3410/3377/3301 3411/3378/3302
f 3408/3375/3299 3406/3373/3297 3411/3378/3302
f 3412/3379/3303 3408/3375/3299 3411/3378/3302
f 3413/3380/3304 3409/3376/3300 3408/3375/3299
f 3413/3380/3304 3408/3375/3299 3412/3379/3303
f 3412/3379/3303 3414/3381/3305 3413/3380/3304
f 3414/3381/3305 3412/3379/3303 3415/3382/3306
f 3411/3378/3302 3415/3382/3306 3412/3379/3303
f 3416/3383/3307 3415/3382/3306 3411/3378/3302
f 3410/3377/3301 3416/3383/3307 3411/3378/3302
f 3410/3377/3301 3417/3384/3308 3416/3383/3307
f 3417/3384/3308 3410/3377/3301 3405/3372/3296
f 3405/3372/3296 3404/3371/3295 3417/3384/3308
f 3418/3385/3309 3416/3383/3307 3417/3384/3308
f 3418/3385/3309 3417/3384/3308 3404/3371/3295
f 3404/3371/3295 3403/3370/3294 3418/3385/3309
f 3419/3386/3310 3418/3385/3309 3403/3370/3294
f 3419/3386/3310 3403/3370/3294 3388/3355/3279
f 3293/3263/3187 3292/3262/3186 3414/3381/3305
f 3415/3382/3306 3293/3263/3187 3414/3381/3305
f 3293/3263/3187 3415/3382/3306 3302/3270/3196
f 3415/3382/3306 3416/3383/3307 3302/3270/3196
f 3382/3349/3273 3302/3270/3196 3416/3383/3307
f 3418/3385/3309 3382/3349/3273 3416/3383/3307
f 3382/3349/3273 3418/3385/3309 3420/3350/3311
f 3419/3386/3310 3420/3350/3311 3418/3385/3309
f 3420/3350/3311 3419/3386/3310 3384/3351/3275
f 3384/3351/3275 3419/3386/3310 3388/3355/3279
f 3421/3387/3312 3401/3368/3292 3402/3369/3293
f 3402/3369/3293 3407/3374/3298 3421/3387/3312
f 3422/3388/3313 3421/3387/3312 3407/3374/3298
f 3409/3376/3300 3422/3388/3313 3407/3374/3298
f 3409/3376/3300 3281/3251/3175 3422/3388/3313
f 3281/3251/3175 3409/3376/3300 3277/3247/3171
f 3277/3247/3171 3409/3376/3300 3278/3248/3172
f 3409/3376/3300 3413/3380/3304 3278/3248/3172
f 3292/3262/3186 3278/3248/3172 3413/3380/3304
f 3292/3262/3186 3413/3380/3304 3414/3381/3305
f 3423/3389/3314 3396/3363/3287 3397/3364/3288
f 3423/3389/3314 3397/3364/3288 3399/3366/3290
f 3399/3366/3290 3424/3390/3315 3423/3389/3314
f 3399/3366/3290 3401/3368/3292 3424/3390/3315
f 3268/3238/3162 3424/3390/3315 3401/3368/3292
f 3401/3368/3292 3421/3387/3312 3268/3238/3162
f 3271/3241/3165 3268/3238/3162 3421/3387/3312
f 3271/3241/3165 3421/3387/3312 3422/3388/3313
f 3282/3252/3176 3271/3241/3165 3422/3388/3313
f 3281/3251/3175 3282/3252/3176 3422/3388/3313
f 3425/3391/3316 3426/3392/3317 3394/3361/3285
f 3425/3391/3316 3394/3361/3285 3395/3362/3286
f 3425/3391/3316 3395/3362/3286 3427/3393/3318
f 3395/3362/3286 3396/3363/3287 3427/3393/3318
f 3396/3363/3287 3428/3394/3319 3427/3393/3318
f 3423/3389/3314 3428/3394/3319 3396/3363/3287
f 3423/3389/3314 3429/3395/3320 3428/3394/3319
f 3429/3395/3320 3423/3389/3314 3424/3390/3315
f 3424/3390/3315 3270/3240/3164 3429/3395/3320
f 3424/3390/3315 3268/3238/3162 3270/3240/3164
f 3429/3395/3320 3270/3240/3164 3430/3396/3321
f 3428/3394/3319 3429/3395/3320 3430/3396/3321
f 3431/3397/3322 3428/3394/3319 3430/3396/3321
f 3428/3394/3319 3431/3397/3322 3432/3398/3323
f 3428/3394/3319 3432/3398/3323 3427/3393/3318
f 3432/3398/3323 3425/3391/3316 3427/3393/3318
f 3270/3240/3164 3269/3239/3163 3431/3397/3322
f 3270/3240/3164 3431/3397/3322 3430/3396/3321
f 3433/3399/3324 3434/3400/3325 3435/3401/3326
f 3433/3399/3324 3435/3401/3326 3274/3244/3168
f 3435/3401/3326 3272/3242/3166 3274/3244/3168
f 3272/3242/3166 3435/3401/3326 3269/3239/3163
f 3269/3239/3163 3435/3401/3326 3431/3397/3322
f 3436/3402/3327 3431/3397/3322 3435/3401/3326
f 3436/3402/3327 3432/3398/3323 3431/3397/3322
f 3436/3402/3327 3437/3403/3328 3432/3398/3323
f 3425/3391/3316 3432/3398/3323 3437/3403/3328
f 3437/3403/3328 3438/3404/3329 3425/3391/3316
f 3439/3405/3330 3440/3406/3331 3441/3407/3332
f 3440/3406/3331 3439/3405/3330 3442/3408/3333
f 3443/3409/3334 3440/3406/3331 3442/3408/3333
f 3443/3409/3334 3442/3408/3333 3438/3404/3329
f 3444/3410/3335 3443/3409/3334 3438/3404/3329
f 3438/3404/3329 3437/3403/3328 3444/3410/3335
f 3445/3411/3336 3444/3410/3335 3437/3403/3328
f 3437/3403/3328 3436/3402/3327 3445/3411/3336
f 3446/3412/3337 3445/3411/3336 3436/3402/3327
f 3436/3402/3327 3434/3400/3325 3446/3412/3337
f 3434/3400/3325 3436/3402/3327 3435/3401/3326
f 3447/3413/3338 3440/3406/3331 3443/3409/3334
f 3448/3414/3339 3447/3413/3338 3443/3409/3334
f 3443/3409/3334 3444/3410/3335 3448/3414/3339
f 3448/3414/3339 3444/3410/3335 3449/3415/3340
f 3444/3410/3335 3445/3411/3336 3449/3415/3340
f 3449/3415/3340 3445/3411/3336 3450/3416/3341
f 3446/3412/3337 3450/3416/3341 3445/3411/3336
f 3450/3416/3341 3446/3412/3337 3451/3417/3342
f 3452/3418/3343 3450/3416/3341 3451/3417/3342
f 3453/3419/3344 3452/3418/3343 3451/3417/3342
f 3453/3419/3344 3454/3420/3345 3452/3418/3343
f 3454/3420/3345 3453/3419/3344 3455/3421/3346
f 3456/3422/3347 3448/3414/3339 3449/3415/3340
f 3457/3423/3348 3458/3424/3349 3440/3406/3331
f 3440/3406/3331 3447/3413/3338 3457/3423/3348
f 3447/3413/3338 3459/3425/3350 3457/3423/3348
f 3459/3425/3350 3447/3413/3338 3448/3414/3339
f 3448/3414/3339 3460/3426/3351 3459/3425/3350
f 3460/3426/3351 3448/3414/3339 3456/3422/3347
f 3454/3420/3345 3460/3426/3351 3456/3422/3347
f 3456/3422/3347 3452/3418/3343 3454/3420/3345
f 3452/3418/3343 3456/3422/3347 3449/3415/3340
f 3449/3415/3340 3450/3416/3341 3452/3418/3343
f 3459/3425/3350 3460/3426/3351 3461/3427/3352
f 3462/3428/3353 3463/3429/3354 3458/3424/3349
f 3458/3424/3349 3464/3430/3355 3462/3428/3353
f 3458/3424/3349 3457/3423/3348 3464/3430/3355
f 3457/3423/3348 3459/3425/3350 3464/3430/3355
f 3464/3430/3355 3459/3425/3350 3465/3431/3356
f 3459/3425/3350 3461/3427/3352 3465/3431/3356
f 3465/3431/3356 3461/3427/3352 3466/3432/3357
f 3461/3427/3352 3467/3433/3358 3466/3432/3357
f 3468/3434/3359 3467/3433/3358 3461/3427/3352
f 3460/3426/3351 3468/3434/3359 3461/3427/3352
f 3460/3426/3351 3454/3420/3345 3468/3434/3359
f 3462/3428/3353 3464/3430/3355 3469/3435/3360
f 3464/3430/3355 3465/3431/3356 3469/3435/3360
f 3455/3421/3346 3468/3434/3359 3454/3420/3345
f 3468/3434/3359 3455/3421/3346 3470/3436/3361
f 3468/3434/3359 3470/3436/3361 3471/3437/3362
f 3468/3434/3359 3471/3437/3362 3467/3433/3358
f 3467/3433/3358 3471/3437/3362 3472/3438/3363
f 3467/3433/3358 3472/3438/3363 3473/3439/1025
f 3473/3439/1025 3466/3432/3357 3467/3433/3358
f 3466/3432/3357 3473/3439/1025 3474/3440/3364
f 3465/3431/3356 3466/3432/3357 3474/3440/3364
f 3465/3431/3356 3474/3440/3364 3475/3441/3365
f 3451/3417/3342 3476/3442/3366 3477/3443/3367
f 3477/3443/3367 3453/3419/3344 3451/3417/3342
f 3478/3444/3368 3453/3419/3344 3477/3443/3367
f 3478/3444/3368 3455/3421/3346 3453/3419/3344
f 3479/3445/3369 3455/3421/3346 3478/3444/3368
f 3479/3445/3369 3470/3436/3361 3455/3421/3346
f 3480/3446/3370 3470/3436/3361 3479/3445/3369
f 3470/3436/3361 3480/3446/3370 3471/3437/3362
f 3481/3447/3371 3471/3437/3362 3480/3446/3370
f 3481/3447/3371 3472/3438/3363 3471/3437/3362
f 3482/3448/3372 3481/3447/3371 3483/3449/3373
f 3484/3450/3374 3483/3449/3373 3481/3447/3371
f 3480/3446/3370 3484/3450/3374 3481/3447/3371
f 3479/3445/3369 3484/3450/3374 3480/3446/3370
f 3479/3445/3369 3485/3451/3375 3484/3450/3374
f 3486/3452/3376 3484/3450/3374 3485/3451/3375
f 3484/3450/3374 3486/3452/3376 3487/3453/3377
f 3486/3452/3376 3488/3454/3378 3487/3453/3377
f 3489/3455/3379 3487/3453/3377 3488/3454/3378
f 3490/3456/3380 3489/3455/3379 3488/3454/3378
f 3491/3457/3381 3492/3458/3382 3493/3459/3383
f 3492/3458/3382 3491/3457/3381 3494/3460/3384
f 3495/3461/3385 3494/3460/3384 3491/3457/3381
f 3494/3460/3384 3495/3461/3385 3489/3455/3379
f 3482/3448/3372 3489/3455/3379 3495/3461/3385
f 3489/3455/3379 3482/3448/3372 3487/3453/3377
f 3483/3449/3373 3487/3453/3377 3482/3448/3372
f 3484/3450/3374 3487/3453/3377 3483/3449/3373
f 3489/3455/3379 3490/3456/3380 3494/3460/3384
f 3496/3462/3386 3494/3460/3384 3490/3456/3380
f 3494/3460/3384 3496/3462/3386 3492/3458/3382
f 3492/3458/3382 3496/3462/3386 3497/3463/3387
f 3497/3463/3387 3493/3459/3383 3492/3458/3382
f 3497/3463/3387 3498/3464/3388 3493/3459/3383
f 3499/3465/3389 3496/3462/3386 3500/3466/3390
f 3490/3456/3380 3500/3466/3390 3496/3462/3386
f 3500/3466/3390 3490/3456/3380 3488/3454/3378
f 3493/3459/3383 3501/3467/3391 3502/3468/3392
f 3493/3459/3383 3498/3464/3388 3501/3467/3391
f 3498/3464/3388 3503/3469/3049 3501/3467/3391
f 3497/3463/3387 3503/3469/3049 3498/3464/3388
f 3497/3463/3387 3504/3470/3393 3503/3469/3049
f 3496/3462/3386 3504/3470/3393 3497/3463/3387
f 3496/3462/3386 3505/3471/3394 3504/3470/3393
f 3499/3465/3389 3505/3471/3394 3496/3462/3386
f 3505/3471/3394 3499/3465/3389 3506/3472/3395
f 3506/3472/3395 3499/3465/3389 3500/3466/3390
f 3156/3126/3052 3506/3472/3395 3154/3124/3050
f 3506/3472/3395 3156/3126/3052 3164/3134/3060
f 3166/3136/3062 3506/3472/3395 3164/3134/3060
f 3506/3472/3395 3166/3136/3062 3505/3471/3394
f 3166/3136/3062 3507/3473/3396 3505/3471/3394
f 3508/3474/3397 3505/3471/3394 3507/3473/3396
f 3509/3475/3398 3508/3474/3397 3507/3473/3396
f 3508/3474/3397 3509/3475/3398 3510/3476/3399
f 3509/3475/3398 3511/3477/3400 3510/3476/3399
f 3512/3478/3401 3510/3476/3399 3511/3477/3400
f 3513/3479/3402 3514/3480/3403 3503/3469/3049
f 3515/3481/3404 3503/3469/3049 3514/3480/3403
f 3514/3480/3403 3516/3482/3405 3515/3481/3404
f 3516/3482/3405 3517/3483/3406 3515/3481/3404
f 3516/3482/3405 3518/3484/2600 3517/3483/3406
f 3512/3478/3401 3518/3484/2600 3516/3482/3405
f 3510/3476/3399 3512/3478/3401 3516/3482/3405
f 3513/3479/3402 3510/3476/3399 3516/3482/3405
f 3508/3474/3397 3510/3476/3399 3513/3479/3402
f 3505/3471/3394 3508/3474/3397 3513/3479/3402
f 3505/3471/3394 3513/3479/3402 3504/3470/3393
f 3504/3470/3393 3513/3479/3402 3503/3469/3049
f 3513/3479/3402 3516/3482/3405 3514/3480/3403
f 3519/3485/3407 3512/3478/3401 3511/3477/3400
f 3512/3478/3401 3519/3485/3407 3520/3486/3408
f 3520/3486/3408 3518/3484/2600 3512/3478/3401
f 3518/3484/2600 3520/3486/3408 3521/3487/1696
f 3522/3488/3409 3518/3484/2600 3521/3487/1696
f 3518/3484/2600 3522/3488/3409 3523/3489/3410
f 3524/3490/3411 3518/3484/2600 3523/3489/3410
f 3518/3484/2600 3524/3490/3411 3517/3483/3406
f 3525/3491/3412 3517/3483/3406 3524/3490/3411
f 3517/3483/3406 3525/3491/3412 3515/3481/3404
f 3526/3492/3413 3515/3481/3404 3525/3491/3412
f 3515/3481/3404 3526/3492/3413 3503/3469/3049
f 3503/3469/3049 3526/3492/3413 3501/3467/3391
f 3527/3493/3414 3528/3494/3415 3529/3495/245
f 3530/3496/3416 3531/3497/3417 3532/3498/3418
f 3532/3498/3418 3533/3499/3419 3530/3496/3416
f 3532/3498/3418 3534/3500/3420 3533/3499/3419
f 3534/3500/3420 3535/3501/3421 3533/3499/3419
f 3533/3499/3419 3535/3501/3421 3536/3502/3422
f 3535/3501/3421 3537/3503/3423 3536/3502/3422
f 3536/3502/3422 3537/3503/3423 3527/3493/3414
f 3537/3503/3423 3538/3504/3424 3527/3493/3414
f 3527/3493/3414 3538/3504/3424 3528/3494/3415
f 3539/3505/243 3528/3494/3415 3538/3504/3424
f 3535/3501/3421 3540/3506/3425 3537/3503/3423
f 3538/3504/3424 3537/3503/3423 3540/3506/3425
f 3540/3506/3425 3541/3507/3426 3538/3504/3424
f 3540/3506/3425 3542/3508/3427 3541/3507/3426
f 3542/3508/3427 3543/3509/3428 3541/3507/3426
f 3538/3504/3424 3544/3510/240 3539/3505/243
f 3544/3510/240 3538/3504/3424 3541/3507/3426
f 3541/3507/3426 3545/3511/241 3544/3510/240
f 3541/3507/3426 3543/3509/3428 3545/3511/241
f 3543/3509/3428 3546/3512/3429 3545/3511/241
f 390/388/391 3540/3506/3425 473/471/474
f 3542/3508/3427 3540/3506/3425 390/388/391
f 3547/3513/3430 3542/3508/3427 390/388/391
f 3543/3509/3428 3542/3508/3427 3547/3513/3430
f 3547/3513/3430 3548/3514/3431 3543/3509/3428
f 3546/3512/3429 3543/3509/3428 3548/3514/3431
f 3548/3514/3431 383/381/384 3546/3512/3429
f 3546/3512/3429 383/381/384 3549/3515/3432
f 383/381/384 373/371/247 3549/3515/3432
f 383/381/384 374/372/375 373/371/247
f 383/381/384 3548/3514/3431 382/380/383
f 384/382/385 382/380/383 3548/3514/3431
f 3548/3514/3431 3547/3513/3430 384/382/385
f 385/383/386 384/382/385 3547/3513/3430
f 390/388/391 385/383/386 3547/3513/3430
f 3550/3516/3433 3551/3517/3434 3552/3518/3435
f 3552/3518/3435 3551/3517/3434 3553/3519/3436
f 2549/2525/2489 3554/3520/3437 2548/2524/2488
f 2548/2524/2488 3554/3520/3437 3550/3516/3433
f 2548/2524/2488 3550/3516/3433 2547/2523/2487
f 3552/3518/3435 2547/2523/2487 3550/3516/3433
f 2547/2523/2487 3552/3518/3435 2661/2637/2595
f 3555/3521/3438 2661/2637/2595 3552/3518/3435
f 3552/3518/3435 3553/3519/3436 3555/3521/3438
f 3556/3522/3439 3555/3521/3438 3553/3519/3436
f 3556/3522/3439 3553/3519/3436 3557/3523/3440
f 3556/3522/3439 3557/3523/3440 3558/3524/1003
f 3555/3521/3438 3556/3522/3439 3559/3525/3441
f 3559/3525/3441 3556/3522/3439 3560/3526/3442
f 3560/3526/3442 3556/3522/3439 3558/3524/1003
f 3561/3527/3443 2628/2604/2563 2630/2606/2565
f 3561/3527/3443 2630/2606/2565 3558/3524/1003
f 2638/2614/2573 3558/3524/1003 2630/2606/2565
f 3558/3524/1003 2638/2614/2573 3560/3526/3442
f 2640/2616/2575 3560/3526/3442 2638/2614/2573
f 3560/3526/3442 2640/2616/2575 3559/3525/3441
f 2652/2628/2586 3559/3525/3441 2640/2616/2575
f 2652/2628/2586 3555/3521/3438 3559/3525/3441
f 2661/2637/2595 3555/3521/3438 2652/2628/2586
f 2661/2637/2595 2652/2628/2586 2653/2629/2587
f 3558/3524/1003 3557/3523/3440 3562/3528/3444
f 3558/3524/1003 3562/3528/3444 3561/3527/3443
f 3563/3529/3445 3561/3527/3443 3562/3528/3444
f 2628/2604/2563 3561/3527/3443 3563/3529/3445
f 2596/2572/2536 2628/2604/2563 3563/3529/3445
f 3564/3530/3446 2599/2575/2539 2596/2572/2536
f 3564/3530/3446 2596/2572/2536 3563/3529/3445
f 3562/3528/3444 3564/3530/3446 3563/3529/3445
f 3564/3530/3446 3562/3528/3444 3565/3531/3447
f 3557/3523/3440 3565/3531/3447 3562/3528/3444
f 3557/3523/3440 3553/3519/3436 3565/3531/3447
f 3553/3519/3436 3566/3532/3448 3565/3531/3447
f 3553/3519/3436 3551/3517/3434 3566/3532/3448
f 3567/3533/3449 3566/3532/3448 3551/3517/3434
f 3567/3533/3449 3551/3517/3434 3550/3516/3433
f 3554/3520/3437 3567/3533/3449 3550/3516/3433
f 2599/2575/2539 3564/3530/3446 3565/3531/3447
f 3566/3532/3448 2599/2575/2539 3565/3531/3447
f 3554/3520/3437 2549/2525/2489 2561/2537/2501
f 2564/2540/2504 3554/3520/3437 2561/2537/2501
f 3567/3533/3449 3554/3520/3437 2564/2540/2504
f 2564/2540/2504 3568/3534/3450 3567/3533/3449
f 3567/3533/3449 3568/3534/3450 3566/3532/3448
f 2594/2570/2534 3566/3532/3448 3568/3534/3450
f 3566/3532/3448 2594/2570/2534 2599/2575/2539
f 2595/2571/2535 2599/2575/2539 2594/2570/2534
f 2586/2562/2526 2599/2575/2539 2595/2571/2535
f 2595/2571/2535 2587/2563/2527 2586/2562/2526
f 2583/2559/2523 2589/2565/2529 2584/2560/2524
f 3569/3535/3451 2584/2560/2524 2589/2565/2529
f 2589/2565/2529 2587/2563/2527 3569/3535/3451
f 3570/3536/3452 3569/3535/3451 2587/2563/2527
f 2587/2563/2527 2594/2570/2534 3570/3536/3452
f 3570/3536/3452 2594/2570/2534 3568/3534/3450
f 3571/3537/3453 3570/3536/3452 3568/3534/3450
f 2564/2540/2504 3571/3537/3453 3568/3534/3450
f 3572/3538/3454 3571/3537/3453 2564/2540/2504
f 2564/2540/2504 2563/2539/2503 3572/3538/3454
f 3573/3539/3455 3574/3540/3456 3575/3541/3457
f 3573/3539/3455 3575/3541/3457 3576/3542/3458
f 3572/3538/3454 3576/3542/3458 3575/3541/3457
f 3575/3541/3457 3577/3543/3459 3572/3538/3454
f 3571/3537/3453 3572/3538/3454 3577/3543/3459
f 3577/3543/3459 3578/3544/3460 3571/3537/3453
f 3578/3544/3460 3570/3536/3452 3571/3537/3453
f 3569/3535/3451 3570/3536/3452 3578/3544/3460
f 3579/3545/3461 3569/3535/3451 3578/3544/3460
f 3579/3545/3461 3580/3546/3462 3569/3535/3451
f 3579/3545/3461 3578/3544/3460 3577/3543/3459
f 3579/3545/3461 3577/3543/3459 3574/3540/3456
f 3577/3543/3459 3575/3541/3457 3574/3540/3456
f 3580/3546/3462 3579/3545/3461 3581/3547/3463
f 3574/3540/3456 3581/3547/3463 3579/3545/3461
f 3574/3540/3456 3582/3548/3464 3581/3547/3463
f 3574/3540/3456 3573/3539/3455 3582/3548/3464
f 3576/3542/3458 3572/3538/3454 2563/2539/2503
f 2563/2539/2503 2562/2538/2502 3576/3542/3458
f 2565/2541/2505 3576/3542/3458 2562/2538/2502
f 3573/3539/3455 3576/3542/3458 2565/2541/2505
f 3573/3539/3455 2565/2541/2505 3583/3549/3465
f 3582/3548/3464 3573/3539/3455 3583/3549/3465
f 3583/3549/3465 3584/3550/3466 3582/3548/3464
f 3584/3550/3466 3581/3547/3463 3582/3548/3464
f 3584/3550/3466 3585/3551/3467 3581/3547/3463
f 3580/3546/3462 3581/3547/3463 3585/3551/3467
f 3584/3550/3466 3583/3549/3465 3586/3552/3468
f 3587/3553/3469 3584/3550/3466 3586/3552/3468
f 3584/3550/3466 3587/3553/3469 3585/3551/3467
f 3587/3553/3469 3580/3546/3462 3585/3551/3467
f 3569/3535/3451 3580/3546/3462 3587/3553/3469
f 3587/3553/3469 2584/2560/2524 3569/3535/3451
f 2584/2560/2524 3587/3553/3469 2576/2552/2516
f 3586/3552/3468 2576/2552/2516 3587/3553/3469
f 2577/2553/2517 2576/2552/2516 3586/3552/3468
f 3583/3549/3465 2577/2553/2517 3586/3552/3468
f 2577/2553/2517 3583/3549/3465 2565/2541/2505
f 2565/2541/2505 2578/2554/2518 2577/2553/2517
f 2565/2541/2505 2566/2542/2506 2578/2554/2518
f 2566/2542/2506 2569/2545/2509 2578/2554/2518
f 2566/2542/2506 2567/2543/2507 2569/2545/2509
f 3588/3554/3470 3589/3555/3471 3590/3556/3472
f 3588/3554/3470 3591/3557/3473 3592/3558/3474
f 3589/3555/3471 3588/3554/3470 3592/3558/3474
f 3589/3555/3471 3592/3558/3474 674/670/675
f 674/670/675 672/668/673 3589/3555/3471
f 672/668/673 3590/3556/3472 3589/3555/3471
f 3590/3556/3472 672/668/673 670/666/671
f 460/458/461 3588/3554/3470 452/450/453
f 3588/3554/3470 3590/3556/3472 452/450/453
f 452/450/453 3590/3556/3472 450/448/451
f 670/666/671 450/448/451 3590/3556/3472
f 450/448/451 670/666/671 447/445/448
f 447/445/448 670/666/671 666/662/667
f 447/445/448 666/662/667 446/444/447
f 446/444/447 666/662/667 665/661/666
f 446/444/447 665/661/666 443/441/444
f 443/441/444 665/661/666 509/507/509
f 3593/3559/3475 2747/2720/2677 3594/3560/3476
f 2748/2721/2678 2747/2720/2677 3593/3559/3475
f 3595/3561/3477 2748/2721/2678 3593/3559/3475
f 2748/2721/2678 3595/3561/3477 2750/2723/2680
f 2750/2723/2680 3595/3561/3477 3591/3557/3473
f 3591/3557/3473 3596/3562/3478 2750/2723/2680
f 3591/3557/3473 3588/3554/3470 3596/3562/3478
f 3596/3562/3478 3588/3554/3470 3597/3563/3479
f 460/458/461 3597/3563/3479 3588/3554/3470
f 3598/3564/3480 3597/3563/3479 460/458/461
f 3594/3560/3476 3599/3565/3481 3593/3559/3475
f 3593/3559/3475 3599/3565/3481 3595/3561/3477
f 3591/3557/3473 3595/3561/3477 3599/3565/3481
f 2749/2722/2679 3600/3566/3482 2752/2725/2682
f 2749/2722/2679 3601/3567/3483 3600/3566/3482
f 3601/3567/3483 2749/2722/2679 2750/2723/2680
f 2750/2723/2680 3602/3568/3484 3601/3567/3483
f 3602/3568/3484 2750/2723/2680 3596/3562/3478
f 3602/3568/3484 3596/3562/3478 3597/3563/3479
f 3598/3564/3480 3602/3568/3484 3597/3563/3479
f 3602/3568/3484 3598/3564/3480 3531/3497/3417
f 3603/3569/3485 3531/3497/3417 3598/3564/3480
f 3603/3569/3485 3532/3498/3418 3531/3497/3417
f 3602/3568/3484 3531/3497/3417 3601/3567/3483
f 3530/3496/3416 3601/3567/3483 3531/3497/3417
f 3601/3567/3483 3530/3496/3416 3604/3570/3486
f 3604/3570/3486 3600/3566/3482 3601/3567/3483
f 460/458/461 459/457/460 3598/3564/3480
f 3598/3564/3480 459/457/460 3603/3569/3485
f 459/457/460 464/462/465 3603/3569/3485
f 3532/3498/3418 3603/3569/3485 464/462/465
f 464/462/465 465/463/466 3532/3498/3418
f 3532/3498/3418 465/463/466 3534/3500/3420
f 465/463/466 466/464/467 3534/3500/3420
f 3535/3501/3421 3534/3500/3420 466/464/467
f 473/471/474 3535/3501/3421 466/464/467
f 3540/3506/3425 3535/3501/3421 473/471/474
f 3605/3571/3487 1106/1090/1097 3606/3572/3488
f 1099/1083/1090 1100/1084/1091 3607/3573/3489
f 1107/1091/1098 3607/3573/3489 1100/1084/1091
f 1107/1091/1098 2476/2452/2420 3607/3573/3489
f 2476/2452/2420 1107/1091/1098 1106/1090/1097
f 2468/2444/2412 2476/2452/2420 1106/1090/1097
f 2468/2444/2412 1106/1090/1097 3605/3571/3487
f 3605/3571/3487 2464/2440/2408 2468/2444/2412
f 2464/2440/2408 3605/3571/3487 3608/3574/3490
f 2465/2441/2409 2464/2440/2408 3608/3574/3490
f 3609/3575/3491 2465/2441/2409 3608/3574/3490
f 3610/3576/3492 2476/2452/2420 2475/2451/2419
f 3611/3577/3493 2476/2452/2420 3610/3576/3492
f 3612/3578/3494 3611/3577/3493 3610/3576/3492
f 3613/3579/3495 3611/3577/3493 3612/3578/3494
f 3612/3578/3494 1084/1068/1075 3613/3579/3495
f 1084/1068/1075 1087/1071/1078 3613/3579/3495
f 1087/1071/1078 3614/3580/3496 3613/3579/3495
f 3614/3580/3496 1087/1071/1078 1094/1078/1085
f 1094/1078/1085 1099/1083/1090 3614/3580/3496
f 3614/3580/3496 1099/1083/1090 3611/3577/3493
f 3607/3573/3489 3611/3577/3493 1099/1083/1090
f 2476/2452/2420 3611/3577/3493 3607/3573/3489
f 3614/3580/3496 3611/3577/3493 3613/3579/3495
f 2481/2457/2425 2475/2451/2419 2474/2450/2418
f 2475/2451/2419 2481/2457/2425 3610/3576/3492
f 3612/3578/3494 3610/3576/3492 2481/2457/2425
f 3612/3578/3494 2481/2457/2425 1085/1069/1076
f 3612/3578/3494 1085/1069/1076 1084/1068/1075
f 3615/3581/3497 3616/3582/3498 3617/3583/3499
f 3618/3584/3500 3616/3582/3498 3619/3585/3273
f 3617/3583/3499 3616/3582/3498 3618/3584/3500
f 3620/3586/3501 3617/3583/3499 3618/3584/3500
f 3617/3583/3499 3620/3586/3501 3621/3587/3502
f 3622/3588/3503 3618/3584/3500 3623/3589/3504
f 3618/3584/3500 3622/3588/3503 3620/3586/3501
f 3624/3590/3505 3620/3586/3501 3622/3588/3503
f 3620/3586/3501 3624/3590/3505 3625/3591/3506
f 3625/3591/3506 3621/3587/3502 3620/3586/3501
f 3621/3587/3502 3625/3591/3506 3626/3592/3507
f 2508/2484/2441 3621/3587/3502 3626/3592/3507
f 2508/2484/2441 3627/3593/3508 3621/3587/3502
f 3627/3593/3508 2508/2484/2441 2497/2473/2441
f 2497/2473/2441 2496/2472/2440 3627/3593/3508
f 3627/3593/3508 3628/3594/3509 3621/3587/3502
f 3624/3590/3505 3629/3595/3510 3630/3596/3511
f 3629/3595/3510 3624/3590/3505 3631/3597/3512
f 3624/3590/3505 3632/3598/3513 3631/3597/3512
f 3628/3594/3509 3617/3583/3499 3621/3587/3502
f 3628/3594/3509 3633/3599/3514 3617/3583/3499
f 3615/3581/3497 3617/3583/3499 3633/3599/3514
f 3615/3581/3497 3633/3599/3514 3634/3600/3515
f 3635/3601/3516 3634/3600/3515 3633/3599/3514
f 3635/3601/3516 3633/3599/3514 3628/3594/3509
f 2477/2453/2421 3635/3601/3516 3628/3594/3509
f 2477/2453/2421 3628/3594/3509 3627/3593/3508
f 2496/2472/2440 2477/2453/2421 3627/3593/3508
f 2484/2460/2428 2477/2453/2421 2496/2472/2440
f 3619/3585/3273 3636/3602/3517 3637/3603/3518
f 3616/3582/3498 3636/3602/3517 3619/3585/3273
f 3616/3582/3498 3638/3604/3519 3636/3602/3517
f 3615/3581/3497 3638/3604/3519 3616/3582/3498
f 3638/3604/3519 3615/3581/3497 2461/2437/2405
f 3634/3600/3515 2461/2437/2405 3615/3581/3497
f 2460/2436/2404 2461/2437/2405 3634/3600/3515
f 3635/3601/3516 2460/2436/2404 3634/3600/3515
f 2471/2447/2415 2460/2436/2404 3635/3601/3516
f 2471/2447/2415 3635/3601/3516 2477/2453/2421
f 2456/2432/2400 2466/2442/2410 3639/3605/3520
f 2456/2432/2400 3639/3605/3520 2457/2433/2401
f 2457/2433/2401 3639/3605/3520 3640/3606/3521
f 3640/3606/3521 2459/2435/2403 2457/2433/2401
f 2459/2435/2403 3640/3606/3521 3641/3607/3522
f 2461/2437/2405 2459/2435/2403 3641/3607/3522
f 2461/2437/2405 3641/3607/3522 3638/3604/3519
f 3642/3608/3523 3638/3604/3519 3641/3607/3522
f 3642/3608/3523 3643/3609/3524 3638/3604/3519
f 3643/3609/3524 3636/3602/3517 3638/3604/3519
f 2466/2442/2410 2467/2443/2411 3644/3610/3525
f 3639/3605/3520 2466/2442/2410 3644/3610/3525
f 3645/3611/3526 3639/3605/3520 3644/3610/3525
f 3645/3611/3526 3640/3606/3521 3639/3605/3520
f 3640/3606/3521 3645/3611/3526 3646/3612/3527
f 3641/3607/3522 3640/3606/3521 3646/3612/3527
f 3641/3607/3522 3646/3612/3527 3647/3613/3528
f 3647/3613/3528 3642/3608/3523 3641/3607/3522
f 3642/3608/3523 3647/3613/3528 3648/3614/3529
f 3648/3614/3529 3643/3609/3524 3642/3608/3523
f 3649/3615/2072 3650/3616/3530 3651/3617/3531
f 3650/3616/3530 3649/3615/2072 3652/3618/2075
f 3653/3619/3532 3650/3616/3530 3652/3618/2075
f 3650/3616/3530 3653/3619/3532 3654/3620/3533
f 3653/3619/3532 3648/3614/3529 3654/3620/3533
f 3648/3614/3529 3647/3613/3528 3654/3620/3533
f 3647/3613/3528 3646/3612/3527 3654/3620/3533
f 3646/3612/3527 3650/3616/3530 3654/3620/3533
f 3650/3616/3530 3646/3612/3527 3645/3611/3526
f 3655/3621/3534 3650/3616/3530 3645/3611/3526
f 3645/3611/3526 3644/3610/3525 3655/3621/3534
f 3656/3622/3535 3657/3623/3536 3658/3624/3537
f 3659/3625/3538 3657/3623/3536 3656/3622/3535
f 3659/3625/3538 3660/3626/3539 3657/3623/3536
f 3660/3626/3539 3659/3625/3538 2467/2443/2411
f 3644/3610/3525 2467/2443/2411 3659/3625/3538
f 3659/3625/3538 3661/3627/3540 3644/3610/3525
f 3655/3621/3534 3644/3610/3525 3661/3627/3540
f 3655/3621/3534 3661/3627/3540 3662/3628/3541
f 3662/3628/3541 3651/3617/3531 3655/3621/3534
f 3650/3616/3530 3655/3621/3534 3651/3617/3531
f 3663/3617/2073 3662/3628/3541 3664/3629/2064
f 3665/3630/3542 3664/3629/2064 3662/3628/3541
f 3662/3628/3541 3666/3631/3543 3665/3630/3542
f 3662/3628/3541 3667/3632/3544 3666/3631/3543
f 3662/3628/3541 3661/3627/3540 3667/3632/3544
f 3661/3627/3540 3668/3633/3545 3667/3632/3544
f 3668/3633/3545 3661/3627/3540 3669/3634/3546
f 3661/3627/3540 3659/3625/3538 3669/3634/3546
f 3656/3622/3535 3669/3634/3546 3659/3625/3538
f 3669/3634/3546 3656/3622/3535 3670/3635/3547
f 3671/3636/3548 3672/3637/3549 3673/3638/3550
f 3673/3638/3550 3674/3639/3551 3671/3636/3548
f 3674/3639/3551 3673/3638/3550 3675/3640/3552
f 3676/3641/3553 3674/3639/3551 3675/3640/3552
f 3674/3639/3551 3676/3641/3553 3677/3642/3554
f 3677/3642/3554 3678/3643/3555 3679/3644/3556
f 3677/3642/3554 3679/3644/3556 3674/3639/3551
f 3680/3645/3557 3674/3639/3551 3679/3644/3556
f 3674/3639/3551 3680/3645/3557 3671/3636/3548
f 3681/3646/3558 3671/3636/3548 3680/3645/3557
f 3672/3637/3549 3671/3636/3548 3681/3646/3558
f 3682/3647/3559 3672/3637/3549 3681/3646/3558
f 3683/3648/894 3672/3637/3549 3682/3647/3559
f 3684/3649/895 3683/3648/894 3682/3647/3559
f 3684/3649/895 3682/3647/3559 3685/3650/3560
f 3672/3637/3549 3683/3648/894 3686/3651/682
f 3679/3644/3556 3687/3652/3561 3680/3645/3557
f 3688/3653/3562 3680/3645/3557 3687/3652/3561
f 3681/3646/3558 3680/3645/3557 3688/3653/3562
f 3681/3646/3558 3688/3653/3562 3689/3654/3563
f 3682/3647/3559 3681/3646/3558 3689/3654/3563
f 3689/3654/3563 3685/3650/3560 3682/3647/3559
f 3685/3650/3560 3689/3654/3563 3690/3655/3564
f 3691/3656/3565 3685/3650/3560 3690/3655/3564
f 3692/3657/3566 3691/3656/3565 3690/3655/3564
f 3693/3658/3567 3691/3656/3565 3692/3657/3566
f 3694/3659/3568 3687/3652/3561 3695/3660/3569
f 3696/3661/3570 3697/3662/3571 3698/3663/3572
f 3699/3664/3573 3697/3662/3571 3696/3661/3570
f 3700/3665/3574 3699/3664/3573 3696/3661/3570
f 3700/3665/3574 3696/3661/3570 3701/3666/3575
f 3701/3666/3575 3702/3667/3576 3700/3665/3574
f 3701/3666/3575 3692/3657/3566 3702/3667/3576
f 3703/3668/3577 3702/3667/3576 3692/3657/3566
f 3692/3657/3566 3690/3655/3564 3703/3668/3577
f 3690/3655/3564 3694/3659/3568 3703/3668/3577
f 3694/3659/3568 3690/3655/3564 3689/3654/3563
f 3687/3652/3561 3694/3659/3568 3689/3654/3563
f 3688/3653/3562 3687/3652/3561 3689/3654/3563
f 3703/3668/3577 3694/3659/3568 3704/3669/3578
f 3702/3667/3576 3703/3668/3577 3704/3669/3578
f 3704/3669/3578 3700/3665/3574 3702/3667/3576
f 3700/3665/3574 3705/3670/3579 3706/3671/3580
f 3700/3665/3574 3704/3669/3578 3705/3670/3579
f 3705/3670/3579 3704/3669/3578 3707/3672/3581
f 3707/3672/3581 3704/3669/3578 3694/3659/3568
f 3707/3672/3581 3694/3659/3568 3708/3673/3582
f 3708/3673/3582 3694/3659/3568 3695/3660/3569
f 3709/3674/3583 3708/3673/3582 3695/3660/3569
f 3695/3660/3569 3678/3643/3555 3709/3674/3583
f 3695/3660/3569 3679/3644/3556 3678/3643/3555
f 3679/3644/3556 3695/3660/3569 3687/3652/3561
f 3706/3671/3580 3705/3670/3579 3710/3675/3584
f 3711/3676/3585 3706/3671/3580 3710/3675/3584
f 3711/3676/3585 3710/3675/3584 3712/3677/3586
f 3713/3678/3587 3711/3676/3585 3712/3677/3586
f 3714/3679/3588 3715/3680/3589 3711/3676/3585
f 3713/3678/3587 3714/3679/3588 3711/3676/3585
f 3716/3681/3590 3714/3679/3588 3713/3678/3587
f 3717/3682/3591 3716/3681/3590 3713/3678/3587
f 3713/3678/3587 3709/3674/3583 3717/3682/3591
f 3708/3673/3582 3709/3674/3583 3713/3678/3587
f 3713/3678/3587 3712/3677/3586 3708/3673/3582
f 3712/3677/3586 3707/3672/3581 3708/3673/3582
f 3710/3675/3584 3707/3672/3581 3712/3677/3586
f 3710/3675/3584 3705/3670/3579 3707/3672/3581
f 3718/3683/3592 3715/3680/3589 3719/3684/3593
f 3720/3685/3594 3719/3684/3593 3715/3680/3589
f 3715/3680/3589 3714/3679/3588 3720/3685/3594
f 3716/3681/3590 3720/3685/3594 3714/3679/3588
f 3721/3686/3595 3722/3687/927 3723/3688/3596
f 3724/3689/3597 3723/3688/3596 3722/3687/927
f 3723/3688/3596 3724/3689/3597 3725/3690/3598
f 3725/3690/3598 3724/3689/3597 3726/3691/3599
f 3727/3692/3600 3725/3690/3598 3726/3691/3599
f 3726/3691/3599 3718/3683/3592 3727/3692/3600
f 3727/3692/3600 3718/3683/3592 3728/3693/3601
f 3718/3683/3592 3719/3684/3593 3728/3693/3601
f 3728/3693/3601 3719/3684/3593 3729/3694/2097
f 3729/3694/2097 3719/3684/3593 3730/3695/3602
f 3731/3696/3603 3732/3697/3604 3733/3698/3605
f 3723/3688/3596 3731/3696/3603 3733/3698/3605
f 3731/3696/3603 3723/3688/3596 3725/3690/3598
f 3723/3688/3596 3733/3698/3605 3721/3686/3595
f 3734/3699/3606 3732/3697/3604 3735/3700/3607
f 3732/3697/3604 3731/3696/3603 3735/3700/3607
f 3736/3701/3608 3735/3700/3607 3731/3696/3603
f 3725/3690/3598 3736/3701/3608 3731/3696/3603
f 3737/3702/3609 3736/3701/3608 3725/3690/3598
f 3727/3692/3600 3737/3702/3609 3725/3690/3598
f 3738/3703/3610 3737/3702/3609 3727/3692/3600
f 3727/3692/3600 3728/3693/3601 3738/3703/3610
f 3739/3704/2170 3729/3694/2097 3740/3705/3611
f 3729/3694/2097 3739/3704/2170 3728/3693/3601
f 3741/3706/3612 3728/3693/3601 3739/3704/2170
f 3741/3706/3612 3742/3707/2168 3728/3693/3601
f 3742/3707/2168 3738/3703/3610 3728/3693/3601
f 3743/3708/2169 3738/3703/3610 3742/3707/2168
f 3738/3703/3610 3743/3708/2169 3744/3709/3613
f 3738/3703/3610 3744/3709/3613 3737/3702/3609
f 3745/3710/3614 3737/3702/3609 3744/3709/3613
f 3737/3702/3609 3745/3710/3614 3736/3701/3608
f 3746/3711/2165 3747/3712/2163 3743/3708/2169
f 3743/3708/2169 3747/3712/2163 3744/3709/3613
f 3747/3712/2163 3745/3710/3614 3744/3709/3613
f 3748/3713/3615 3745/3710/3614 3747/3712/2163
f 3749/3714/3616 3745/3710/3614 3748/3713/3615
f 3750/3715/3617 3749/3714/3616 3748/3713/3615
f 3745/3710/3614 3749/3714/3616 3736/3701/3608
f 3736/3701/3608 3749/3714/3616 3735/3700/3607
f 3749/3714/3616 3750/3715/3617 3735/3700/3607
f 3734/3699/3606 3735/3700/3607 3750/3715/3617
f 3751/3716/3618 3734/3699/3606 3750/3715/3617
f 3752/3717/3619 3734/3699/3606 3751/3716/3618
f 3753/3718/3620 3752/3717/3619 3751/3716/3618
f 3752/3717/3619 3753/3718/3620 3754/3719/3621
f 3755/3720/3622 3754/3719/3621 3753/3718/3620
f 3756/3721/3623 3754/3719/3621 3755/3720/3622
f 3756/3721/3623 3757/3722/3624 3758/3723/3625
f 3756/3721/3623 3758/3723/3625 3759/3724/3626
f 3759/3724/3626 3754/3719/3621 3756/3721/3623
f 3760/3725/3627 3761/3726/3628 3762/3727/3629
f 3763/3728/3630 3760/3725/3627 3762/3727/3629
f 3763/3728/3630 3759/3724/3626 3760/3725/3627
f 3764/3729/3631 3759/3724/3626 3763/3728/3630
f 3759/3724/3626 3764/3729/3631 3754/3719/3621
f 3764/3729/3631 3752/3717/3619 3754/3719/3621
f 3752/3717/3619 3764/3729/3631 3765/3730/3632
f 3765/3730/3632 3734/3699/3606 3752/3717/3619
f 3766/3731/3633 3734/3699/3606 3765/3730/3632
f 3766/3731/3633 3732/3697/3604 3734/3699/3606
f 3767/3732/3634 3766/3731/3633 3762/3727/3629
f 3762/3727/3629 3766/3731/3633 3763/3728/3630
f 3763/3728/3630 3766/3731/3633 3765/3730/3632
f 3763/3728/3630 3765/3730/3632 3764/3729/3631
f 2169/2145/2133 3768/3733/3635 3769/3734/3636
f 3761/3726/3628 2169/2145/2133 3769/3734/3636
f 3769/3734/3636 3762/3727/3629 3761/3726/3628
f 3762/3727/3629 3769/3734/3636 3770/3735/3637
f 3767/3732/3634 3762/3727/3629 3770/3735/3637
f 3767/3732/3634 3770/3735/3637 3771/3736/3638
f 3771/3736/3638 3766/3731/3633 3767/3732/3634
f 3772/3737/3639 3766/3731/3633 3771/3736/3638
f 3773/3738/3640 3772/3737/3639 3771/3736/3638
f 3771/3736/3638 3774/3739/3641 3773/3738/3640
f 3774/3739/3641 3771/3736/3638 3770/3735/3637
f 3769/3734/3636 3774/3739/3641 3770/3735/3637
f 3732/3697/3604 3766/3731/3633 3772/3737/3639
f 3772/3737/3639 3733/3698/3605 3732/3697/3604
f 3733/3698/3605 3772/3737/3639 3773/3738/3640
f 3773/3738/3640 3721/3686/3595 3733/3698/3605
f 3721/3686/3595 3773/3738/3640 3775/3740/3642
f 3773/3738/3640 3776/3741/3643 3775/3740/3642
f 3776/3741/3643 3773/3738/3640 3774/3739/3641
f 3774/3739/3641 3777/3742/3644 3776/3741/3643
f 3768/3733/3635 3777/3742/3644 3774/3739/3641
f 3769/3734/3636 3768/3733/3635 3774/3739/3641
f 2169/2145/2133 2170/2146/2134 3768/3733/3635
f 2170/2146/2134 3778/3743/3645 3768/3733/3635
f 3777/3742/3644 3768/3733/3635 3778/3743/3645
f 3778/3743/3645 3779/3744/3646 3777/3742/3644
f 3777/3742/3644 3779/3744/3646 3776/3741/3643
f 3776/3741/3643 3779/3744/3646 3780/3745/3647
f 3776/3741/3643 3780/3745/3647 3775/3740/3642
f 3781/3746/3648 3775/3740/3642 3780/3745/3647
f 3775/3740/3642 3781/3746/3648 3721/3686/3595
f 3722/3687/927 3721/3686/3595 3781/3746/3648
f 3782/3747/3649 3783/3748/3650 3779/3744/3646
f 3784/3749/3651 3782/3747/3649 3779/3744/3646
f 3779/3744/3646 3778/3743/3645 3784/3749/3651
f 3785/3750/3652 3786/3751/3653 3787/3752/3654
f 3780/3745/3647 3786/3751/3653 3785/3750/3652
f 3786/3751/3653 3780/3745/3647 3779/3744/3646
f 3779/3744/3646 3787/3752/3654 3786/3751/3653
f 3779/3744/3646 3783/3748/3650 3787/3752/3654
f 3783/3748/3650 3788/3753/3655 3787/3752/3654
f 3783/3748/3650 3789/3754/2994 3788/3753/3655
f 3788/3753/3655 3789/3754/2994 3790/3755/3656
f 3789/3754/2994 3791/3756/3657 3790/3755/3656
f 3791/3756/3657 3789/3754/2994 3792/3757/3658
f 3793/3758/3659 3794/3759/3660 3795/3760/3661
f 3796/3761/3662 3793/3758/3659 3795/3760/3661
f 3793/3758/3659 3796/3761/3662 3791/3756/3657
f 3797/3762/3663 3791/3756/3657 3796/3761/3662
f 3791/3756/3657 3797/3762/3663 3790/3755/3656
f 3797/3762/3663 3798/3763/3664 3790/3755/3656
f 3790/3755/3656 3798/3763/3664 3788/3753/3655
f 3788/3753/3655 3798/3763/3664 3799/3764/3665
f 3799/3764/3665 3787/3752/3654 3788/3753/3655
f 3787/3752/3654 3799/3764/3665 3785/3750/3652
f 3800/3765/3666 3693/3658/3567 3692/3657/3566
f 3692/3657/3566 3701/3666/3575 3800/3765/3666
f 3801/3766/3667 3800/3765/3666 3701/3666/3575
f 3701/3666/3575 3696/3661/3570 3801/3766/3667
f 3795/3760/3661 3801/3766/3667 3696/3661/3570
f 3698/3663/3572 3795/3760/3661 3696/3661/3570
f 3795/3760/3661 3698/3663/3572 3796/3761/3662
f 3796/3761/3662 3698/3663/3572 3797/3762/3663
f 3698/3663/3572 3798/3763/3664 3797/3762/3663
f 3798/3763/3664 3698/3663/3572 3697/3662/3571
f 3802/3767/3668 3780/3745/3647 3785/3750/3652
f 3802/3767/3668 3785/3750/3652 3803/3768/3669
f 3803/3768/3669 3785/3750/3652 3799/3764/3665
f 3799/3764/3665 3798/3763/3664 3803/3768/3669
f 3803/3768/3669 3798/3763/3664 3804/3769/3670
f 3697/3662/3571 3804/3769/3670 3798/3763/3664
f 3697/3662/3571 3805/3770/3671 3804/3769/3670
f 3697/3662/3571 3699/3664/3573 3805/3770/3671
f 3706/3671/3580 3805/3770/3671 3699/3664/3573
f 3700/3665/3574 3706/3671/3580 3699/3664/3573
f 3805/3770/3671 3806/3771/3672 3804/3769/3670
f 3803/3768/3669 3804/3769/3670 3802/3767/3668
f 3802/3767/3668 3804/3769/3670 3806/3771/3672
f 3802/3767/3668 3806/3771/3672 3807/3772/3673
f 3808/3773/3674 3807/3772/3673 3806/3771/3672
f 3806/3771/3672 3805/3770/3671 3808/3773/3674
f 3808/3773/3674 3805/3770/3671 3809/3774/217
f 3810/3775/3675 3809/3774/217 3805/3770/3671
f 3805/3770/3671 3706/3671/3580 3810/3775/3675
f 3715/3680/3589 3810/3775/3675 3706/3671/3580
f 3706/3671/3580 3711/3676/3585 3715/3680/3589
f 3715/3680/3589 3718/3683/3592 3810/3775/3675
f 3809/3774/217 3810/3775/3675 3718/3683/3592
f 3718/3683/3592 3726/3691/3599 3809/3774/217
f 3808/3773/3674 3809/3774/217 3726/3691/3599
f 3726/3691/3599 3724/3689/3597 3808/3773/3674
f 3722/3687/927 3808/3773/3674 3724/3689/3597
f 3808/3773/3674 3722/3687/927 3807/3772/3673
f 3781/3746/3648 3807/3772/3673 3722/3687/927
f 3807/3772/3673 3781/3746/3648 3802/3767/3668
f 3780/3745/3647 3802/3767/3668 3781/3746/3648
f 3811/3776/3676 3812/3777/3677 3813/3778/3678
f 3814/3779/3679 3811/3776/3676 3815/3780/3680
f 3811/3776/3676 3814/3779/3679 3812/3777/3677
f 3816/3781/3681 3812/3777/3677 3814/3779/3679
f 3812/3777/3677 3816/3781/3681 3817/3782/3682
f 3812/3777/3677 3817/3782/3682 3813/3778/3678
f 3817/3782/3682 3818/3783/610 3813/3778/3678
f 3813/3778/3678 3818/3783/610 3819/3784/3683
f 3819/3784/3683 3818/3783/610 597/595/597
f 592/590/592 3819/3784/3683 597/595/597
f 3820/3785/3684 3819/3784/3683 592/590/592
f 592/590/592 586/584/586 3820/3785/3684
f 585/583/585 3820/3785/3684 586/584/586
f 3816/3781/3681 3821/3786/612 3817/3782/3682
f 3817/3782/3682 3821/3786/612 3822/3787/3685
f 3817/3782/3682 3822/3787/3685 3823/3788/147
f 3817/3782/3682 3823/3788/147 3818/3783/610
f 584/582/584 674/670/675 3824/3789/3686
f 584/582/584 3824/3789/3686 583/581/583
f 583/581/583 3824/3789/3686 3825/3790/3687
f 585/583/585 583/581/583 3825/3790/3687
f 3825/3790/3687 3826/3791/3688 585/583/585
f 3820/3785/3684 585/583/585 3826/3791/3688
f 3827/3792/3689 3820/3785/3684 3826/3791/3688
f 3827/3792/3689 3819/3784/3683 3820/3785/3684
f 3819/3784/3683 3827/3792/3689 3828/3793/3690
f 3828/3793/3690 3813/3778/3678 3819/3784/3683
f 3829/3794/3691 3827/3792/3689 3830/3795/3692
f 3826/3791/3688 3830/3795/3692 3827/3792/3689
f 3830/3795/3692 3826/3791/3688 3831/3796/3693
f 3831/3796/3693 3826/3791/3688 3825/3790/3687
f 3824/3789/3686 3831/3796/3693 3825/3790/3687
f 3831/3796/3693 3824/3789/3686 3832/3797/3694
f 3832/3797/3694 3830/3795/3692 3831/3796/3693
f 3833/3798/3695 3830/3795/3692 3832/3797/3694
f 3830/3795/3692 3833/3798/3695 3829/3794/3691
f 3824/3789/3686 674/670/675 3592/3558/3474
f 3832/3797/3694 3824/3789/3686 3592/3558/3474
f 3591/3557/3473 3832/3797/3694 3592/3558/3474
f 3591/3557/3473 3833/3798/3695 3832/3797/3694
f 3833/3798/3695 3591/3557/3473 3599/3565/3481
f 3599/3565/3481 3829/3794/3691 3833/3798/3695
f 3829/3794/3691 3599/3565/3481 3834/3799/3696
f 3835/3800/3697 3829/3794/3691 3834/3799/3696
f 3829/3794/3691 3835/3800/3697 3828/3793/3690
f 3827/3792/3689 3829/3794/3691 3828/3793/3690
f 3594/3560/3476 3836/3801/3698 3837/3802/3699
f 3837/3802/3699 3599/3565/3481 3594/3560/3476
f 3599/3565/3481 3837/3802/3699 3834/3799/3696
f 3813/3778/3678 3828/3793/3690 3835/3800/3697
f 3835/3800/3697 3811/3776/3676 3813/3778/3678
f 3811/3776/3676 3835/3800/3697 3834/3799/3696
f 3811/3776/3676 3834/3799/3696 3815/3780/3680
f 3837/3802/3699 3815/3780/3680 3834/3799/3696
f 3837/3802/3699 2761/2734/2690 3815/3780/3680
f 3836/3801/3698 2761/2734/2690 3837/3802/3699
f 2761/2734/2690 3836/3801/3698 2757/2730/2686
f 3594/3560/3476 2757/2730/2686 3836/3801/3698
f 2747/2720/2677 2757/2730/2686 3594/3560/3476
f 3838/3803/3700 3839/3804/3701 3840/3805/3702
f 3841/3806/3703 3838/3803/3700 3840/3805/3702
f 3841/3806/3703 3840/3805/3702 3842/3807/3704
f 3842/3807/3704 3843/3808/3705 3841/3806/3703
f 3838/3803/3700 3841/3806/3703 3844/3809/3706
f 3845/3810/3707 3844/3809/3706 3841/3806/3703
f 3841/3806/3703 3843/3808/3705 3845/3810/3707
f 3846/3811/3708 3845/3810/3707 3843/3808/3705
f 3847/3812/3709 3846/3811/3708 3843/3808/3705
f 3842/3807/3704 3847/3812/3709 3843/3808/3705
f 3848/3813/3710 3847/3812/3709 3842/3807/3704
f 3849/3814/3711 3848/3813/3710 3842/3807/3704
f 3842/3807/3704 3840/3805/3702 3849/3814/3711
f 3849/3814/3711 3840/3805/3702 3850/3815/3712
f 3851/3816/3713 3848/3813/3710 3852/3817/3714
f 3848/3813/3710 3851/3816/3713 3847/3812/3709
f 3851/3816/3713 3853/3818/3715 3847/3812/3709
f 3854/3819/1020 3847/3812/3709 3853/3818/3715
f 3847/3812/3709 3854/3819/1020 3846/3811/3708
f 3854/3819/1020 3855/3820/3716 3846/3811/3708
f 3855/3820/3716 3856/3821/3717 3846/3811/3708
f 3856/3821/3717 3845/3810/3707 3846/3811/3708
f 3845/3810/3707 3856/3821/3717 3857/3822/3718
f 3857/3822/3718 3844/3809/3706 3845/3810/3707
f 3855/3820/3716 3854/3819/1020 3858/3823/3719
f 3858/3823/3719 3854/3819/1020 3859/3824/3720
f 3854/3819/1020 3853/3818/3715 3859/3824/3720
f 3860/3825/3721 3859/3824/3720 3853/3818/3715
f 3853/3818/3715 3861/3826/3722 3860/3825/3721
f 3861/3826/3722 3853/3818/3715 3862/3827/3723
f 3851/3816/3713 3862/3827/3723 3853/3818/3715
f 3851/3816/3713 3863/3828/3724 3862/3827/3723
f 3851/3816/3713 3864/3829/3725 3863/3828/3724
f 3865/3830/3726 3863/3828/3724 3864/3829/3725
f 2086/2062/2052 3866/3831/3727 2087/2063/2053
f 2087/2063/2053 3866/3831/3727 3867/3832/3728
f 3868/3833/3546 3867/3832/3728 3866/3831/3727
f 3869/3834/3547 3867/3832/3728 3868/3833/3546
f 3867/3832/3728 3869/3834/3547 3870/3835/3729
f 3869/3834/3547 3871/3836/3730 3870/3835/3729
f 3871/3836/3730 3864/3829/3725 3870/3835/3729
f 3864/3829/3725 3851/3816/3713 3870/3835/3729
f 3870/3835/3729 3851/3816/3713 3852/3817/3714
f 3867/3832/3728 3870/3835/3729 3852/3817/3714
f 3852/3817/3714 2087/2063/2053 3867/3832/3728
f 3871/3836/3730 3869/3834/3547 3872/3837/3731
f 3873/3838/3732 3872/3837/3731 3869/3834/3547
f 2160/2136/2124 2083/2059/2049 3874/3839/3733
f 3874/3839/3733 2083/2059/2049 3875/3840/3734
f 2077/2053/2043 3875/3840/3734 2083/2059/2049
f 3876/3841/3735 3875/3840/3734 2077/2053/2043
f 2077/2053/2043 2076/2052/2042 3876/3841/3735
f 2076/2052/2042 3850/3815/3712 3876/3841/3735
f 2087/2063/2053 3850/3815/3712 2076/2052/2042
f 3850/3815/3712 2087/2063/2053 3849/3814/3711
f 3852/3817/3714 3849/3814/3711 2087/2063/2053
f 3849/3814/3711 3852/3817/3714 3848/3813/3710
f 3839/3804/3701 3850/3815/3712 3840/3805/3702
f 3850/3815/3712 3839/3804/3701 3876/3841/3735
f 3877/3842/3736 3876/3841/3735 3839/3804/3701
f 3876/3841/3735 3877/3842/3736 3875/3840/3734
f 3877/3842/3736 3874/3839/3733 3875/3840/3734
f 3878/3843/3737 3874/3839/3733 3877/3842/3736
f 3879/3844/3738 3874/3839/3733 3878/3843/3737
f 2160/2136/2124 3874/3839/3733 3879/3844/3738
f 2154/2130/2118 2160/2136/2124 3879/3844/3738
f 2160/2136/2124 2154/2130/2118 2153/2129/2117
f 3857/3822/3718 3880/3845/3739 3844/3809/3706
f 3844/3809/3706 3880/3845/3739 3838/3803/3700
f 3792/3757/3658 3838/3803/3700 3880/3845/3739
f 3839/3804/3701 3838/3803/3700 3792/3757/3658
f 3789/3754/2994 3839/3804/3701 3792/3757/3658
f 3839/3804/3701 3789/3754/2994 3877/3842/3736
f 3877/3842/3736 3789/3754/2994 3783/3748/3650
f 3783/3748/3650 3782/3747/3649 3877/3842/3736
f 3878/3843/3737 3877/3842/3736 3782/3747/3649
f 3782/3747/3649 3784/3749/3651 3878/3843/3737
f 3879/3844/3738 3878/3843/3737 3784/3749/3651
f 3784/3749/3651 3881/3846/3740 3879/3844/3738
f 2154/2130/2118 3879/3844/3738 3881/3846/3740
f 2154/2130/2118 3881/3846/3740 3882/3847/3741
f 3882/3847/3741 2161/2137/2125 2154/2130/2118
f 2161/2137/2125 3882/3847/3741 3883/3848/3742
f 2161/2137/2125 3883/3848/3742 2168/2144/2132
f 2168/2144/2132 3883/3848/3742 2170/2146/2134
f 3883/3848/3742 3778/3743/3645 2170/2146/2134
f 3778/3743/3645 3883/3848/3742 3882/3847/3741
f 3882/3847/3741 3784/3749/3651 3778/3743/3645
f 3882/3847/3741 3881/3846/3740 3784/3749/3651
f 3884/3849/3743 3885/3850/3744 3886/3851/3745
f 3885/3850/3744 3884/3849/3743 3887/3852/3746
f 3887/3852/3746 3888/3853/3747 3885/3850/3744
f 3888/3853/3747 3886/3851/3745 3885/3850/3744
f 3889/3854/3748 3886/3851/3745 3888/3853/3747
f 1050/1034/1041 3886/3851/3745 3889/3854/3748
f 3889/3854/3748 3890/3855/3749 1050/1034/1041
f 1049/1033/1040 1050/1034/1041 3890/3855/3749
f 3890/3855/3749 3891/3856/3750 1049/1033/1040
f 1049/1033/1040 3891/3856/3750 1047/1031/1038
f 3891/3856/3750 1051/1035/1042 1047/1031/1038
f 3887/3852/3746 3892/3857/3751 3888/3853/3747
f 3893/3858/3752 3888/3853/3747 3892/3857/3751
f 3888/3853/3747 3893/3858/3752 3889/3854/3748
f 3890/3855/3749 3889/3854/3748 3894/3859/3753
f 3894/3859/3753 3891/3856/3750 3890/3855/3749
f 3895/3860/3754 3891/3856/3750 3894/3859/3753
f 3891/3856/3750 3895/3860/3754 3896/3861/3755
f 3897/3862/3756 3896/3861/3755 3895/3860/3754
f 3896/3861/3755 3898/3863/3757 3891/3856/3750
f 3899/3864/3758 3898/3863/3757 3896/3861/3755
f 3896/3861/3755 3897/3862/3756 3899/3864/3758
f 3900/3865/3759 3899/3864/3758 3897/3862/3756
f 3899/3864/3758 3900/3865/3759 3898/3863/3757
f 1127/1111/1118 1125/1109/1116 1126/1110/1117
f 1125/1109/1116 1127/1111/1118 1131/1115/1122
f 3900/3865/3759 1131/1115/1122 1127/1111/1118
f 1131/1115/1122 3900/3865/3759 1128/1112/1119
f 3897/3862/3756 1128/1112/1119 3900/3865/3759
f 1128/1112/1119 3897/3862/3756 3901/3866/3760
f 3901/3866/3760 3897/3862/3756 3895/3860/3754
f 3901/3866/3760 3895/3860/3754 3902/3867/3761
f 3894/3859/3753 3902/3867/3761 3895/3860/3754
f 3902/3867/3761 3894/3859/3753 3903/3868/3762
f 3903/3868/3762 3904/3869/3763 3902/3867/3761
f 3904/3869/3763 3901/3866/3760 3902/3867/3761
f 3905/3870/3764 3901/3866/3760 3904/3869/3763
f 3901/3866/3760 3905/3870/3764 1128/1112/1119
f 1129/1113/1120 1128/1112/1119 3905/3870/3764
f 3905/3870/3764 1141/1125/1132 1129/1113/1120
f 1141/1125/1132 3905/3870/3764 3906/3871/3765
f 3907/3872/3766 3906/3871/3765 3905/3870/3764
f 3904/3869/3763 3907/3872/3766 3905/3870/3764
f 3907/3872/3766 3904/3869/3763 3908/3873/3767
f 3907/3872/3766 3908/3873/3767 1262/1246/1253
f 1262/1246/1253 1261/1245/1252 3907/3872/3766
f 1261/1245/1252 3906/3871/3765 3907/3872/3766
f 3906/3871/3765 1261/1245/1252 3909/3874/3768
f 3909/3874/3768 1141/1125/1132 3906/3871/3765
f 3910/3875/3769 1141/1125/1132 3909/3874/3768
f 1141/1125/1132 3910/3875/3769 1140/1124/1131
f 3911/3876/3770 1140/1124/1131 3910/3875/3769
f 3911/3876/3770 1138/1122/1129 1140/1124/1131
f 1138/1122/1129 3911/3876/3770 1142/1126/1133
f 1142/1126/1133 1149/1133/1140 1143/1127/1134
f 1149/1133/1140 1142/1126/1133 1257/1241/1248
f 3911/3876/3770 1257/1241/1248 1142/1126/1133
f 3911/3876/3770 1256/1240/1247 1257/1241/1248
f 3910/3875/3769 1256/1240/1247 3911/3876/3770
f 1256/1240/1247 3910/3875/3769 1255/1239/1246
f 3909/3874/3768 1255/1239/1246 3910/3875/3769
f 1258/1242/1249 1255/1239/1246 3909/3874/3768
f 3909/3874/3768 1261/1245/1252 1258/1242/1249
f 1261/1245/1252 1259/1243/1250 1258/1242/1249
f 3912/3877/3771 3913/3878/3772 3914/3879/3773
f 3915/3880/3774 3916/3881/3775 3913/3878/3772
f 3912/3877/3771 3915/3880/3774 3913/3878/3772
f 3915/3880/3774 3912/3877/3771 3917/3882/3776
f 3917/3882/3776 3912/3877/3771 3918/3883/3777
f 3913/3878/3772 3919/3884/3778 3892/3857/3751
f 3914/3879/3773 3913/3878/3772 3892/3857/3751
f 3914/3879/3773 3892/3857/3751 3887/3852/3746
f 3912/3877/3771 3914/3879/3773 3887/3852/3746
f 3887/3852/3746 3920/3885/3779 3912/3877/3771
f 3920/3885/3779 3918/3883/3777 3912/3877/3771
f 3918/3883/3777 3920/3885/3779 3921/3886/3780
f 3922/3887/3781 3918/3883/3777 3921/3886/3780
f 3918/3883/3777 3922/3887/3781 3923/3888/3782
f 3917/3882/3776 3918/3883/3777 3923/3888/3782
f 3924/3889/3783 3925/3890/3784 3926/3891/3785
f 3927/3892/3786 3924/3889/3783 3926/3891/3785
f 3927/3892/3786 3928/3893/3787 3924/3889/3783
f 3928/3893/3787 3927/3892/3786 3922/3887/3781
f 3922/3887/3781 3929/3894/3788 3928/3893/3787
f 3922/3887/3781 3921/3886/3780 3929/3894/3788
f 3921/3886/3780 3930/3895/3789 3929/3894/3788
f 3921/3886/3780 3920/3885/3779 3930/3895/3789
f 3884/3849/3743 3930/3895/3789 3920/3885/3779
f 3887/3852/3746 3884/3849/3743 3920/3885/3779
f 3931/3896/3790 3925/3890/3784 3924/3889/3783
f 3929/3894/3788 3932/3897/3791 3933/3898/3792
f 3933/3898/3792 3928/3893/3787 3929/3894/3788
f 3934/3899/3793 3935/3900/3794 3932/3897/3791
f 3932/3897/3791 3929/3894/3788 3934/3899/3793
f 3930/3895/3789 3934/3899/3793 3929/3894/3788
f 3930/3895/3789 3936/3901/3795 3934/3899/3793
f 3936/3901/3795 3930/3895/3789 3884/3849/3743
f 3884/3849/3743 3937/3902/3796 3936/3901/3795
f 3937/3902/3796 3884/3849/3743 3886/3851/3745
f 1050/1034/1041 3937/3902/3796 3886/3851/3745
f 3937/3902/3796 1050/1034/1041 1041/1025/1032
f 1050/1034/1041 1039/1023/1030 1041/1025/1032
f 3937/3902/3796 1041/1025/1032 3935/3900/3794
f 3936/3901/3795 3937/3902/3796 3935/3900/3794
f 3936/3901/3795 3935/3900/3794 3934/3899/3793
f 1038/1022/1029 1037/1021/1028 3938/3903/3797
f 3938/3903/3797 1043/1027/1034 1038/1022/1029
f 3938/3903/3797 3939/3904/3798 1043/1027/1034
f 1040/1024/1031 1043/1027/1034 3939/3904/3798
f 3939/3904/3798 3940/3905/3799 1040/1024/1031
f 3940/3905/3799 1041/1025/1032 1040/1024/1031
f 3940/3905/3799 3941/3906/3800 1041/1025/1032
f 3941/3906/3800 3935/3900/3794 1041/1025/1032
f 3935/3900/3794 3941/3906/3800 3942/3907/3801
f 3932/3897/3791 3935/3900/3794 3942/3907/3801
f 3933/3898/3792 3943/3908/3802 3928/3893/3787
f 3944/3909/3803 3943/3908/3802 3933/3898/3792
f 3932/3897/3791 3944/3909/3803 3933/3898/3792
f 3945/3910/3804 3944/3909/3803 3932/3897/3791
f 3942/3907/3801 3945/3910/3804 3932/3897/3791
f 3946/3911/3805 3945/3910/3804 3942/3907/3801
f 3941/3906/3800 3946/3911/3805 3942/3907/3801
f 3947/3912/3806 3946/3911/3805 3941/3906/3800
f 3941/3906/3800 3940/3905/3799 3947/3912/3806
f 3940/3905/3799 3948/3913/3807 3947/3912/3806
f 3946/3911/3805 3947/3912/3806 3949/3914/3808
f 3949/3914/3808 3950/3915/3809 3946/3911/3805
f 3945/3910/3804 3946/3911/3805 3950/3915/3809
f 3948/3913/3807 3951/3916/3810 3947/3912/3806
f 3947/3912/3806 3951/3916/3810 3952/3917/3811
f 3952/3917/3811 3949/3914/3808 3947/3912/3806
f 3952/3917/3811 3953/3918/3812 3949/3914/3808
f 3949/3914/3808 3953/3918/3812 3950/3915/3809
f 3953/3918/3812 3954/3919/3813 3950/3915/3809
f 3950/3915/3809 3954/3919/3813 3955/3920/3814
f 3950/3915/3809 3955/3920/3814 3945/3910/3804
f 3944/3909/3803 3945/3910/3804 3955/3920/3814
f 3953/3918/3812 3956/3921/3815 3957/3922/3816
f 3957/3922/3816 3958/3923/3817 3953/3918/3812
f 3953/3918/3812 3958/3923/3817 3954/3919/3813
f 3959/3924/3818 3954/3919/3813 3958/3923/3817
f 3954/3919/3813 3959/3924/3818 3955/3920/3814
f 3955/3920/3814 3959/3924/3818 3960/3925/3819
f 3955/3920/3814 3960/3925/3819 3944/3909/3803
f 3943/3908/3802 3944/3909/3803 3960/3925/3819
f 3960/3925/3819 3961/3926/3820 3943/3908/3802
f 3962/3927/3821 3943/3908/3802 3961/3926/3820
f 3962/3927/3821 3961/3926/3820 3963/3928/3822
f 3963/3928/3822 3961/3926/3820 3964/3929/3823
f 3959/3924/3818 3965/3930/3824 3960/3925/3819
f 3961/3926/3820 3960/3925/3819 3965/3930/3824
f 3965/3930/3824 3964/3929/3823 3961/3926/3820
f 3964/3929/3823 3965/3930/3824 3966/3931/3825
f 3967/3932/3826 3964/3929/3823 3966/3931/3825
f 3964/3929/3823 3967/3932/3826 3963/3928/3822
f 3931/3896/3790 3963/3928/3822 3967/3932/3826
f 3931/3896/3790 3962/3927/3821 3963/3928/3822
f 3924/3889/3783 3962/3927/3821 3931/3896/3790
f 3928/3893/3787 3962/3927/3821 3924/3889/3783
f 3943/3908/3802 3962/3927/3821 3928/3893/3787
f 3968/3933/3827 3969/3934/2650 3966/3931/3825
f 3969/3934/2650 3970/3935/3828 3966/3931/3825
f 3966/3931/3825 3970/3935/3828 3967/3932/3826
f 3971/3936/3044 3967/3932/3826 3970/3935/3828
f 3972/3937/3045 3967/3932/3826 3971/3936/3044
f 3967/3932/3826 3972/3937/3045 3973/3938/3829
f 3974/3939/3046 3973/3938/3829 3972/3937/3045
f 3973/3938/3829 3974/3939/3046 3975/3940/3830
f 3976/3941/3831 3975/3940/3830 3974/3939/3046
f 3975/3940/3830 3976/3941/3831 3977/3942/3832
f 3967/3932/3826 3973/3938/3829 3931/3896/3790
f 3925/3890/3784 3931/3896/3790 3973/3938/3829
f 3973/3938/3829 3975/3940/3830 3925/3890/3784
f 3977/3942/3832 3925/3890/3784 3975/3940/3830
f 3925/3890/3784 3977/3942/3832 3978/3943/3833
f 3978/3943/3833 3926/3891/3785 3925/3890/3784
f 3926/3891/3785 3978/3943/3833 3979/3944/3834
f 3980/3945/3835 3926/3891/3785 3979/3944/3834
f 3979/3944/3834 3981/3946/3836 3980/3945/3835
f 3981/3946/3836 3923/3888/3782 3980/3945/3835
f 3922/3887/3781 3980/3945/3835 3923/3888/3782
f 3922/3887/3781 3927/3892/3786 3980/3945/3835
f 3926/3891/3785 3980/3945/3835 3927/3892/3786
f 3982/3947/3837 3117/3087/3014 3981/3946/3836
f 3982/3947/3837 3981/3946/3836 3979/3944/3834
f 3982/3947/3837 3979/3944/3834 3983/3948/3838
f 3979/3944/3834 3984/3949/3839 3983/3948/3838
f 3984/3949/3839 3979/3944/3834 3978/3943/3833
f 3976/3941/3831 3985/3950/3840 3977/3942/3832
f 3977/3942/3832 3985/3950/3840 3978/3943/3833
f 3986/3951/3841 3978/3943/3833 3985/3950/3840
f 3978/3943/3833 3986/3951/3841 3984/3949/3839
f 3114/3084/3011 3984/3949/3839 3986/3951/3841
f 3984/3949/3839 3114/3084/3011 3983/3948/3838
f 3983/3948/3838 3114/3084/3011 3115/3085/3012
f 3983/3948/3838 3115/3085/3012 3982/3947/3837
f 3116/3086/3013 3982/3947/3837 3115/3085/3012
f 3982/3947/3837 3116/3086/3013 3117/3087/3014
f 3113/3083/3010 3114/3084/3011 3987/3952/3842
f 3986/3951/3841 3987/3952/3842 3114/3084/3011
f 3987/3952/3842 3986/3951/3841 3988/3953/2237
f 3985/3950/3840 3988/3953/2237 3986/3951/3841
f 3988/3953/2237 3985/3950/3840 3989/3954/2238
f 3989/3954/2238 3985/3950/3840 3990/3955/3843
f 3976/3941/3831 3990/3955/3843 3985/3950/3840
f 3990/3955/3843 3976/3941/3831 3991/3956/3844
f 3974/3939/3046 3991/3956/3844 3976/3941/3831
f 3981/3946/3836 3917/3882/3776 3923/3888/3782
f 3992/3957/3845 3917/3882/3776 3981/3946/3836
f 3981/3946/3836 3117/3087/3014 3992/3957/3845
f 3117/3087/3014 3993/3958/3846 3992/3957/3845
f 3993/3958/3846 3117/3087/3014 3118/3088/3015
f 3994/3959/3847 3993/3958/3846 3118/3088/3015
f 3118/3088/3015 3119/3089/3016 3994/3959/3847
f 3994/3959/3847 3119/3089/3016 3120/3090/3017
f 3122/3092/3019 3994/3959/3847 3120/3090/3017
f 3122/3092/3019 3995/3960/3848 3994/3959/3847
f 3995/3960/3848 3996/3961/3849 3997/3962/3850
f 3997/3962/3850 3994/3959/3847 3995/3960/3848
f 3997/3962/3850 3993/3958/3846 3994/3959/3847
f 3993/3958/3846 3997/3962/3850 3992/3957/3845
f 3992/3957/3845 3997/3962/3850 3998/3963/3851
f 3917/3882/3776 3992/3957/3845 3998/3963/3851
f 3917/3882/3776 3998/3963/3851 3915/3880/3774
f 3998/3963/3851 3999/3964/3852 3915/3880/3774
f 3916/3881/3775 3915/3880/3774 3999/3964/3852
f 3997/3962/3850 3996/3961/3849 3999/3964/3852
f 3997/3962/3850 3999/3964/3852 3998/3963/3851
f 3995/3960/3848 3122/3092/3019 3124/3094/3021
f 4000/3965/3853 3995/3960/3848 3124/3094/3021
f 3995/3960/3848 4000/3965/3853 3996/3961/3849
f 4000/3965/3853 4001/3966/3854 3996/3961/3849
f 3996/3961/3849 4001/3966/3854 3999/3964/3852
f 4002/3967/3855 3999/3964/3852 4001/3966/3854
f 3999/3964/3852 4002/3967/3855 3916/3881/3775
f 4002/3967/3855 4003/3968/3856 3916/3881/3775
f 4003/3968/3856 4004/3969/3857 3916/3881/3775
f 4004/3969/3857 4003/3968/3856 1270/1254/1261
f 3123/3093/3020 4005/3970/3858 3124/3094/3021
f 3124/3094/3021 4005/3970/3858 4000/3965/3853
f 4005/3970/3858 4006/3971/3859 4000/3965/3853
f 4000/3965/3853 4006/3971/3859 4001/3966/3854
f 4001/3966/3854 4006/3971/3859 4007/3972/1207
f 4001/3966/3854 4007/3972/1207 4002/3967/3855
f 4008/3973/3860 4002/3967/3855 4007/3972/1207
f 4002/3967/3855 4008/3973/3860 4003/3968/3856
f 4003/3968/3856 4008/3973/3860 1268/1252/1259
f 4003/3968/3856 1268/1252/1259 1270/1254/1261
f 4006/3971/3859 4009/3974/3861 4007/3972/1207
f 4007/3972/1207 4009/3974/3861 4008/3973/3860
f 4009/3974/3861 4010/3975/3862 4008/3973/3860
f 4008/3973/3860 4010/3975/3862 1268/1252/1259
f 1269/1253/1260 1268/1252/1259 4010/3975/3862
f 1269/1253/1260 1288/1272/1279 1279/1263/1270
f 4010/3975/3862 1288/1272/1279 1269/1253/1260
f 4011/3976/3863 1288/1272/1279 4010/3975/3862
f 4009/3974/3861 4011/3976/3863 4010/3975/3862
f 4011/3976/3863 4009/3974/3861 4012/3977/3864
f 4009/3974/3861 4006/3971/3859 4012/3977/3864
f 4013/3978/3865 4012/3977/3864 4006/3971/3859
f 4014/3979/3866 4013/3978/3865 4006/3971/3859
f 4005/3970/3858 4014/3979/3866 4006/3971/3859
f 4014/3979/3866 4005/3970/3858 1904/1883/1882
f 4005/3970/3858 4015/3980/3867 1904/1883/1882
f 3123/3093/3020 4015/3980/3867 4005/3970/3858
f 1287/1271/1278 1288/1272/1279 4016/3981/3868
f 4011/3976/3863 4016/3981/3868 1288/1272/1279
f 4016/3981/3868 4011/3976/3863 4017/3982/3869
f 4012/3977/3864 4017/3982/3869 4011/3976/3863
f 4012/3977/3864 4018/3983/3870 4017/3982/3869
f 4013/3978/3865 4018/3983/3870 4012/3977/3864
f 4018/3983/3870 4013/3978/3865 4019/3984/3871
f 4014/3979/3866 4019/3984/3871 4013/3978/3865
f 4019/3984/3871 4014/3979/3866 1906/1885/1884
f 1904/1883/1882 1906/1885/1884 4014/3979/3866
f 1289/1273/1280 4020/3985/3872 1301/1285/1292
f 4021/3986/3873 4020/3985/3872 1289/1273/1280
f 4021/3986/3873 1289/1273/1280 1287/1271/1278
f 1287/1271/1278 4016/3981/3868 4021/3986/3873
f 4021/3986/3873 4016/3981/3868 4022/3987/3874
f 4017/3982/3869 4022/3987/3874 4016/3981/3868
f 4017/3982/3869 4018/3983/3870 4022/3987/3874
f 4022/3987/3874 4023/3988/3875 4021/3986/3873
f 4021/3986/3873 4023/3988/3875 4020/3985/3872
f 4018/3983/3870 4019/3984/3871 4024/3989/3876
f 4024/3989/3876 4025/3990/3877 4018/3983/3870
f 4018/3983/3870 4025/3990/3877 4022/3987/3874
f 4026/3991/3878 4022/3987/3874 4025/3990/3877
f 4023/3988/3875 4022/3987/3874 4026/3991/3878
f 4026/3991/3878 1306/1290/1297 4023/3988/3875
f 1304/1288/1295 4023/3988/3875 1306/1290/1297
f 1304/1288/1295 1302/1286/1293 4023/3988/3875
f 4023/3988/3875 1302/1286/1293 4020/3985/3872
f 4020/3985/3872 1302/1286/1293 1301/1285/1292
f 1306/1290/1297 4026/3991/3878 4027/3992/3879
f 4027/3992/3879 4026/3991/3878 4028/3993/3880
f 4028/3993/3880 4026/3991/3878 4025/3990/3877
f 1307/1291/1298 1306/1290/1297 4027/3992/3879
f 1315/1299/1306 1307/1291/1298 4027/3992/3879
f 4028/3993/3880 1315/1299/1306 4027/3992/3879
f 1911/1890/1889 1315/1299/1306 4028/3993/3880
f 4025/3990/3877 1911/1890/1889 4028/3993/3880
f 1911/1890/1889 4025/3990/3877 1910/1889/1888
f 4025/3990/3877 4024/3989/3876 1910/1889/1888
f 1905/1884/1883 1910/1889/1888 4024/3989/3876
f 1906/1885/1884 1905/1884/1883 4024/3989/3876
f 4019/3984/3871 1906/1885/1884 4024/3989/3876
f 4029/3994/3881 4030/3995/3882 4031/3996/3883
f 4029/3994/3881 4031/3996/3883 4032/3997/3884
f 4033/3998/3885 3684/3649/895 3685/3650/3560
f 3685/3650/3560 3691/3656/3565 4033/3998/3885
f 4032/3997/3884 4033/3998/3885 3691/3656/3565
f 3693/3658/3567 4032/3997/3884 3691/3656/3565
f 3693/3658/3567 4029/3994/3881 4032/3997/3884
f 3693/3658/3567 3800/3765/3666 4029/3994/3881
f 3800/3765/3666 4030/3995/3882 4029/3994/3881
f 4030/3995/3882 3800/3765/3666 3801/3766/3667
f 3794/3759/3660 4030/3995/3882 3801/3766/3667
f 3801/3766/3667 3795/3760/3661 3794/3759/3660
f 4034/3999/3886 4035/4000/3887 4036/4001/3888
f 4034/3999/3886 4037/4002/3889 4035/4000/3887
f 4031/3996/3883 4037/4002/3889 4034/3999/3886
f 4038/4003/3890 4031/3996/3883 4034/3999/3886
f 4031/3996/3883 4038/4003/3890 4032/3997/3884
f 4033/3998/3885 4032/3997/3884 4038/4003/3890
f 4038/4003/3890 4039/4004/909 4033/3998/3885
f 4040/4005/908 4033/3998/3885 4039/4004/909
f 4033/3998/3885 4040/4005/908 4041/4006/896
f 4033/3998/3885 4041/4006/896 3684/3649/895
f 4034/3999/3886 4036/4001/3888 4038/4003/3890
f 4039/4004/909 4038/4003/3890 4036/4001/3888
f 4039/4004/909 4036/4001/3888 4042/4007/910
f 4043/4008/3891 4042/4007/910 4036/4001/3888
f 4044/4009/2622 4045/4010/3892 4046/4011/3893
f 2043/2019/2009 2044/2020/2010 2046/2022/2012
f 2046/2022/2012 2044/2020/2010 4045/4010/3892
f 2049/2025/2015 2046/2022/2012 4045/4010/3892
f 4045/4010/3892 4044/4009/2622 2049/2025/2015
f 4047/4012/3894 2049/2025/2015 4044/4009/2622
f 2049/2025/2015 4047/4012/3894 2047/2023/2013
f 4048/4013/3895 2047/2023/2013 4047/4012/3894
f 2047/2023/2013 4048/4013/3895 2058/2034/2024
f 2058/2034/2024 4048/4013/3895 1967/1946/1934
f 1967/1946/1934 1976/1955/1943 2058/2034/2024
f 4049/4014/3896 4050/4015/3897 4051/4016/3898
f 4052/4017/3899 4053/4018/3900 4054/4019/3901
f 4053/4018/3900 4055/4020/3902 4054/4019/3901
f 4055/4020/3902 4053/4018/3900 4056/4021/3903
f 4056/4021/3903 4057/4022/3904 4055/4020/3902
f 4057/4022/3904 4056/4021/3903 4058/4023/3905
f 4058/4023/3905 4050/4015/3897 4057/4022/3904
f 4050/4015/3897 4058/4023/3905 4059/4024/3906
f 4059/4024/3906 4051/4016/3898 4050/4015/3897
f 4051/4016/3898 4059/4024/3906 4060/4025/3907
f 4061/4026/3908 4051/4016/3898 4060/4025/3907
f 4062/4027/3909 4059/4024/3906 4058/4023/3905
f 4059/4024/3906 4062/4027/3909 4063/4028/3910
f 4060/4025/3907 4059/4024/3906 4063/4028/3910
f 4063/4028/3910 4064/4029/3911 4060/4025/3907
f 4061/4026/3908 4060/4025/3907 4064/4029/3911
f 4064/4029/3911 4065/4030/1858 4061/4026/3908
f 4065/4030/1858 4066/4031/3912 4061/4026/3908
f 4061/4026/3908 4066/4031/3912 4067/4032/3913
f 4068/4033/3914 4067/4032/3913 4066/4031/3912
f 4067/4032/3913 4068/4033/3914 4069/4034/3915
f 4064/4029/3911 4070/4035/1857 4065/4030/1858
f 4064/4029/3911 4071/4036/3916 4070/4035/1857
f 4064/4029/3911 4063/4028/3910 4071/4036/3916
f 4072/4037/3917 4071/4036/3916 4063/4028/3910
f 4063/4028/3910 4073/4038/3918 4072/4037/3917
f 4063/4028/3910 4074/4039/3919 4073/4038/3918
f 4074/4039/3919 4063/4028/3910 4062/4027/3909
f 4075/4040/3920 4074/4039/3919 4062/4027/3909
f 4076/4041/3921 4073/4038/3918 4074/4039/3919
f 4077/4042/3922 4078/4043/1856 4071/4036/3916
f 4071/4036/3916 4078/4043/1856 4070/4035/1857
f 4079/4044/3923 4080/4045/3924 4081/4046/3925
f 4081/4046/3925 4082/4047/3926 4079/4044/3923
f 4082/4047/3926 4081/4046/3925 4083/4048/3927
f 4083/4048/3927 4084/4049/3928 4082/4047/3926
f 4084/4049/3928 4083/4048/3927 4085/4050/3929
f 4085/4050/3929 4075/4040/3920 4084/4049/3928
f 4085/4050/3929 4086/4051/3930 4075/4040/3920
f 4086/4051/3930 4074/4039/3919 4075/4040/3920
f 4087/4052/3931 4074/4039/3919 4086/4051/3930
f 4074/4039/3919 4087/4052/3931 4076/4041/3921
f 4081/4046/3925 4080/4045/3924 4083/4048/3927
f 4088/4053/3932 4083/4048/3927 4080/4045/3924
f 4088/4053/3932 4089/4054/3933 4083/4048/3927
f 4089/4054/3933 4085/4050/3929 4083/4048/3927
f 4089/4054/3933 4090/4055/3934 4085/4050/3929
f 4090/4055/3934 4086/4051/3930 4085/4050/3929
f 4086/4051/3930 4090/4055/3934 4087/4052/3931
f 4091/4056/2631 4076/4041/3921 4087/4052/3931
f 4087/4052/3931 4092/4057/3935 4091/4056/2631
f 4092/4057/3935 4087/4052/3931 4090/4055/3934
f 4090/4055/3934 4093/4058/2627 4092/4057/3935
f 4093/4058/2627 4090/4055/3934 4089/4054/3933
f 4094/4059/2626 4093/4058/2627 4089/4054/3933
f 4089/4054/3933 4095/4060/2629 4094/4059/2626
f 4095/4060/2629 4089/4054/3933 4088/4053/3932
f 4095/4060/2629 4088/4053/3932 4096/4061/3936
f 4080/4045/3924 4096/4061/3936 4088/4053/3932
f 4097/4062/3895 4096/4061/3936 4098/4063/3937
f 4097/4062/3895 4099/4064/3894 4096/4061/3936
f 4096/4061/3936 4099/4064/3894 4100/4065/3938
f 4096/4061/3936 4100/4065/3938 4095/4060/2629
f 4101/4066/2622 4100/4065/3938 4099/4064/3894
f 4096/4061/3936 4080/4045/3924 4098/4063/3937
f 4080/4045/3924 4079/4044/3923 4098/4063/3937
f 4098/4063/3937 4079/4044/3923 4102/4067/3939
f 4102/4067/3939 4079/4044/3923 4103/4068/3940
f 4103/4068/3940 4104/4069/3941 4102/4067/3939
f 4103/4068/3940 4105/4070/3942 4104/4069/3941
f 4106/4071/3943 4104/4069/3941 4105/4070/3942
f 4106/4071/3943 4107/4072/3944 4104/4069/3941
f 4107/4072/3944 4106/4071/3943 2826/2798/2752
f 4107/4072/3944 2826/2798/2752 2825/2797/2751
f 4108/4073/3945 4109/4074/3946 4110/4075/3947
f 4109/4074/3946 4108/4073/3945 4111/4076/3948
f 4111/4076/3948 4112/4077/3949 4109/4074/3946
f 4111/4076/3948 4102/4067/3939 4112/4077/3949
f 4112/4077/3949 4102/4067/3939 4104/4069/3941
f 4112/4077/3949 4104/4069/3941 4107/4072/3944
f 2825/2797/2751 4112/4077/3949 4107/4072/3944
f 4112/4077/3949 2825/2797/2751 4109/4074/3946
f 2832/2804/2758 4109/4074/3946 2825/2797/2751
f 4109/4074/3946 2832/2804/2758 4113/4078/3950
f 4109/4074/3946 4113/4078/3950 4110/4075/3947
f 2832/2804/2758 2829/2801/2755 4113/4078/3950
f 4113/4078/3950 2829/2801/2755 2830/2802/2756
f 2830/2802/2756 4114/4079/3951 4113/4078/3950
f 4114/4079/3951 4115/4080/3952 4113/4078/3950
f 4110/4075/3947 4113/4078/3950 4115/4080/3952
f 4116/4081/3953 4110/4075/3947 4115/4080/3952
f 4117/4082/3954 4116/4081/3953 4115/4080/3952
f 4116/4081/3953 4117/4082/3954 4118/4083/3955
f 4117/4082/3954 4119/4084/3956 4118/4083/3955
f 4119/4084/3956 4117/4082/3954 4120/4085/3957
f 4120/4085/3957 4121/4086/3958 4119/4084/3956
f 4121/4086/3958 4122/4087/3959 4119/4084/3956
f 4122/4087/3959 4123/4088/3960 4119/4084/3956
f 4123/4088/3960 4118/4083/3955 4119/4084/3956
f 4118/4083/3955 4123/4088/3960 4124/2429/3961
f 4116/4081/3953 4118/4083/3955 4124/2429/3961
f 4125/2428/1698 4116/4081/3953 4124/2429/3961
f 4126/4089/3962 4116/4081/3953 4125/2428/1698
f 4116/4081/3953 4126/4089/3962 4110/4075/3947
f 4110/4075/3947 4126/4089/3962 4108/4073/3945
f 4127/4090/3963 2830/2802/2756 2831/2803/2757
f 2830/2802/2756 4127/4090/3963 4114/4079/3951
f 4127/4090/3963 4128/4091/3964 4114/4079/3951
f 4115/4080/3952 4114/4079/3951 4128/4091/3964
f 4129/4092/3965 4115/4080/3952 4128/4091/3964
f 4115/4080/3952 4129/4092/3965 4117/4082/3954
f 4117/4082/3954 4129/4092/3965 4130/4093/3966
f 4120/4085/3957 4117/4082/3954 4130/4093/3966
f 4131/4094/3967 4120/4085/3957 4130/4093/3966
f 4131/4094/3967 4121/4086/3958 4120/4085/3957
f 4132/4095/3968 4131/4094/3967 4130/4093/3966
f 4130/4093/3966 4133/4096/3969 4132/4095/3968
f 4129/4092/3965 4133/4096/3969 4130/4093/3966
f 4133/4096/3969 4129/4092/3965 4134/4097/3970
f 4128/4091/3964 4134/4097/3970 4129/4092/3965
f 4134/4097/3970 4128/4091/3964 4127/4090/3963
f 2831/2803/2757 2821/2793/2747 2822/2794/2748
f 4135/4098/3971 2831/2803/2757 2822/2794/2748
f 2831/2803/2757 4135/4098/3971 4127/4090/3963
f 4135/4098/3971 4136/4099/3972 4127/4090/3963
f 4134/4097/3970 4127/4090/3963 4136/4099/3972
f 4137/4100/3973 4134/4097/3970 4136/4099/3972
f 4134/4097/3970 4137/4100/3973 4133/4096/3969
f 4138/4101/3974 4133/4096/3969 4137/4100/3973
f 4133/4096/3969 4138/4101/3974 4132/4095/3968
f 4139/4102/3975 4132/4095/3968 4138/4101/3974
f 4138/4101/3974 4137/4100/3973 4139/4102/3975
f 4140/4103/3976 4139/4102/3975 4137/4100/3973
f 4137/4100/3973 4141/4104/3977 4140/4103/3976
f 4137/4100/3973 4142/4105/3978 4141/4104/3977
f 4137/4100/3973 4143/4106/3979 4142/4105/3978
f 4143/4106/3979 4137/4100/3973 4144/4107/3980
f 4145/4108/2702 4143/4106/3979 4144/4107/3980
f 4146/4109/3981 4145/4108/2702 4144/4107/3980
f 4145/4108/2702 4146/4109/3981 4147/4110/3982
f 4147/4110/3982 4146/4109/3981 4148/4111/3983
f 4136/4099/3972 4144/4107/3980 4137/4100/3973
f 4144/4107/3980 4136/4099/3972 4146/4109/3981
f 4146/4109/3981 4136/4099/3972 4135/4098/3971
f 4146/4109/3981 4135/4098/3971 4148/4111/3983
f 2822/2794/2748 4148/4111/3983 4135/4098/3971
f 2822/2794/2748 4149/4112/3984 4148/4111/3983
f 4149/4112/3984 2822/2794/2748 2815/2787/2741
f 2815/2787/2741 4150/4113/3985 4149/4112/3984
f 4150/4113/3985 2815/2787/2741 2808/2780/2734
f 2808/2780/2734 2807/2779/2733 4150/4113/3985
f 4148/4111/3983 4151/4114/3986 4147/4110/3982
f 4149/4112/3984 4151/4114/3986 4148/4111/3983
f 4151/4114/3986 4149/4112/3984 4152/4115/2699
f 4150/4113/3985 4152/4115/2699 4149/4112/3984
f 4152/4115/2699 4150/4113/3985 4153/4116/2698
f 2807/2779/2733 4153/4116/2698 4150/4113/3985
f 2807/2779/2733 4154/4117/3987 4153/4116/2698
f 2807/2779/2733 2799/2771/2725 4154/4117/3987
f 2799/2771/2725 2807/2779/2733 2800/2772/2726
f 2800/2772/2726 2798/2770/2724 2799/2771/2725
f 4155/4118/3988 4156/4119/3989 4157/4120/3990
f 4157/4120/3990 4158/4121/3991 4159/4122/3992
f 4158/4121/3991 4157/4120/3990 4156/4119/3989
f 4158/4121/3991 4156/4119/3989 4160/4123/3993
f 1582/1566/1570 4161/4124/3994 1584/1568/1572
f 4160/4123/3993 1584/1568/1572 4161/4124/3994
f 1584/1568/1572 4160/4123/3993 1585/1569/1573
f 1585/1569/1573 4160/4123/3993 4156/4119/3989
f 4156/4119/3989 1586/1570/1574 1585/1569/1573
f 1586/1570/1574 4156/4119/3989 4155/4118/3988
f 1685/1664/1673 1586/1570/1574 4155/4118/3988
f 4155/4118/3988 4162/4125/3995 1685/1664/1673
f 1679/1658/1667 1685/1664/1673 4162/4125/3995
f 4162/4125/3995 1677/1656/1665 1679/1658/1667
f 4163/4126/3996 4164/4127/3997 4165/4128/3998
f 4166/4129/3999 4163/4126/3996 4165/4128/3998
f 4163/4126/3996 4166/4129/3999 1579/1563/1567
f 4167/4130/4000 1579/1563/1567 4166/4129/3999
f 1580/1564/1568 1579/1563/1567 4167/4130/4000
f 4168/4131/4001 1580/1564/1568 4167/4130/4000
f 1581/1565/1569 1580/1564/1568 4168/4131/4001
f 4168/4131/4001 4169/4132/4002 1581/1565/1569
f 1582/1566/1570 1581/1565/1569 4169/4132/4002
f 4169/4132/4002 4161/4124/3994 1582/1566/1570
f 4170/4133/4003 4171/4134/4004 4172/4135/4005
f 4173/4136/4006 4172/4135/4005 4171/4134/4004
f 4171/4134/4004 4174/4137/4007 4173/4136/4006
f 4166/4129/3999 4173/4136/4006 4174/4137/4007
f 4167/4130/4000 4166/4129/3999 4174/4137/4007
f 4174/4137/4007 4175/4138/4008 4167/4130/4000
f 4168/4131/4001 4167/4130/4000 4175/4138/4008
f 4175/4138/4008 4176/4139/4009 4168/4131/4001
f 4169/4132/4002 4168/4131/4001 4176/4139/4009
f 4161/4124/3994 4169/4132/4002 4176/4139/4009
f 4177/4140/526 4178/4141/4010 4165/4128/3998
f 4165/4128/3998 4178/4141/4010 4179/4142/4011
f 4165/4128/3998 4179/4142/4011 4166/4129/3999
f 4173/4136/4006 4166/4129/3999 4179/4142/4011
f 4179/4142/4011 4180/4143/4012 4173/4136/4006
f 4172/4135/4005 4173/4136/4006 4180/4143/4012
f 4180/4143/4012 817/801/812 4172/4135/4005
f 4172/4135/4005 817/801/812 4170/4133/4003
f 817/801/812 818/802/813 4170/4133/4003
f 4170/4133/4003 818/802/813 825/809/820
f 4171/4134/4004 4170/4133/4003 4181/4144/4013
f 4181/4144/4013 4170/4133/4003 825/809/820
f 816/800/811 817/801/812 852/836/847
f 852/836/847 817/801/812 4180/4143/4012
f 4180/4143/4012 4178/4141/4010 852/836/847
f 4180/4143/4012 4179/4142/4011 4178/4141/4010
f 4182/4145/4014 825/809/820 4183/4146/4015
f 825/809/820 4182/4145/4014 4181/4144/4013
f 4182/4145/4014 4184/4147/4016 4181/4144/4013
f 4181/4144/4013 4184/4147/4016 4171/4134/4004
f 4184/4147/4016 4185/4148/4017 4171/4134/4004
f 4174/4137/4007 4171/4134/4004 4185/4148/4017
f 4175/4138/4008 4174/4137/4007 4185/4148/4017
f 4185/4148/4017 4186/4149/4018 4175/4138/4008
f 4176/4139/4009 4175/4138/4008 4186/4149/4018
f 4176/4139/4009 4186/4149/4018 4187/4150/4019
f 4188/4151/1322 4187/4150/4019 4186/4149/4018
f 4189/4152/4020 4176/4139/4009 4187/4150/4019
f 4189/4152/4020 4187/4150/4019 4190/4153/4021
f 4187/4150/4019 4191/4154/1331 4190/4153/4021
f 4187/4150/4019 4192/4155/4022 4191/4154/1331
f 4193/4156/4023 4192/4155/4022 4187/4150/4019
f 4193/4156/4023 4187/4150/4019 4188/4151/1322
f 4188/4151/1322 4194/4157/4024 4193/4156/4023
f 4186/4149/4018 4194/4157/4024 4188/4151/1322
f 4194/4157/4024 4186/4149/4018 4195/4158/4025
f 4186/4149/4018 4185/4148/4017 4195/4158/4025
f 4196/4159/4026 4194/4157/4024 4195/4158/4025
f 4185/4148/4017 4184/4147/4016 4195/4158/4025
f 4196/4159/4026 4195/4158/4025 4184/4147/4016
f 4184/4147/4016 4182/4145/4014 4196/4159/4026
f 4183/4146/4015 4196/4159/4026 4182/4145/4014
f 4183/4146/4015 4197/4160/4027 4196/4159/4026
f 4197/4160/4027 4194/4157/4024 4196/4159/4026
f 4194/4157/4024 4197/4160/4027 4198/4161/4028
f 4198/4161/4028 4193/4156/4023 4194/4157/4024
f 4199/4162/1512 4192/4155/4022 4193/4156/4023
f 4193/4156/4023 4200/4163/4029 4199/4162/1512
f 4200/4163/4029 4193/4156/4023 4198/4161/4028
f 4201/4164/4030 4200/4163/4029 4198/4161/4028
f 4201/4164/4030 4198/4161/4028 4197/4160/4027
f 4197/4160/4027 4202/4165/4031 4201/4164/4030
f 4202/4165/4031 4197/4160/4027 4183/4146/4015
f 4183/4146/4015 827/811/822 4202/4165/4031
f 827/811/822 4183/4146/4015 826/810/821
f 826/810/821 4183/4146/4015 825/809/820
f 4176/4139/4009 4189/4152/4020 4161/4124/3994
f 4161/4124/3994 4189/4152/4020 4160/4123/3993
f 4190/4153/4021 4160/4123/3993 4189/4152/4020
f 4190/4153/4021 4158/4121/3991 4160/4123/3993
f 4158/4121/3991 4190/4153/4021 4191/4154/1331
f 4158/4121/3991 4191/4154/1331 4159/4122/3992
f 4203/4166/4032 4159/4122/3992 4191/4154/1331
f 4192/4155/4022 4203/4166/4032 4191/4154/1331
f 4203/4166/4032 4192/4155/4022 4204/4167/4033
f 4192/4155/4022 4199/4162/1512 4204/4167/4033
f 4205/4168/4034 4206/4169/4035 4207/4170/4036
f 4205/4168/4034 4207/4170/4036 4208/4171/4037
f 4205/4168/4034 4208/4171/4037 4209/4172/4038
f 1742/1721/1729 4206/4169/4035 4205/4168/4034
f 1745/1724/1732 1742/1721/1729 4205/4168/4034
f 1745/1724/1732 4205/4168/4034 4209/4172/4038
f 1745/1724/1732 4209/4172/4038 1740/1719/1727
f 1742/1721/1729 1755/1734/1742 1766/1745/1752
f 1766/1745/1752 4206/4169/4035 1742/1721/1729
f 1770/1749/1756 4206/4169/4035 1766/1745/1752
f 4207/4170/4036 4206/4169/4035 1770/1749/1756
f 1789/1768/1769 4207/4170/4036 1770/1749/1756
f 4210/4173/4039 4207/4170/4036 1789/1768/1769
f 4207/4170/4036 4210/4173/4039 4208/4171/4037
f 4211/4174/4040 4208/4171/4037 4210/4173/4039
f 4212/4175/4041 4208/4171/4037 4211/4174/4040
f 4209/4172/4038 4208/4171/4037 4212/4175/4041
f 1789/1768/1769 1803/1782/1783 4210/4173/4039
f 1803/1782/1783 1806/1785/1786 4210/4173/4039
f 4210/4173/4039 1806/1785/1786 4211/4174/4040
f 4211/4174/4040 1806/1785/1786 1805/1784/1785
f 1805/1784/1785 4212/4175/4041 4211/4174/4040
f 1819/1798/1799 4212/4175/4041 1805/1784/1785
f 4212/4175/4041 1819/1798/1799 4213/4176/4042
f 1837/1816/1817 4213/4176/4042 1819/1798/1799
f 4213/4176/4042 1837/1816/1817 1843/1822/1823
f 1836/1815/1816 1843/1822/1823 1837/1816/1817
f 1842/1821/1822 4214/4177/4043 1843/1822/1823
f 1843/1822/1823 4214/4177/4043 4215/4178/4044
f 1843/1822/1823 4215/4178/4044 4216/4179/4045
f 4215/4178/4044 4217/4180/4046 4216/4179/4045
f 4218/4181/4047 4216/4179/4045 4217/4180/4046
f 4216/4179/4045 4218/4181/4047 4212/4175/4041
f 4213/4176/4042 4216/4179/4045 4212/4175/4041
f 4216/4179/4045 4213/4176/4042 1843/1822/1823
f 4212/4175/4041 4218/4181/4047 4209/4172/4038
f 4218/4181/4047 1740/1719/1727 4209/4172/4038
f 4217/4180/4046 1740/1719/1727 4218/4181/4047
f 1740/1719/1727 4217/4180/4046 1741/1720/1728
f 1741/1720/1728 4217/4180/4046 4219/4182/4048
f 4219/4182/4048 4220/4183/4049 1741/1720/1728
f 4221/4184/4050 4220/4183/4049 4219/4182/4048
f 4220/4183/4049 4221/4184/4050 4222/4185/4051
f 4223/4186/4052 4222/4185/4051 4221/4184/4050
f 4223/4186/4052 4224/4187/4053 4222/4185/4051
f 1739/1718/1726 1738/1717/1725 1741/1720/1728
f 4220/4183/4049 1739/1718/1726 1741/1720/1728
f 1739/1718/1726 4220/4183/4049 4225/4188/4054
f 4225/4188/4054 4220/4183/4049 4222/4185/4051
f 4224/4187/4053 4225/4188/4054 4222/4185/4051
f 4225/4188/4054 4224/4187/4053 4226/4189/4055
f 4224/4187/4053 4227/4190/4056 4226/4189/4055
f 4223/4186/4052 4228/4191/4057 4224/4187/4053
f 4227/4190/4056 4224/4187/4053 4228/4191/4057
f 4228/4191/4057 4229/4192/4058 4227/4190/4056
f 4229/4192/4058 4228/4191/4057 4230/4193/4059
f 4229/4192/4058 4230/4193/4059 4231/4194/4060
f 4232/4195/4061 4231/4194/4060 4230/4193/4059
f 4231/4194/4060 4232/4195/4061 4233/4196/4062
f 4232/4195/4061 4234/4197/4063 4233/4196/4062
f 1842/1821/1822 4233/4196/4062 4234/4197/4063
f 4214/4177/4043 1842/1821/1822 4234/4197/4063
f 4217/4180/4046 4215/4178/4044 4219/4182/4048
f 4219/4182/4048 4215/4178/4044 4221/4184/4050
f 4214/4177/4043 4221/4184/4050 4215/4178/4044
f 4214/4177/4043 4223/4186/4052 4221/4184/4050
f 4223/4186/4052 4214/4177/4043 4234/4197/4063
f 4234/4197/4063 4235/4198/4064 4223/4186/4052
f 4234/4197/4063 4232/4195/4061 4235/4198/4064
f 4230/4193/4059 4235/4198/4064 4232/4195/4061
f 4235/4198/4064 4230/4193/4059 4228/4191/4057
f 4228/4191/4057 4223/4186/4052 4235/4198/4064
f 4236/4199/4065 4237/4200/4066 4238/4201/4067
f 4238/4201/4067 4239/4202/4068 4236/4199/4065
f 4239/4202/4068 4238/4201/4067 4240/4203/4069
f 4239/4202/4068 4240/4203/4069 4241/4204/4070
f 4241/4204/4070 4240/4203/4069 4242/4205/4071
f 4243/4206/4072 4242/4205/4071 4240/4203/4069
f 4242/4205/4071 4243/4206/4072 4244/4207/4073
f 4243/4206/4072 4240/4203/4069 4238/4201/4067
f 4242/4205/4071 4244/4207/4073 4245/4208/4074
f 4246/4209/4075 4237/4200/4066 1330/1314/1321
f 1330/1314/1321 4237/4200/4066 4236/4199/4065
f 1331/1315/1322 1330/1314/1321 4236/4199/4065
f 1331/1315/1322 4236/4199/4065 4239/4202/4068
f 4239/4202/4068 1336/1320/1327 1331/1315/1322
f 1336/1320/1327 4239/4202/4068 4241/4204/4070
f 1336/1320/1327 4241/4204/4070 1341/1325/1332
f 4241/4204/4070 4242/4205/4071 1341/1325/1332
f 1341/1325/1332 4242/4205/4071 4247/4210/4076
f 4242/4205/4071 4245/4208/4074 4247/4210/4076
f 4248/4211/4077 4249/4212/4078 4250/4213/4079
f 4251/4214/4080 4250/4213/4079 4249/4212/4078
f 4249/4212/4078 4252/4215/4081 4251/4214/4080
f 4253/4216/4082 4251/4214/4080 4252/4215/4081
f 4252/4215/4081 4254/4217/4083 4253/4216/4082
f 4254/4217/4083 4252/4215/4081 4247/4210/4076
f 4255/4218/4084 4247/4210/4076 4252/4215/4081
f 4247/4210/4076 4255/4218/4084 1341/1325/1332
f 1341/1325/1332 4255/4218/4084 1334/1318/1325
f 1334/1318/1325 1333/1317/1324 1341/1325/1332
f 4252/4215/4081 4249/4212/4078 4255/4218/4084
f 4248/4211/4077 4255/4218/4084 4249/4212/4078
f 4255/4218/4084 4248/4211/4077 1334/1318/1325
f 4248/4211/4077 4256/4219/4085 1334/1318/1325
f 1334/1318/1325 4256/4219/4085 1335/1319/1326
f 4245/4208/4074 4254/4217/4083 4247/4210/4076
f 4257/4220/4086 4254/4217/4083 4245/4208/4074
f 4254/4217/4083 4257/4220/4086 4258/4221/4087
f 4254/4217/4083 4258/4221/4087 4253/4216/4082
f 4258/4221/4087 1704/1683/1692 4253/4216/4082
f 1704/1683/1692 1702/1681/1690 4253/4216/4082
f 4251/4214/4080 4253/4216/4082 1702/1681/1690
f 1701/1680/1689 4251/4214/4080 1702/1681/1690
f 4250/4213/4079 4251/4214/4080 1701/1680/1689
f 1701/1680/1689 1699/1678/1687 4250/4213/4079
f 1699/1678/1687 4259/4222/4088 4250/4213/4079
f 4259/4222/4088 1699/1678/1687 1700/1679/1688
f 4259/4222/4088 1700/1679/1688 4260/4223/4089
f 1700/1679/1688 4261/4224/4090 4260/4223/4089
f 4260/4223/4089 4261/4224/4090 4262/4225/4091
f 4262/4225/4091 4261/4224/4090 4263/4226/4092
f 4262/4225/4091 4263/4226/4092 4264/4227/4093
f 4264/4227/4093 4263/4226/4092 4265/4228/4094
f 4264/4227/4093 4265/4228/4094 1368/1352/1359
f 1370/1354/1361 1368/1352/1359 4265/4228/4094
f 4263/4226/4092 4266/4229/4095 4265/4228/4094
f 4266/4229/4095 4267/4230/4096 4268/4231/1900
f 4267/4230/4096 4266/4229/4095 4269/4232/4097
f 4263/4226/4092 4269/4232/4097 4266/4229/4095
f 4261/4224/4090 4269/4232/4097 4263/4226/4092
f 4261/4224/4090 4267/4230/4096 4269/4232/4097
f 4267/4230/4096 4261/4224/4090 4270/4233/4098
f 4270/4233/4098 4261/4224/4090 1700/1679/1688
f 1700/1679/1688 4271/4234/4099 4270/4233/4098
f 4271/4234/4099 1700/1679/1688 1718/1697/1706
f 1696/1675/1684 1718/1697/1706 1700/1679/1688
f 4272/4235/4100 1568/1552/1556 1569/1553/1557
f 4272/4235/4100 4273/4236/4101 1568/1552/1556
f 4273/4236/4101 4272/4235/4100 4274/4237/4102
f 4272/4235/4100 1569/1553/1557 4274/4237/4102
f 4275/4238/4103 4274/4237/4102 1569/1553/1557
f 1569/1553/1557 1571/1555/1559 4275/4238/4103
f 1572/1556/1560 4275/4238/4103 1571/1555/1559
f 4275/4238/4103 1572/1556/1560 1591/1575/1579
f 4275/4238/4103 1591/1575/1579 1600/1584/1588
f 4274/4237/4102 4275/4238/4103 1600/1584/1588
f 1603/1587/1591 4274/4237/4102 1600/1584/1588
f 4274/4237/4102 1603/1587/1591 4273/4236/4101
f 1603/1587/1591 1616/1600/1604 4273/4236/4101
f 4276/4239/4104 4273/4236/4101 1616/1600/1604
f 4273/4236/4101 4276/4239/4104 4277/4240/4105
f 4277/4240/4105 1568/1552/1556 4273/4236/4101
f 1567/1551/1555 1568/1552/1556 4277/4240/4105
f 1617/1601/1605 4276/4239/4104 1616/1600/1604
f 4278/4241/4106 4276/4239/4104 1617/1601/1605
f 4277/4240/4105 4276/4239/4104 4278/4241/4106
f 4278/4241/4106 4279/4242/4107 4277/4240/4105
f 1542/1526/1530 4277/4240/4105 4279/4242/4107
f 1567/1551/1555 4277/4240/4105 1542/1526/1530
f 1541/1525/1529 1567/1551/1555 1542/1526/1530
f 1541/1525/1529 1565/1549/1553 1567/1551/1555
f 1565/1549/1553 1541/1525/1529 1540/1524/1528
f 1540/1524/1528 1543/1527/1531 1565/1549/1553
f 4280/4243/4108 1536/1520/1524 1542/1526/1530
f 4279/4242/4107 4280/4243/4108 1542/1526/1530
f 4280/4243/4108 4279/4242/4107 4281/4244/4109
f 4279/4242/4107 4282/4245/4110 4281/4244/4109
f 4279/4242/4107 4278/4241/4106 4282/4245/4110
f 4278/4241/4106 4283/4246/4111 4282/4245/4110
f 4278/4241/4106 1617/1601/1605 4283/4246/4111
f 4284/4247/4112 4283/4246/4111 1617/1601/1605
f 1617/1601/1605 1618/1602/1606 4284/4247/4112
f 3015/2985/2937 4284/4247/4112 1618/1602/1606
f 4285/4248/4113 4283/4246/4111 4284/4247/4112
f 4282/4245/4110 4283/4246/4111 4285/4248/4113
f 4286/4249/4114 4282/4245/4110 4285/4248/4113
f 4281/4244/4109 4282/4245/4110 4287/4250/4115
f 4282/4245/4110 4286/4249/4114 4287/4250/4115
f 4287/4250/4115 4286/4249/4114 3020/2990/2942
f 4286/4249/4114 3012/2982/2934 3020/2990/2942
f 3012/2982/2934 4286/4249/4114 4285/4248/4113
f 4285/4248/4113 3011/2981/2933 3012/2982/2934
f 4285/4248/4113 4284/4247/4112 3011/2981/2933
f 3010/2980/2932 3011/2981/2933 4284/4247/4112
f 4284/4247/4112 3015/2985/2937 3010/2980/2932
f 3015/2985/2937 3008/2978/2930 3010/2980/2932
f 1618/1602/1606 1624/1608/1612 3015/2985/2937
f 1624/1608/1612 3016/2986/2938 3015/2985/2937
f 3016/2986/2938 1624/1608/1612 1625/1609/1613
f 1625/1609/1613 3017/2987/2939 3016/2986/2938
f 1625/1609/1613 2975/2947/2899 3017/2987/2939
f 3018/2988/2940 3017/2987/2939 2975/2947/2899
f 2975/2947/2899 2983/2955/2906 3018/2988/2940
f 3007/2977/2929 3018/2988/2940 2983/2955/2906
f 2983/2955/2906 2984/2956/2907 3007/2977/2929
f 2984/2956/2907 2999/2969/2921 3007/2977/2929
f 1661/1643/1649 4288/4251/4116 1660/1642/1648
f 4288/4251/4116 1661/1643/1649 4289/4252/4117
f 4289/4252/4117 4290/4253/4118 4288/4251/4116
f 4290/4253/4118 4289/4252/4117 4291/4254/4119
f 4290/4253/4118 4291/4254/4119 1623/1607/1611
f 1623/1607/1611 4291/4254/4119 4292/4255/4120
f 4292/4255/4120 1625/1609/1613 1623/1607/1611
f 1625/1609/1613 4292/4255/4120 4293/4256/4121
f 2975/2947/2899 1625/1609/1613 4293/4256/4121
f 2976/2948/2900 2975/2947/2899 4293/4256/4121
f 4294/4257/4122 4295/4258/4123 4296/4259/4124
f 4297/4260/4125 4296/4259/4124 4295/4258/4123
f 4292/4255/4120 4297/4260/4125 4295/4258/4123
f 4297/4260/4125 4292/4255/4120 4291/4254/4119
f 4291/4254/4119 4298/4261/2573 4297/4260/4125
f 4289/4252/4117 4298/4261/2573 4291/4254/4119
f 4292/4255/4120 4295/4258/4123 4293/4256/4121
f 4293/4256/4121 4295/4258/4123 2976/2948/2900
f 4295/4258/4123 4294/4257/4122 2976/2948/2900
f 2976/2948/2900 4294/4257/4122 2961/2933/2885
f 2958/2930/2882 2961/2933/2885 4294/4257/4122
f 4296/4259/4124 2958/2930/2882 4294/4257/4122
f 4296/4259/4124 2959/2931/2883 2958/2930/2882
f 4296/4259/4124 4297/4260/4125 2959/2931/2883
f 2959/2931/2883 4297/4260/4125 2960/2932/2884
f 4297/4260/4125 4298/4261/2573 2960/2932/2884
f 4298/4261/2573 2954/2926/2878 2960/2932/2884
f 2954/2926/2878 4298/4261/2573 2953/2925/2877
f 4298/4261/2573 4289/4252/4117 2953/2925/2877
f 1661/1643/1649 2953/2925/2877 4289/4252/4117
f 2086/2062/2052 2093/2069/2059 3866/3831/3727
f 4299/4262/4126 3866/3831/3727 2093/2069/2059
f 4300/4263/4127 4301/4264/4128 4302/4265/4129
f 4302/4265/4129 1329/1313/1320 1316/1300/1307
f 1329/1313/1320 4302/4265/4129 4301/4264/4128
f 4301/4264/4128 4303/4266/1397 1329/1313/1320
f 4304/4267/4130 4303/4266/1397 4301/4264/4128
f 4300/4263/4127 4304/4267/4130 4301/4264/4128
f 4304/4267/4130 4300/4263/4127 4305/4268/4131
f 1329/1313/1320 1332/1316/1323 1328/1312/1319
f 1332/1316/1323 1329/1313/1320 4303/4266/1397
f 4303/4266/1397 1330/1314/1321 1332/1316/1323
f 4306/4269/4132 1330/1314/1321 4303/4266/1397
f 4304/4267/4130 4306/4269/4132 4303/4266/1397
f 4306/4269/4132 4304/4267/4130 4307/4270/4133
f 4305/4268/4131 4307/4270/4133 4304/4267/4130
f 4307/4270/4133 4305/4268/4131 4308/4271/4134
f 1797/1776/1777 4308/4271/4134 4305/4268/4131
f 4308/4271/4134 1797/1776/1777 1799/1778/1779
f 1795/1774/1775 1796/1775/1776 1799/1778/1779
f 4309/4272/4135 1799/1778/1779 1796/1775/1776
f 1799/1778/1779 4309/4272/4135 4308/4271/4134
f 4310/4273/4136 4308/4271/4134 4309/4272/4135
f 4308/4271/4134 4310/4273/4136 4307/4270/4133
f 4311/4274/4137 4307/4270/4133 4310/4273/4136
f 4312/4275/4138 4307/4270/4133 4311/4274/4137
f 4307/4270/4133 4312/4275/4138 4306/4269/4132
f 4246/4209/4075 4306/4269/4132 4312/4275/4138
f 4306/4269/4132 4246/4209/4075 1330/1314/1321
f 4164/4127/3997 4163/4126/3996 4313/4276/4139
f 4314/4277/4140 4315/4278/4141 4313/4276/4139
f 4316/4279/4142 4313/4276/4139 4315/4278/4141
f 4313/4276/4139 4316/4279/4142 4164/4127/3997
f 4316/4279/4142 4317/4280/4143 4164/4127/3997
f 4316/4279/4142 4315/4278/4141 1554/1538/1542
f 4315/4278/4141 1556/1540/1544 1554/1538/1542
f 4315/4278/4141 4314/4277/4140 1556/1540/1544
f 4314/4277/4140 1558/1542/1546 1556/1540/1544
f 1558/1542/1546 4314/4277/4140 1574/1558/1562
f 4314/4277/4140 4313/4276/4139 1574/1558/1562
f 4313/4276/4139 1578/1562/1566 1574/1558/1562
f 1578/1562/1566 4313/4276/4139 4163/4126/3996
f 1579/1563/1567 1578/1562/1566 4163/4126/3996
f 4318/4281/4144 1550/1534/1538 1549/1533/1537
f 4319/4282/4145 1550/1534/1538 4318/4281/4144
f 1550/1534/1538 4319/4282/4145 1554/1538/1542
f 4320/4283/4146 1554/1538/1542 4319/4282/4145
f 1554/1538/1542 4320/4283/4146 4316/4279/4142
f 4321/4284/4147 4316/4279/4142 4320/4283/4146
f 4316/4279/4142 4321/4284/4147 4317/4280/4143
f 4317/4280/4143 4321/4284/4147 4177/4140/526
f 4177/4140/526 4164/4127/3997 4317/4280/4143
f 4177/4140/526 4165/4128/3998 4164/4127/3997
f 4322/4285/4148 4321/4284/4147 4320/4283/4146
f 4320/4283/4146 4323/4286/4149 4322/4285/4148
f 4323/4286/4149 4320/4283/4146 4319/4282/4145
f 4323/4286/4149 4319/4282/4145 4324/4287/4150
f 4324/4287/4150 4319/4282/4145 4318/4281/4144
f 4322/4285/4148 4323/4286/4149 4325/4288/4151
f 4325/4288/4151 4326/4289/4152 4327/4290/4153
f 4327/4290/4153 4328/4291/4154 4325/4288/4151
f 4328/4291/4154 4322/4285/4148 4325/4288/4151
f 4322/4285/4148 4328/4291/4154 4329/4292/4155
f 4321/4284/4147 4322/4285/4148 4329/4292/4155
f 4321/4284/4147 4329/4292/4155 4177/4140/526
f 4330/4293/4156 4177/4140/526 4329/4292/4155
f 4177/4140/526 4330/4293/4156 4178/4141/4010
f 4330/4293/4156 850/834/845 4178/4141/4010
f 4178/4141/4010 850/834/845 852/836/847
f 4327/4290/4153 4331/4294/4157 4332/4295/4158
f 4333/4296/995 4334/4297/996 4335/4298/1000
f 4336/4299/4159 4335/4298/1000 4334/4297/996
f 4336/4299/4159 4337/4300/1002 4335/4298/1000
f 4337/4300/1002 4336/4299/4159 4332/4295/4158
f 4332/4295/4158 4338/4301/1005 4337/4300/1002
f 4338/4301/1005 4332/4295/4158 4339/4302/4160
f 4331/4294/4157 4339/4302/4160 4332/4295/4158
f 4331/4294/4157 4340/4303/4161 4339/4302/4160
f 4340/4303/4161 4331/4294/4157 4326/4289/4152
f 4331/4294/4157 4327/4290/4153 4326/4289/4152
f 4334/4297/996 863/847/858 4341/4304/4162
f 4341/4304/4162 4336/4299/4159 4334/4297/996
f 4336/4299/4159 4341/4304/4162 4332/4295/4158
f 4330/4293/4156 4329/4292/4155 4328/4291/4154
f 4328/4291/4154 4342/4305/3206 4330/4293/4156
f 4328/4291/4154 4327/4290/4153 4342/4305/3206
f 4342/4305/3206 4327/4290/4153 862/846/857
f 4332/4295/4158 862/846/857 4327/4290/4153
f 862/846/857 4332/4295/4158 861/845/856
f 861/845/856 4332/4295/4158 4341/4304/4162
f 861/845/856 4341/4304/4162 860/844/855
f 863/847/858 860/844/855 4341/4304/4162
f 859/843/854 860/844/855 863/847/858
f 853/837/848 851/835/846 862/846/857
f 862/846/857 851/835/846 4342/4305/3206
f 851/835/846 850/834/845 4342/4305/3206
f 4330/4293/4156 4342/4305/3206 850/834/845
f 4343/4306/4163 1902/1881/1880 4344/4307/4164
f 4345/4308/4165 4343/4306/4163 4344/4307/4164
f 1902/1881/1880 4343/4306/4163 1892/1871/1870
f 1893/1872/1871 1892/1871/1870 4343/4306/4163
f 4346/4309/4166 1893/1872/1871 4343/4306/4163
f 4345/4308/4165 4346/4309/4166 4343/4306/4163
f 4346/4309/4166 4345/4308/4165 4347/4310/4167
f 4347/4310/4167 4345/4308/4165 4348/4311/4168
f 4345/4308/4165 4349/4312/4169 4348/4311/4168
f 4349/4312/4169 4345/4308/4165 4344/4307/4164
f 4344/4307/4164 1896/1875/1874 4349/4312/4169
f 1896/1875/1874 4344/4307/4164 1899/1878/1877
f 4344/4307/4164 1902/1881/1880 1899/1878/1877
f 1902/1881/1880 1901/1880/1879 1899/1878/1877
f 1894/1873/1872 1893/1872/1871 4346/4309/4166
f 3121/3091/3018 1894/1873/1872 4346/4309/4166
f 3123/3093/3020 3121/3091/3018 4346/4309/4166
f 4347/4310/4167 3123/3093/3020 4346/4309/4166
f 4015/3980/3867 3123/3093/3020 4347/4310/4167
f 4015/3980/3867 4347/4310/4167 4348/4311/4168
f 1904/1883/1882 4015/3980/3867 4348/4311/4168
f 4348/4311/4168 4349/4312/4169 1904/1883/1882
f 4349/4312/4169 1895/1874/1873 1904/1883/1882
f 1895/1874/1873 4349/4312/4169 1896/1875/1874
f 4350/4313/4170 4351/4314/4171 4352/4315/4172
f 4353/4316/4173 4354/4317/4174 4351/4314/4171
f 4355/4318/4175 4351/4314/4171 4354/4317/4174
f 4351/4314/4171 4355/4318/4175 4352/4315/4172
f 4356/4319/4176 4352/4315/4172 4355/4318/4175
f 4356/4319/4176 4357/4320/4177 4352/4315/4172
f 4350/4313/4170 4352/4315/4172 4357/4320/4177
f 4357/4320/4177 4358/4321/4178 4350/4313/4170
f 4359/4322/4179 4350/4313/4170 4358/4321/4178
f 3217/3187/3111 4360/4323/4180 4361/4324/4086
f 4360/4323/4180 3217/3187/3111 3219/3189/3113
f 3219/3189/3113 4359/4322/4179 4360/4323/4180
f 4359/4322/4179 3219/3189/3113 3224/3194/3118
f 4350/4313/4170 4359/4322/4179 3224/3194/3118
f 3225/3195/3119 4350/4313/4170 3224/3194/3118
f 4351/4314/4171 4350/4313/4170 3225/3195/3119
f 3226/3196/3120 4351/4314/4171 3225/3195/3119
f 4353/4316/4173 4351/4314/4171 3226/3196/3120
f 3227/3197/3121 4353/4316/4173 3226/3196/3120
f 4353/4316/4173 3227/3197/3121 4362/4325/4181
f 3227/3197/3121 3228/3198/3122 4362/4325/4181
f 4363/4326/4182 4362/4325/4181 3228/3198/3122
f 4363/4326/4182 3228/3198/3122 3229/3199/3123
f 3229/3199/3123 4364/4327/4183 4363/4326/4182
f 3231/3201/3125 4364/4327/4183 3229/3199/3123
f 3231/3201/3125 4365/4328/239 4364/4327/4183
f 4365/4328/239 3231/3201/3125 4366/4329/3392
f 3233/3203/3127 4366/4329/3392 3231/3201/3125
f 4366/4329/3392 3233/3203/3127 3238/3208/3132
f 4365/4328/239 4362/4325/4181 4363/4326/4182
f 4365/4328/239 4363/4326/4182 4364/4327/4183
f 4367/4330/4184 4368/4331/4185 4369/4332/4186
f 3968/3933/3827 4368/4331/4185 4367/4330/4184
f 4370/4333/4187 4368/4331/4185 3968/3933/3827
f 4370/4333/4187 4371/4334/4188 4368/4331/4185
f 4371/4334/4188 4369/4332/4186 4368/4331/4185
f 4371/4334/4188 4372/4335/4189 4369/4332/4186
f 4373/4336/4190 4374/4337/4191 4372/4335/4189
f 4374/4337/4191 4369/4332/4186 4372/4335/4189
f 4375/4338/4192 4369/4332/4186 4374/4337/4191
f 4369/4332/4186 4375/4338/4192 4367/4330/4184
f 4376/4339/4193 4367/4330/4184 4375/4338/4192
f 4367/4330/4184 4376/4339/4193 4377/4340/4194
f 4378/4341/4195 4367/4330/4184 4377/4340/4194
f 3968/3933/3827 4367/4330/4184 4378/4341/4195
f 4378/4341/4195 4379/4342/2651 3968/3933/3827
f 3969/3934/2650 3968/3933/3827 4379/4342/2651
f 4377/4340/4194 4380/4343/2646 4381/4344/4196
f 4377/4340/4194 4381/4344/4196 4378/4341/4195
f 4379/4342/2651 4378/4341/4195 4381/4344/4196
f 4382/4345/4197 3957/3922/3816 3956/3921/3815
f 3957/3922/3816 4382/4345/4197 4373/4336/4190
f 4373/4336/4190 4372/4335/4189 3957/3922/3816
f 3958/3923/3817 3957/3922/3816 4372/4335/4189
f 4372/4335/4189 4371/4334/4188 3958/3923/3817
f 3959/3924/3818 3958/3923/3817 4371/4334/4188
f 4371/4334/4188 4370/4333/4187 3959/3924/3818
f 3965/3930/3824 3959/3924/3818 4370/4333/4187
f 3965/3930/3824 4370/4333/4187 3968/3933/3827
f 3968/3933/3827 3966/3931/3825 3965/3930/3824
f 4383/4346/4198 4384/4347/4199 4385/4348/4200
f 4383/4346/4198 4385/4348/4200 4386/4349/4201
f 4387/4350/4202 4383/4346/4198 4386/4349/4201
f 4387/4350/4202 4386/4349/4201 3948/3913/3807
f 4386/4349/4201 4388/4351/4203 3948/3913/3807
f 4388/4351/4203 3951/3916/3810 3948/3913/3807
f 4389/4352/4204 3951/3916/3810 4388/4351/4203
f 3952/3917/3811 3951/3916/3810 4389/4352/4204
f 3952/3917/3811 4389/4352/4204 3956/3921/3815
f 3956/3921/3815 3953/3918/3812 3952/3917/3811
f 4385/4348/4200 4388/4351/4203 4386/4349/4201
f 4388/4351/4203 4385/4348/4200 4389/4352/4204
f 4384/4347/4199 4390/4353/1724 4391/4354/1726
f 4392/4355/4205 4384/4347/4199 4391/4354/1726
f 4384/4347/4199 4392/4355/4205 4385/4348/4200
f 4392/4355/4205 4393/4356/4055 4385/4348/4200
f 4385/4348/4200 4393/4356/4055 4394/4357/4056
f 4394/4357/4056 4389/4352/4204 4385/4348/4200
f 4389/4352/4204 4394/4357/4056 4395/4358/4206
f 4389/4352/4204 4395/4358/4206 4396/4359/4184
f 4396/4359/4184 3956/3921/3815 4389/4352/4204
f 3956/3921/3815 4396/4359/4184 4382/4345/4197
f 4397/4360/4207 4398/4361/4208 4399/4362/4209
f 4398/4361/4208 4397/4360/4207 4400/4363/4210
f 4401/4364/4211 4400/4363/4210 4397/4360/4207
f 4400/4363/4210 4401/4364/4211 4402/4365/4212
f 4402/4365/4212 4401/4364/4211 3903/3868/3762
f 4403/4366/4213 4398/4361/4208 4004/3969/3857
f 4403/4366/4213 4404/4367/4214 4398/4361/4208
f 4398/4361/4208 4404/4367/4214 4399/4362/4209
f 4404/4367/4214 4405/4368/4215 4399/4362/4209
f 4399/4362/4209 4405/4368/4215 4406/4369/4216
f 4399/4362/4209 4406/4369/4216 4397/4360/4207
f 4406/4369/4216 3908/3873/3767 4397/4360/4207
f 4397/4360/4207 3908/3873/3767 4401/4364/4211
f 3908/3873/3767 3904/3869/3763 4401/4364/4211
f 3903/3868/3762 4401/4364/4211 3904/3869/3763
f 4004/3969/3857 1270/1254/1261 4403/4366/4213
f 1271/1255/1262 4403/4366/4213 1270/1254/1261
f 4403/4366/4213 1271/1255/1262 4404/4367/4214
f 4404/4367/4214 1271/1255/1262 1267/1251/1258
f 4404/4367/4214 1267/1251/1258 4405/4368/4215
f 4405/4368/4215 1267/1251/1258 1264/1248/1255
f 4406/4369/4216 4405/4368/4215 1264/1248/1255
f 4406/4369/4216 1264/1248/1255 1263/1247/1254
f 3908/3873/3767 4406/4369/4216 1263/1247/1254
f 1263/1247/1254 1262/1246/1253 3908/3873/3767
f 3511/3477/3400 3509/3475/3398 4407/4370/4217
f 4407/4370/4217 3519/3485/3407 3511/3477/3400
f 3519/3485/3407 4407/4370/4217 4408/4371/1765
f 4407/4370/4217 4409/4372/4218 4408/4371/1765
f 4409/4372/4218 4410/4373/1766 4408/4371/1765
f 4410/4373/1766 4409/4372/4218 4411/4374/1772
f 3509/3475/3398 3507/3473/3396 4412/4375/4219
f 4407/4370/4217 3509/3475/3398 4412/4375/4219
f 4413/4376/4220 4407/4370/4217 4412/4375/4219
f 4413/4376/4220 4409/4372/4218 4407/4370/4217
f 4409/4372/4218 4413/4376/4220 4414/4377/4221
f 4414/4377/4221 4411/4374/1772 4409/4372/4218
f 4411/4374/1772 4414/4377/4221 4415/4378/1774
f 3165/3135/3061 4416/4379/4222 3166/3136/3062
f 3507/3473/3396 3166/3136/3062 4416/4379/4222
f 4416/4379/4222 4417/4380/4223 3507/3473/3396
f 4417/4380/4223 4412/4375/4219 3507/3473/3396
f 4412/4375/4219 4417/4380/4223 4418/4381/4224
f 4418/4381/4224 4413/4376/4220 4412/4375/4219
f 4413/4376/4220 4418/4381/4224 4419/4382/4225
f 4419/4382/4225 4414/4377/4221 4413/4376/4220
f 4414/4377/4221 4419/4382/4225 4420/4383/4226
f 4415/4378/1774 4414/4377/4221 4420/4383/4226
f 4421/4384/4227 4420/4383/4226 4419/4382/4225
f 4419/4382/4225 4422/4385/4228 4421/4384/4227
f 4422/4385/4228 4419/4382/4225 4418/4381/4224
f 4417/4380/4223 4422/4385/4228 4418/4381/4224
f 4417/4380/4223 4423/4386/4229 4422/4385/4228
f 4423/4386/4229 4417/4380/4223 4416/4379/4222
f 3179/3149/3074 4423/4386/4229 4416/4379/4222
f 4416/4379/4222 3165/3135/3061 3179/3149/3074
f 3163/3133/3059 3179/3149/3074 3165/3135/3061
f 3179/3149/3074 3163/3133/3059 3162/3132/3058
f 4424/4387/4230 4423/4386/4229 3179/3149/3074
f 3179/3149/3074 3180/3150/3075 4424/4387/4230
f 3180/3150/3075 3181/3151/3076 4424/4387/4230
f 4424/4387/4230 3181/3151/3076 4425/4388/4231
f 3181/3151/3076 3182/3152/3077 4425/4388/4231
f 4425/4388/4231 3182/3152/3077 3183/3153/672
f 3194/3164/3088 4425/4388/4231 3183/3153/672
f 4424/4387/4230 4425/4388/4231 3194/3164/3088
f 4424/4387/4230 3194/3164/3088 4426/4389/4232
f 4423/4386/4229 4424/4387/4230 4426/4389/4232
f 4426/4389/4232 4422/4385/4228 4423/4386/4229
f 4422/4385/4228 4426/4389/4232 4427/4390/4233
f 4427/4390/4233 4428/4391/4234 4422/4385/4228
f 4421/4384/4227 4422/4385/4228 4428/4391/4234
f 3200/3170/3094 3194/3164/3088 3193/3163/3087
f 3194/3164/3088 3200/3170/3094 4426/4389/4232
f 4426/4389/4232 3200/3170/3094 3198/3168/3092
f 4427/4390/4233 4426/4389/4232 3198/3168/3092
f 3198/3168/3092 3196/3166/3090 4427/4390/4233
f 4428/4391/4234 4427/4390/4233 3196/3166/3090
f 3196/3166/3090 3195/3165/3089 4428/4391/4234
f 4421/4384/4227 4428/4391/4234 3195/3165/3089
f 3195/3165/3089 4429/4392/4235 4421/4384/4227
f 4420/4383/4226 4421/4384/4227 4429/4392/4235
f 4415/4378/1774 4420/4383/4226 4430/4393/4236
f 4430/4393/4236 4420/4383/4226 4431/4394/4237
f 4429/4392/4235 4431/4394/4237 4420/4383/4226
f 4431/4394/4237 4429/4392/4235 4432/4395/4238
f 4433/4396/4239 4432/4395/4238 4429/4392/4235
f 4432/4395/4238 4433/4396/4239 4434/4397/4137
f 4435/4398/4240 4434/4397/4137 4433/4396/4239
f 4434/4397/4137 4435/4398/4240 4436/4399/4138
f 4435/4398/4240 4437/4400/4241 4436/4399/4138
f 4436/4399/4138 4437/4400/4241 4438/4401/4075
f 3199/3169/3093 3209/3179/3103 4437/4400/4241
f 3197/3167/3091 3199/3169/3093 4437/4400/4241
f 4435/4398/4240 3197/3167/3091 4437/4400/4241
f 4433/4396/4239 3197/3167/3091 4435/4398/4240
f 3197/3167/3091 4433/4396/4239 3195/3165/3089
f 4429/4392/4235 3195/3165/3089 4433/4396/4239
f 4437/4400/4241 4439/4402/4066 4438/4401/4075
f 4439/4402/4066 4437/4400/4241 3209/3179/3103
f 4439/4402/4066 3209/3179/3103 4440/4403/4067
f 3209/3179/3103 3208/3178/3102 4440/4403/4067
f 3208/3178/3102 4441/4404/4072 4440/4403/4067
f 4441/4404/4072 3208/3178/3102 3218/3188/3112
f 4441/4404/4072 3218/3188/3112 4442/4405/4073
f 3218/3188/3112 4443/4406/4074 4442/4405/4073
f 4443/4406/4074 3218/3188/3112 4361/4324/4086
f 3218/3188/3112 3217/3187/3111 4361/4324/4086
f 4444/4407/4242 3170/3140/3066 3169/3139/3065
f 4445/4408/4243 4444/4407/4242 3169/3139/3065
f 3168/3138/3064 4445/4408/4243 3169/3139/3065
f 3168/3138/3064 4446/4409/4244 4445/4408/4243
f 4446/4409/4244 3168/3138/3064 3167/3137/3063
f 3167/3137/3063 4447/4410/4245 4446/4409/4244
f 4448/4411/4246 4447/4410/4245 3167/3137/3063
f 3154/3124/3050 4448/4411/4246 3167/3137/3063
f 4448/4411/4246 3154/3124/3050 4449/4412/4247
f 3506/3472/3395 4449/4412/4247 3154/3124/3050
f 3500/3466/3390 4449/4412/4247 3506/3472/3395
f 4449/4412/4247 3500/3466/3390 3488/3454/3378
f 4449/4412/4247 3488/3454/3378 4448/4411/4246
f 3488/3454/3378 3486/3452/3376 4448/4411/4246
f 4448/4411/4246 3486/3452/3376 4447/4410/4245
f 3485/3451/3375 4447/4410/4245 3486/3452/3376
f 3485/3451/3375 4446/4409/4244 4447/4410/4245
f 3479/3445/3369 4446/4409/4244 3485/3451/3375
f 4446/4409/4244 3479/3445/3369 3478/3444/3368
f 3478/3444/3368 4445/4408/4243 4446/4409/4244
f 3477/3443/3367 4445/4408/4243 3478/3444/3368
f 4445/4408/4243 3477/3443/3367 4444/4407/4242
f 3476/3442/3366 4444/4407/4242 3477/3443/3367
f 4444/4407/4242 3476/3442/3366 4450/4413/4248
f 3170/3140/3066 4444/4407/4242 4450/4413/4248
f 4450/4413/4248 3171/3141/3067 3170/3140/3066
f 3173/3143/3069 3171/3141/3067 4450/4413/4248
f 4451/4414/4249 3173/3143/3069 4450/4413/4248
f 3173/3143/3069 4451/4414/4249 3245/3215/3139
f 3250/3220/3144 3245/3215/3139 4451/4414/4249
f 4452/4415/4250 3260/3230/3154 3259/3229/3153
f 3260/3230/3154 4452/4415/4250 3274/3244/3168
f 4453/4416/4251 3274/3244/3168 4452/4415/4250
f 3274/3244/3168 4453/4416/4251 3433/3399/3324
f 4453/4416/4251 4451/4414/4249 3433/3399/3324
f 3433/3399/3324 4451/4414/4249 3434/3400/3325
f 3434/3400/3325 4451/4414/4249 4450/4413/4248
f 4450/4413/4248 3446/3412/3337 3434/3400/3325
f 3446/3412/3337 4450/4413/4248 3476/3442/3366
f 3476/3442/3366 3451/3417/3342 3446/3412/3337
f 3259/3229/3153 3253/3223/3147 3252/3222/3146
f 3259/3229/3153 3252/3222/3146 4452/4415/4250
f 4452/4415/4250 3252/3222/3146 4454/4417/4252
f 4454/4417/4252 4453/4416/4251 4452/4415/4250
f 4455/4418/4253 4453/4416/4251 4454/4417/4252
f 4451/4414/4249 4453/4416/4251 4455/4418/4253
f 4451/4414/4249 4455/4418/4253 3250/3220/3144
f 3250/3220/3144 4455/4418/4253 4454/4417/4252
f 4454/4417/4252 3251/3221/3145 3250/3220/3144
f 4454/4417/4252 3252/3222/3146 3251/3221/3145
f 4456/4419/2480 4457/4420/4254 4458/4421/4255
f 1013/997/1004 1012/996/1003 4456/4419/2480
f 4458/4421/4255 1013/997/1004 4456/4419/2480
f 1018/1002/1009 1013/997/1004 4458/4421/4255
f 4459/4422/4256 1018/1002/1009 4458/4421/4255
f 1018/1002/1009 4459/4422/4256 4460/4423/4257
f 1018/1002/1009 4460/4423/4257 4461/4424/4258
f 4461/4424/4258 4462/4425/4259 1018/1002/1009
f 4462/4425/4259 4461/4424/4258 4463/4426/4260
f 4463/4426/4260 4384/4347/4199 4462/4425/4259
f 4384/4347/4199 4463/4426/4260 4390/4353/1724
f 3940/3905/3799 3939/3904/3798 3948/3913/3807
f 4387/4350/4202 3948/3913/3807 3939/3904/3798
f 3939/3904/3798 3938/3903/3797 4387/4350/4202
f 4383/4346/4198 4387/4350/4202 3938/3903/3797
f 1037/1021/1028 4383/4346/4198 3938/3903/3797
f 1037/1021/1028 4384/4347/4199 4383/4346/4198
f 1031/1015/1022 4384/4347/4199 1037/1021/1028
f 1031/1015/1022 4462/4425/4259 4384/4347/4199
f 4462/4425/4259 1031/1015/1022 1018/1002/1009
f 1019/1003/1010 1018/1002/1009 1031/1015/1022
f 4464/4427/4261 4465/4428/4262 4466/4429/4263
f 4466/4429/4263 4467/4430/4264 4464/4427/4261
f 4467/4430/4264 4468/4431/4265 4464/4427/4261
f 4469/4432/4266 4470/4433/4267 4471/4434/4268
f 4471/4434/4268 4470/4433/4267 4468/4431/4265
f 4464/4427/4261 4468/4431/4265 4470/4433/4267
f 4470/4433/4267 4472/4435/4269 4464/4427/4261
f 4465/4428/4262 4464/4427/4261 4472/4435/4269
f 4473/4436/4270 4465/4428/4262 4472/4435/4269
f 4474/4437/4271 4465/4428/4262 4473/4436/4270
f 4474/4437/4271 4473/4436/4270 4475/4438/4272
f 4474/4437/4271 4475/4438/4272 3441/3407/3332
f 3441/3407/3332 3440/3406/3331 4474/4437/4271
f 4476/4439/4273 4473/4436/4270 4477/4440/4274
f 4473/4436/4270 4472/4435/4269 4477/4440/4274
f 4477/4440/4274 4472/4435/4269 4478/4441/4275
f 4472/4435/4269 4470/4433/4267 4478/4441/4275
f 4479/4442/4276 4478/4441/4275 4470/4433/4267
f 4470/4433/4267 4469/4432/4266 4479/4442/4276
f 4479/4442/4276 4469/4432/4266 4480/4443/4277
f 4479/4442/4276 4480/4443/4277 4481/4444/4278
f 4480/4443/4277 4482/4445/4279 4481/4444/4278
f 4483/4446/4280 4481/4444/4278 4482/4445/4279
f 4482/4445/4279 4480/4443/4277 4484/4447/4281
f 4478/4441/4275 4479/4442/4276 4485/4448/4282
f 4485/4448/4282 4479/4442/4276 4486/4449/4283
f 4486/4449/4283 4479/4442/4276 4481/4444/4278
f 4487/4450/4284 4488/4451/3232 4489/4452/3231
f 4490/4453/4285 4488/4451/3232 4487/4450/4284
f 4490/4453/4285 4484/4447/4281 4488/4451/3232
f 4484/4447/4281 4490/4453/4285 4482/4445/4279
f 4491/4454/4286 4482/4445/4279 4490/4453/4285
f 4482/4445/4279 4491/4454/4286 4483/4446/4280
f 4492/4455/4287 4483/4446/4280 4491/4454/4286
f 4493/4456/4288 4483/4446/4280 4492/4455/4287
f 4493/4456/4288 4492/4455/4287 4494/4457/4289
f 4495/4458/4290 4493/4456/4288 4494/4457/4289
f 4496/4459/4291 4497/4460/4292 4498/4461/4293
f 4499/4462/4294 4497/4460/4292 4496/4459/4291
f 4497/4460/4292 4499/4462/4294 4500/4463/4295
f 4494/4457/4289 4500/4463/4295 4499/4462/4294
f 4500/4463/4295 4494/4457/4289 4501/4464/4296
f 4492/4455/4287 4501/4464/4296 4494/4457/4289
f 4492/4455/4287 4502/4465/4297 4501/4464/4296
f 4492/4455/4287 4491/4454/4286 4502/4465/4297
f 4502/4465/4297 4491/4454/4286 4503/4466/4298
f 4503/4466/4298 4491/4454/4286 4490/4453/4285
f 4497/4460/4292 4504/4467/4299 4498/4461/4293
f 4497/4460/4292 4505/4468/4300 4506/4469/4301
f 4504/4467/4299 4497/4460/4292 4506/4469/4301
f 4506/4469/4301 4507/4470/4302 4504/4467/4299
f 4504/4467/4299 4507/4470/4302 4508/4471/4303
f 3357/3325/3248 4504/4467/4299 4508/4471/4303
f 4505/4468/4300 4509/4472/4190 4510/4473/4304
f 4510/4473/4304 4506/4469/4301 4505/4468/4300
f 4506/4469/4301 4510/4473/4304 4511/4474/4305
f 4507/4470/4302 4506/4469/4301 4511/4474/4305
f 4512/4475/4306 4513/4470/4307 4514/4474/4308
f 4514/4474/4308 4515/4476/4309 4512/4475/4306
f 4515/4476/4309 4514/4474/4308 4516/4473/4310
f 4515/4476/4309 4516/4473/4310 4509/4472/4190
f 4509/4472/4190 4503/4466/4298 4515/4476/4309
f 4509/4472/4190 4502/4465/4297 4503/4466/4298
f 4502/4465/4297 4509/4472/4190 4501/4464/4296
f 4505/4468/4300 4501/4464/4296 4509/4472/4190
f 4500/4463/4295 4501/4464/4296 4505/4468/4300
f 4505/4468/4300 4497/4460/4292 4500/4463/4295
f 4515/4476/4309 4503/4466/4298 4517/4477/4311
f 4517/4477/4311 4512/4475/4306 4515/4476/4309
f 4512/4475/4306 4517/4477/4311 4518/4478/4312
f 4518/4478/4312 4519/4479/4313 4512/4475/4306
f 4490/4453/4285 4517/4477/4311 4503/4466/4298
f 4517/4477/4311 4490/4453/4285 4487/4450/4284
f 4487/4450/4284 4518/4478/4312 4517/4477/4311
f 4518/4478/4312 4487/4450/4284 4520/4480/3229
f 4518/4478/4312 4520/4480/3229 4521/4481/3236
f 4519/4479/4313 4518/4478/4312 4521/4481/3236
f 4519/4479/4313 4521/4481/3236 4522/4482/1361
f 4508/4471/3246 4519/4479/4313 4522/4482/1361
f 4519/4479/4313 4508/4471/3246 4513/4470/4307
f 4513/4470/4307 4512/4475/4306 4519/4479/4313
f 4522/4482/1361 4521/4481/3236 4523/4483/3235
f 3898/3863/3757 4524/4484/4314 4525/4485/4315
f 1127/1111/1118 1059/1043/1050 3900/3865/3759
f 3898/3863/3757 3900/3865/3759 1059/1043/1050
f 1057/1041/1048 3898/3863/3757 1059/1043/1050
f 3898/3863/3757 1057/1041/1048 4524/4484/4314
f 1057/1041/1048 1053/1037/1044 4524/4484/4314
f 4524/4484/4314 1053/1037/1044 1052/1036/1043
f 1052/1036/1043 4525/4485/4315 4524/4484/4314
f 1052/1036/1043 1051/1035/1042 4525/4485/4315
f 1051/1035/1042 3891/3856/3750 4525/4485/4315
f 4525/4485/4315 3891/3856/3750 3898/3863/3757
f 4526/4486/4316 4527/4487/4317 4528/4488/4318
f 4526/4486/4316 4528/4488/4318 4529/4489/4319
f 4529/4489/4319 4528/4488/4318 4530/4490/4320
f 4526/4486/4316 4531/4491/4321 4532/4492/4322
f 4529/4489/4319 4531/4491/4321 4526/4486/4316
f 4531/4491/4321 4529/4489/4319 4533/4493/4323
f 4534/4494/4324 4533/4493/4323 4529/4489/4319
f 4530/4490/4320 4534/4494/4324 4529/4489/4319
f 4535/4495/4325 4534/4494/4324 4530/4490/4320
f 4536/4496/4326 4537/4497/4327 4538/4498/4328
f 4537/4497/4327 4531/4491/4321 4538/4498/4328
f 4531/4491/4321 4539/4499/4329 4538/4498/4328
f 4539/4499/4329 4531/4491/4321 4533/4493/4323
f 4540/4500/4330 4539/4499/4329 4533/4493/4323
f 4533/4493/4323 4534/4494/4324 4540/4500/4330
f 4541/4501/4331 4540/4500/4330 4534/4494/4324
f 4534/4494/4324 4535/4495/4325 4541/4501/4331
f 4542/4502/4332 4541/4501/4331 4535/4495/4325
f 4542/4502/4332 4535/4495/4325 4543/4503/4333
f 4544/4504/4334 4545/4505/4335 4536/4496/4326
f 4546/4506/4336 4544/4504/4334 4536/4496/4326
f 4538/4498/4328 4546/4506/4336 4536/4496/4326
f 4546/4506/4336 4538/4498/4328 4539/4499/4329
f 4547/4507/4337 4546/4506/4336 4539/4499/4329
f 4540/4500/4330 4547/4507/4337 4539/4499/4329
f 4547/4507/4337 4540/4500/4330 4548/4508/4338
f 4540/4500/4330 4541/4501/4331 4548/4508/4338
f 4549/4509/4339 4548/4508/4338 4541/4501/4331
f 4549/4509/4339 4541/4501/4331 4542/4502/4332
f 4550/4510/4340 4551/4511/4341 4552/4512/4342
f 4552/4512/4342 4553/4513/4343 4550/4510/4340
f 4549/4509/4339 4550/4510/4340 4553/4513/4343
f 4549/4509/4339 4553/4513/4343 4554/4514/4344
f 4549/4509/4339 4554/4514/4344 4548/4508/4338
f 4547/4507/4337 4548/4508/4338 4554/4514/4344
f 4554/4514/4344 4553/4513/4343 4547/4507/4337
f 4546/4506/4336 4547/4507/4337 4553/4513/4343
f 4553/4513/4343 4555/4515/4345 4546/4506/4336
f 4544/4504/4334 4546/4506/4336 4555/4515/4345
f 4552/4512/4342 4556/4516/4346 4555/4515/4345
f 4553/4513/4343 4552/4512/4342 4555/4515/4345
f 4550/4510/4340 4549/4509/4339 4542/4502/4332
f 4542/4502/4332 4557/4517/4347 4550/4510/4340
f 4551/4511/4341 4550/4510/4340 4557/4517/4347
f 4557/4517/4347 4558/4518/4348 4551/4511/4341
f 4559/4519/4349 4551/4511/4341 4558/4518/4348
f 4551/4511/4341 4559/4519/4349 4560/4520/4350
f 4560/4520/4350 4552/4512/4342 4551/4511/4341
f 4552/4512/4342 4560/4520/4350 4561/4521/4351
f 4556/4516/4346 4552/4512/4342 4561/4521/4351
f 4561/4521/4351 4562/4522/4352 4556/4516/4346
f 4563/4523/4353 4562/4522/4352 4561/4521/4351
f 4561/4521/4351 4564/4524/4354 4563/4523/4353
f 2175/2151/2139 4563/4523/4353 4564/4524/4354
f 4564/4524/4354 4560/4520/4350 4559/4519/4349
f 4560/4520/4350 4564/4524/4354 4561/4521/4351
f 3757/3722/3624 4555/4515/4345 3758/3723/3625
f 3758/3723/3625 4555/4515/4345 4556/4516/4346
f 4556/4516/4346 3759/3724/3626 3758/3723/3625
f 3759/3724/3626 4556/4516/4346 4562/4522/4352
f 3759/3724/3626 4562/4522/4352 3760/3725/3627
f 3760/3725/3627 4562/4522/4352 4563/4523/4353
f 4563/4523/4353 3761/3726/3628 3760/3725/3627
f 4563/4523/4353 2175/2151/2139 3761/3726/3628
f 2169/2145/2133 3761/3726/3628 2175/2151/2139
f 2167/2143/2131 2169/2145/2133 2175/2151/2139
f 4557/4517/4347 4542/4502/4332 4543/4503/4333
f 4565/4525/4355 4557/4517/4347 4543/4503/4333
f 4558/4518/4348 4557/4517/4347 4565/4525/4355
f 4565/4525/4355 4566/4526/4356 4558/4518/4348
f 4566/4526/4356 4559/4519/4349 4558/4518/4348
f 4567/4527/4357 4559/4519/4349 4566/4526/4356
f 4559/4519/4349 4567/4527/4357 4564/4524/4354
f 4568/4528/4358 4564/4524/4354 4567/4527/4357
f 4564/4524/4354 4568/4528/4358 2175/2151/2139
f 4568/4528/4358 2174/2150/2138 2175/2151/2139
f 4566/4526/4356 4565/4525/4355 4569/4529/4359
f 4570/4530/4360 4571/4531/4361 4572/4532/4362
f 4571/4531/4361 4570/4530/4360 2176/2152/2140
f 2174/2150/2138 4571/4531/4361 2176/2152/2140
f 2174/2150/2138 4568/4528/4358 4571/4531/4361
f 4567/4527/4357 4571/4531/4361 4568/4528/4358
f 4571/4531/4361 4567/4527/4357 4572/4532/4362
f 4567/4527/4357 4573/4533/4363 4572/4532/4362
f 4574/4534/4364 4573/4533/4363 4567/4527/4357
f 4574/4534/4364 4575/4535/4365 4573/4533/4363
f 4576/4536/4366 4575/4535/4365 4574/4534/4364
f 4575/4535/4365 4576/4536/4366 4577/4537/4367
f 4576/4536/4366 4578/4538/4368 4577/4537/4367
f 4569/4529/4359 4578/4538/4368 4576/4536/4366
f 4574/4534/4364 4569/4529/4359 4576/4536/4366
f 4569/4529/4359 4574/4534/4364 4566/4526/4356
f 4567/4527/4357 4566/4526/4356 4574/4534/4364
f 4579/4539/4369 4580/4540/4370 4578/4538/4368
f 4577/4537/4367 4578/4538/4368 4580/4540/4370
f 4577/4537/4367 4580/4540/4370 4581/4541/4371
f 4582/4542/4372 4577/4537/4367 4581/4541/4371
f 4577/4537/4367 4582/4542/4372 4575/4535/4365
f 4583/4543/4373 4575/4535/4365 4582/4542/4372
f 4573/4533/4363 4575/4535/4365 4583/4543/4373
f 4583/4543/4373 4584/4544/4374 4573/4533/4363
f 4572/4532/4362 4573/4533/4363 4584/4544/4374
f 4584/4544/4374 4570/4530/4360 4572/4532/4362
f 4584/4544/4374 4585/4545/4375 4570/4530/4360
f 4585/4545/4375 2176/2152/2140 4570/4530/4360
f 4584/4544/4374 4583/4543/4373 4586/4546/4376
f 4585/4545/4375 4584/4544/4374 4586/4546/4376
f 4586/4546/4376 2181/2157/2145 4585/4545/4375
f 2179/2155/2143 4585/4545/4375 2181/2157/2145
f 4585/4545/4375 2179/2155/2143 2176/2152/2140
f 2176/2152/2140 2179/2155/2143 2177/2153/2141
f 2180/2156/2144 2181/2157/2145 2184/2160/2148
f 4586/4546/4376 2184/2160/2148 2181/2157/2145
f 2184/2160/2148 4586/4546/4376 2188/2164/2152
f 4586/4546/4376 4583/4543/4373 2188/2164/2152
f 2188/2164/2152 4583/4543/4373 2185/2161/2149
f 4582/4542/4372 2185/2161/2149 4583/4543/4373
f 4582/4542/4372 2186/2162/2150 2185/2161/2149
f 4581/4541/4371 2186/2162/2150 4582/4542/4372
f 2186/2162/2150 4581/4541/4371 4587/4547/4377
f 4581/4541/4371 4588/4548/4378 4587/4547/4377
f 4587/4547/4377 4589/4549/4379 4590/4550/4380
f 4589/4549/4379 4587/4547/4377 4588/4548/4378
f 4591/4551/4381 4589/4549/4379 4588/4548/4378
f 4591/4551/4381 4588/4548/4378 4592/4552/4382
f 4593/4553/4383 4592/4552/4382 4588/4548/4378
f 4594/4554/4384 4592/4552/4382 4593/4553/4383
f 4595/4555/4385 4592/4552/4382 4594/4554/4384
f 4594/4554/4384 4596/4556/4386 4595/4555/4385
f 4592/4552/4382 4595/4555/4385 4591/4551/4381
f 4596/4556/4386 4597/4557/4387 4598/4558/4388
f 4597/4557/4387 4596/4556/4386 4599/4559/4389
f 4596/4556/4386 4594/4554/4384 4599/4559/4389
f 4600/4560/4390 4599/4559/4389 4594/4554/4384
f 4594/4554/4384 4601/4561/4391 4600/4560/4390
f 4601/4561/4391 4594/4554/4384 4602/4562/4392
f 4588/4548/4378 4581/4541/4371 4580/4540/4370
f 4593/4553/4383 4588/4548/4378 4580/4540/4370
f 4580/4540/4370 4579/4539/4369 4593/4553/4383
f 4594/4554/4384 4593/4553/4383 4579/4539/4369
f 4579/4539/4369 4603/4563/4393 4594/4554/4384
f 4603/4563/4393 4602/4562/4392 4594/4554/4384
f 4602/4562/4392 4603/4563/4393 4604/4564/4394
f 4601/4561/4391 4602/4562/4392 4604/4564/4394
f 4604/4564/4394 4605/4565/4395 4601/4561/4391
f 4605/4565/4395 4606/4566/4396 4601/4561/4391
f 4607/4567/4397 4603/4563/4393 4608/4568/4398
f 4579/4539/4369 4608/4568/4398 4603/4563/4393
f 4608/4568/4398 4579/4539/4369 4609/4569/4399
f 4578/4538/4368 4609/4569/4399 4579/4539/4369
f 4609/4569/4399 4578/4538/4368 4610/4570/4400
f 4578/4538/4368 4569/4529/4359 4610/4570/4400
f 4610/4570/4400 4569/4529/4359 4611/4571/4401
f 4565/4525/4355 4611/4571/4401 4569/4529/4359
f 4565/4525/4355 4543/4503/4333 4611/4571/4401
f 4612/4572/4402 4611/4571/4401 4543/4503/4333
f 4612/4572/4402 4613/4573/4403 4611/4571/4401
f 4613/4573/4403 4610/4570/4400 4611/4571/4401
f 4610/4570/4400 4613/4573/4403 4609/4569/4399
f 4614/4574/4404 4609/4569/4399 4613/4573/4403
f 4609/4569/4399 4614/4574/4404 4608/4568/4398
f 4615/4575/4405 4614/4574/4404 4613/4573/4403
f 4616/4576/4406 4615/4575/4405 4613/4573/4403
f 4616/4576/4406 4613/4573/4403 4612/4572/4402
f 4612/4572/4402 4617/4577/4407 4616/4576/4406
f 4617/4577/4407 4612/4572/4402 4618/4578/4408
f 4618/4578/4408 4619/4579/4409 4617/4577/4407
f 4543/4503/4333 4535/4495/4325 4612/4572/4402
f 4618/4578/4408 4612/4572/4402 4535/4495/4325
f 4535/4495/4325 4530/4490/4320 4618/4578/4408
f 4619/4579/4409 4618/4578/4408 4530/4490/4320
f 4530/4490/4320 4620/4580/4410 4619/4579/4409
f 4621/4581/4411 4619/4579/4409 4620/4580/4410
f 4619/4579/4409 4621/4581/4411 4622/4582/4412
f 4622/4582/4412 4617/4577/4407 4619/4579/4409
f 4617/4577/4407 4622/4582/4412 4623/4583/4413
f 4623/4583/4413 4616/4576/4406 4617/4577/4407
f 4623/4583/4413 4624/4584/4414 4616/4576/4406
f 4616/4576/4406 4624/4584/4414 4625/4585/4361
f 4626/4586/4415 4625/4585/4361 4624/4584/4414
f 4625/4585/4361 4626/4586/4415 4627/4587/4416
f 4628/4588/4417 4627/4587/4416 4626/4586/4415
f 4628/4588/4417 4629/4589/4418 4627/4587/4416
f 4622/4582/4412 4630/4590/4419 4623/4583/4413
f 4624/4584/4414 4623/4583/4413 4630/4590/4419
f 4631/4591/4420 4632/4592/4421 4633/4593/4422
f 4631/4591/4420 4625/4585/4361 4632/4592/4421
f 4625/4585/4361 4631/4591/4420 4615/4575/4405
f 4625/4585/4361 4615/4575/4405 4616/4576/4406
f 4627/4587/4416 4629/4589/4418 4634/4594/4423
f 4634/4594/4423 4625/4585/4361 4627/4587/4416
f 4625/4585/4361 4634/4594/4423 4632/4592/4421
f 4634/4594/4423 4635/4595/4424 4632/4592/4421
f 4633/4593/4422 4632/4592/4421 4635/4595/4424
f 4635/4595/4424 4607/4567/4397 4633/4593/4422
f 4608/4568/4398 4633/4593/4422 4607/4567/4397
f 4608/4568/4398 4631/4591/4420 4633/4593/4422
f 4631/4591/4420 4608/4568/4398 4614/4574/4404
f 4631/4591/4420 4614/4574/4404 4615/4575/4405
f 4636/4596/4425 4629/4589/4418 4628/4588/4417
f 4629/4589/4418 4636/4596/4425 4637/4597/4426
f 4629/4589/4418 4637/4597/4426 4638/4598/4427
f 4634/4594/4423 4629/4589/4418 4638/4598/4427
f 4639/4599/4428 4634/4594/4423 4638/4598/4427
f 4635/4595/4424 4634/4594/4423 4639/4599/4428
f 4639/4599/4428 4640/4600/4429 4635/4595/4424
f 4607/4567/4397 4635/4595/4424 4640/4600/4429
f 4607/4567/4397 4640/4600/4429 4604/4564/4394
f 4603/4563/4393 4607/4567/4397 4604/4564/4394
f 4641/4601/4430 4638/4598/4427 4642/4602/4431
f 4643/4603/4432 4642/4602/4431 4638/4598/4427
f 4637/4597/4426 4643/4603/4432 4638/4598/4427
f 4643/4603/4432 4637/4597/4426 4644/4604/4433
f 4637/4597/4426 4645/4605/4434 4644/4604/4433
f 4637/4597/4426 4636/4596/4425 4645/4605/4434
f 4636/4596/4425 4646/4606/4435 4645/4605/4434
f 4646/4606/4435 4636/4596/4425 4628/4588/4417
f 4646/4606/4435 4628/4588/4417 4647/4607/4436
f 4626/4586/4415 4647/4607/4436 4628/4588/4417
f 4645/4605/4434 4646/4606/4435 4648/4608/4437
f 4645/4605/4434 4648/4608/4437 4649/4609/4438
f 4649/4609/4438 4650/4604/4439 4645/4605/4434
f 4651/4610/4440 4650/4604/4439 4649/4609/4438
f 4652/4611/4441 4651/4610/4440 4649/4609/4438
f 4652/4611/4441 4653/4612/4442 4651/4610/4440
f 4653/4612/4442 4652/4611/4441 4654/4613/4443
f 4655/4614/4444 4653/4612/4442 4654/4613/4443
f 4654/4613/4443 4656/4615/4445 4655/4614/4444
f 4656/4615/4445 4657/4616/4446 4655/4614/4444
f 4658/4617/4447 4659/4618/4448 4660/4619/4449
f 4661/4620/4450 4658/4617/4447 4660/4619/4449
f 4661/4620/4450 4660/4619/4449 4656/4615/4445
f 4656/4615/4445 4662/4621/4451 4661/4620/4450
f 4662/4621/4451 4656/4615/4445 4654/4613/4443
f 4652/4611/4441 4662/4621/4451 4654/4613/4443
f 4662/4621/4451 4652/4611/4441 4663/4622/4452
f 4649/4609/4438 4663/4622/4452 4652/4611/4441
f 4648/4608/4437 4663/4622/4452 4649/4609/4438
f 4663/4622/4452 4648/4608/4437 4664/4623/4453
f 4663/4622/4452 4665/4624/4454 4662/4621/4451
f 4657/4616/4446 4656/4615/4445 4660/4619/4449
f 4660/4619/4449 4666/4625/4455 4657/4616/4446
f 4666/4625/4455 4660/4619/4449 4667/4626/4456
f 4667/4626/4456 4660/4619/4449 4659/4618/4448
f 4668/4627/4457 4667/4626/4456 4659/4618/4448
f 4659/4618/4448 4669/4628/4458 4668/4627/4457
f 4668/4627/4457 4669/4628/4458 4670/4629/4459
f 4669/4628/4458 4671/4630/4460 4670/4629/4459
f 4671/4630/4460 4672/4631/4461 4670/4629/4459
f 4672/4631/4461 4671/4630/4460 4673/4632/4462
f 4668/4627/4457 4674/4633/4463 4667/4626/4456
f 4670/4629/4459 4674/4633/4463 4668/4627/4457
f 4674/4633/4463 4670/4629/4459 4675/4634/4464
f 4675/4634/4464 4670/4629/4459 4676/4635/4465
f 4672/4631/4461 4676/4635/4465 4670/4629/4459
f 4676/4635/4465 4672/4631/4461 4677/4636/3477
f 4678/4637/4466 4679/4638/4467 4669/4628/4458
f 4679/4638/4467 4671/4630/4460 4669/4628/4458
f 4671/4630/4460 4679/4638/4467 4680/4639/4468
f 4678/4637/4466 4680/4639/4468 4679/4638/4467
f 4680/4639/4468 4678/4637/4466 4681/4640/4469
f 4673/4632/4462 4671/4630/4460 4680/4639/4468
f 4682/4641/4470 4673/4632/4462 4680/4639/4468
f 4682/4641/4470 4680/4639/4468 4681/4640/4469
f 4682/4641/4470 4681/4640/4469 4683/4642/4388
f 4684/4643/4471 4683/4642/4388 4681/4640/4469
f 4678/4637/4466 4684/4643/4471 4681/4640/4469
f 4685/4644/4472 4684/4643/4471 4678/4637/4466
f 4685/4644/4472 4678/4637/4466 4669/4628/4458
f 4658/4617/4447 4685/4644/4472 4669/4628/4458
f 4669/4628/4458 4659/4618/4448 4658/4617/4447
f 4686/4645/4473 4687/4646/4474 4688/4647/4475
f 4684/4643/4471 4688/4647/4475 4687/4646/4474
f 4684/4643/4471 4685/4644/4472 4688/4647/4475
f 4686/4645/4473 4688/4647/4475 4685/4644/4472
f 4689/4648/4476 4690/4649/4477 4691/4650/4478
f 4689/4648/4476 4691/4650/4478 4692/4651/4479
f 4689/4648/4476 4692/4651/4479 4693/4652/4480
f 4693/4652/4480 4692/4651/4479 4686/4645/4473
f 4693/4652/4480 4686/4645/4473 4694/4653/4481
f 4694/4653/4481 4686/4645/4473 4685/4644/4472
f 4685/4644/4472 4658/4617/4447 4694/4653/4481
f 4661/4620/4450 4694/4653/4481 4658/4617/4447
f 4661/4620/4450 4693/4652/4480 4694/4653/4481
f 4662/4621/4451 4693/4652/4480 4661/4620/4450
f 4695/4654/4482 4689/4648/4476 4693/4652/4480
f 4692/4651/4479 4691/4650/4478 4696/4655/4483
f 4693/4652/4480 4662/4621/4451 4695/4654/4482
f 4665/4624/4454 4695/4654/4482 4662/4621/4451
f 4695/4654/4482 4665/4624/4454 4697/4656/4484
f 4689/4648/4476 4695/4654/4482 4697/4656/4484
f 4697/4656/4484 4690/4649/4477 4689/4648/4476
f 4690/4649/4477 4697/4656/4484 4698/4657/4485
f 4698/4657/4485 4699/4658/4486 4690/4649/4477
f 4699/4658/4486 4698/4657/4485 4700/4659/4487
f 4700/4659/4487 4701/4660/4488 4699/4658/4486
f 4701/4660/4488 4702/4661/4489 4699/4658/4486
f 4703/4662/4490 4700/4659/4487 4698/4657/4485
f 4697/4656/4484 4703/4662/4490 4698/4657/4485
f 4665/4624/4454 4663/4622/4452 4664/4623/4453
f 4665/4624/4454 4664/4623/4453 4704/4663/4491
f 4704/4663/4491 4697/4656/4484 4665/4624/4454
f 4704/4663/4491 4705/4664/4492 4697/4656/4484
f 4703/4662/4490 4697/4656/4484 4705/4664/4492
f 4706/4665/4493 4703/4662/4490 4705/4664/4492
f 4703/4662/4490 4706/4665/4493 4707/4666/4494
f 4700/4659/4487 4703/4662/4490 4707/4666/4494
f 4707/4666/4494 4708/4667/4495 4700/4659/4487
f 4701/4660/4488 4700/4659/4487 4708/4667/4495
f 4705/4664/4492 4709/4668/4496 4706/4665/4493
f 4709/4668/4496 4705/4664/4492 4704/4663/4491
f 4710/4669/4497 4707/4666/4494 4711/4670/4498
f 4711/4670/4498 4707/4666/4494 4706/4665/4493
f 4712/4671/3179 4711/4670/4498 4706/4665/4493
f 4706/4665/4493 4709/4668/4496 4712/4671/3179
f 4713/4672/4499 4712/4671/3179 4709/4668/4496
f 4713/4672/4499 4709/4668/4496 4704/4663/4491
f 4704/4663/4491 4714/4673/4500 4713/4672/4499
f 4714/4673/4500 4704/4663/4491 4664/4623/4453
f 4646/4606/4435 4714/4673/4500 4664/4623/4453
f 4646/4606/4435 4664/4623/4453 4648/4608/4437
f 4714/4673/4500 4646/4606/4435 4647/4607/4436
f 4647/4607/4436 4715/4674/4501 4714/4673/4500
f 4715/4674/4501 4713/4672/4499 4714/4673/4500
f 4713/4672/4499 4715/4674/4501 4712/4671/3179
f 4715/4674/4501 4716/4675/4502 4712/4671/3179
f 4712/4671/3179 4716/4675/4502 4717/4676/4503
f 4712/4671/3179 4717/4676/4503 4711/4670/4498
f 4718/4677/4504 4711/4670/4498 4717/4676/4503
f 4711/4670/4498 4718/4677/4504 4710/4669/4497
f 4716/4675/4502 4718/4677/4504 4717/4676/4503
f 4647/4607/4436 4626/4586/4415 4715/4674/4501
f 4626/4586/4415 4624/4584/4414 4715/4674/4501
f 4624/4584/4414 4716/4675/4502 4715/4674/4501
f 4716/4675/4502 4624/4584/4414 4630/4590/4419
f 4718/4677/4504 4716/4675/4502 4630/4590/4419
f 4630/4590/4419 4622/4582/4412 4718/4677/4504
f 4718/4677/4504 4622/4582/4412 4710/4669/4497
f 4710/4669/4497 4622/4582/4412 4621/4581/4411
f 4710/4669/4497 4621/4581/4411 4719/4678/4505
f 4620/4580/4410 4719/4678/4505 4621/4581/4411
f 4719/4678/4505 4620/4580/4410 4720/4488/4506
f 4720/4488/4506 4620/4580/4410 4721/4490/4507
f 4527/4487/4317 4722/4679/4508 4720/4488/4506
f 4722/4679/4508 4719/4678/4505 4720/4488/4506
f 4719/4678/4505 4722/4679/4508 4723/4680/4509
f 4723/4680/4509 4708/4667/4495 4719/4678/4505
f 4710/4669/4497 4719/4678/4505 4708/4667/4495
f 4710/4669/4497 4708/4667/4495 4707/4666/4494
f 4708/4667/4495 4723/4680/4509 4724/4681/4510
f 4708/4667/4495 4724/4681/4510 4701/4660/4488
f 4702/4661/4489 4701/4660/4488 4724/4681/4510
f 4724/4681/4510 4723/4680/4509 4702/4661/4489
f 4725/4682/4511 4702/4661/4489 4723/4680/4509
f 4723/4680/4509 4726/4683/4512 4725/4682/4511
f 4726/4683/4512 4723/4680/4509 4722/4679/4508
f 4722/4679/4508 4727/4684/4513 4726/4683/4512
f 4727/4684/4513 4722/4679/4508 4527/4487/4317
f 4532/4492/4322 4727/4684/4513 4527/4487/4317
f 4527/4487/4317 4526/4486/4316 4532/4492/4322
f 4727/4684/4513 4537/4497/4327 4728/4685/4514
f 4532/4492/4322 4537/4497/4327 4727/4684/4513
f 4532/4492/4322 4531/4491/4321 4537/4497/4327
f 4729/4686/4515 4726/4683/4512 4727/4684/4513
f 4727/4684/4513 4730/4687/4516 4729/4686/4515
f 4728/4685/4514 4730/4687/4516 4727/4684/4513
f 4730/4687/4516 4728/4685/4514 4731/4688/4517
f 4726/4683/4512 4732/4689/4518 4733/4690/4519
f 4732/4689/4518 4726/4683/4512 4729/4686/4515
f 4729/4686/4515 4734/4691/4520 4732/4689/4518
f 4734/4691/4520 4729/4686/4515 4730/4687/4516
f 4730/4687/4516 4735/4692/4521 4734/4691/4520
f 4735/4692/4521 4730/4687/4516 4731/4688/4517
f 4735/4692/4521 4731/4688/4517 4545/4505/4335
f 4728/4685/4514 4545/4505/4335 4731/4688/4517
f 4545/4505/4335 4728/4685/4514 4536/4496/4326
f 4728/4685/4514 4537/4497/4327 4536/4496/4326
f 4736/4693/4522 4733/4690/4519 4732/4689/4518
f 4732/4689/4518 4734/4691/4520 4736/4693/4522
f 4737/4694/4523 4736/4693/4522 4734/4691/4520
f 4734/4691/4520 4735/4692/4521 4737/4694/4523
f 4738/4695/4524 4737/4694/4523 4735/4692/4521
f 4735/4692/4521 4545/4505/4335 4738/4695/4524
f 4739/4696/4525 4738/4695/4524 4545/4505/4335
f 4545/4505/4335 4544/4504/4334 4739/4696/4525
f 4544/4504/4334 3757/3722/3624 4739/4696/4525
f 4555/4515/4345 3757/3722/3624 4544/4504/4334
f 4740/4697/4526 3756/3721/3623 3755/3720/3622
f 3757/3722/3624 3756/3721/3623 4740/4697/4526
f 4740/4697/4526 4741/4698/4527 3757/3722/3624
f 4739/4696/4525 3757/3722/3624 4741/4698/4527
f 4739/4696/4525 4741/4698/4527 4742/4699/4528
f 4738/4695/4524 4739/4696/4525 4742/4699/4528
f 4742/4699/4528 4743/4700/4529 4738/4695/4524
f 4737/4694/4523 4738/4695/4524 4743/4700/4529
f 4744/4701/4530 4737/4694/4523 4743/4700/4529
f 4737/4694/4523 4744/4701/4530 4745/4702/4531
f 4740/4697/4526 3755/3720/3622 4746/4703/4532
f 4741/4698/4527 4740/4697/4526 4746/4703/4532
f 4746/4703/4532 4747/4704/4533 4741/4698/4527
f 4742/4699/4528 4741/4698/4527 4747/4704/4533
f 4748/4705/4534 4742/4699/4528 4747/4704/4533
f 4743/4700/4529 4742/4699/4528 4748/4705/4534
f 4748/4705/4534 4744/4701/4530 4743/4700/4529
f 4744/4701/4530 4748/4705/4534 4749/4706/4535
f 4749/4706/4535 4750/4707/4536 4744/4701/4530
f 4749/4706/4535 4751/4708/4537 4750/4707/4536
f 4749/4706/4535 4748/4705/4534 4747/4704/4533
f 4752/4709/4538 4747/4704/4533 4753/4710/4539
f 4752/4709/4538 4749/4706/4535 4747/4704/4533
f 4751/4708/4537 4749/4706/4535 4752/4709/4538
f 4754/4711/4540 4751/4708/4537 4752/4709/4538
f 4752/4709/4538 4755/4712/4541 4754/4711/4540
f 4753/4710/4539 4755/4712/4541 4752/4709/4538
f 4756/4713/2151 4750/4707/4536 4751/4708/4537
f 4754/4711/4540 4756/4713/2151 4751/4708/4537
f 4754/4711/4540 4757/4714/4542 4756/4713/2151
f 4757/4714/4542 4754/4711/4540 4755/4712/4541
f 4758/4715/2154 4757/4714/4542 4755/4712/4541
f 4758/4715/2154 4755/4712/4541 4759/4716/4543
f 4759/4716/4543 4755/4712/4541 4753/4710/4539
f 4759/4716/4543 4753/4710/4539 4760/4717/4544
f 4760/4717/4544 4753/4710/4539 4746/4703/4532
f 4753/4710/4539 4747/4704/4533 4746/4703/4532
f 4760/4717/4544 4761/4718/2158 4759/4716/4543
f 4761/4718/2158 4760/4717/4544 4762/4719/4545
f 4763/4720/2159 4761/4718/2158 4762/4719/4545
f 4763/4720/2159 4762/4719/4545 4764/4721/4546
f 4764/4721/4546 4765/4722/2160 4763/4720/2159
f 3747/3712/2163 4766/4723/2162 3748/3713/3615
f 4766/4723/2162 4765/4722/2160 3748/3713/3615
f 4765/4722/2160 3750/3715/3617 3748/3713/3615
f 4765/4722/2160 4764/4721/4546 3750/3715/3617
f 4764/4721/4546 3751/3716/3618 3750/3715/3617
f 4762/4719/4545 3751/3716/3618 4764/4721/4546
f 3751/3716/3618 4762/4719/4545 3753/3718/3620
f 4762/4719/4545 4760/4717/4544 3753/3718/3620
f 4760/4717/4544 3755/3720/3622 3753/3718/3620
f 4746/4703/4532 3755/3720/3622 4760/4717/4544
f 3326/3294/3220 3331/3299/3224 3330/3298/3223
f 3325/3293/3219 3331/3299/3224 3326/3294/3220
f 3325/3293/3219 3306/3274/3200 3331/3299/3224
f 3306/3274/3200 3325/3293/3219 4767/4724/4547
f 4767/4724/4547 3312/3280/3206 3306/3274/3200
f 3312/3280/3206 4767/4724/4547 4768/4725/4548
f 4768/4725/4548 4767/4724/4547 4769/4726/4549
f 4769/4726/4549 4767/4724/4547 3325/3293/3219
f 4769/4726/4549 3325/3293/3219 3340/3308/3233
f 3340/3308/3233 3325/3293/3219 3327/3295/2716
f 3340/3308/3233 3339/3307/3232 4770/4727/4550
f 4770/4727/4550 4769/4726/4549 3340/3308/3233
f 4769/4726/4549 4770/4727/4550 4771/4728/4277
f 4771/4728/4277 4768/4725/4548 4769/4726/4549
f 4768/4725/4548 4771/4728/4277 4772/4729/4266
f 4773/4730/4551 4768/4725/4548 4772/4729/4266
f 4768/4725/4548 4773/4730/4551 3312/3280/3206
f 4774/4731/4552 3312/3280/3206 4773/4730/4551
f 3312/3280/3206 4774/4731/4552 3294/3264/3188
f 3295/3265/3189 3294/3264/3188 4774/4731/4552
f 4775/4732/2150 4776/4733/4553 4777/4734/4380
f 4775/4732/2150 4750/4707/4536 4756/4713/2151
f 4777/4734/4380 4750/4707/4536 4775/4732/2150
f 4750/4707/4536 4777/4734/4380 4744/4701/4530
f 4777/4734/4380 4778/4735/4554 4744/4701/4530
f 4778/4735/4554 4777/4734/4380 4779/4736/4555
f 4778/4735/4554 4779/4736/4555 4780/4737/4381
f 4745/4702/4531 4744/4701/4530 4778/4735/4554
f 4781/4738/4556 4745/4702/4531 4778/4735/4554
f 4778/4735/4554 4780/4737/4381 4781/4738/4556
f 4780/4737/4381 4782/4739/4557 4781/4738/4556
f 4782/4739/4557 4780/4737/4381 4783/4740/4558
f 4783/4740/4558 4784/4741/4559 4782/4739/4557
f 4783/4740/4558 4785/4742/4560 4784/4741/4559
f 4785/4742/4560 4786/4743/4561 4784/4741/4559
f 4785/4742/4560 4683/4642/4388 4786/4743/4561
f 4683/4642/4388 4684/4643/4471 4786/4743/4561
f 4781/4738/4556 4782/4739/4557 4787/4744/4562
f 4788/4745/4563 4789/4746/4564 4786/4743/4561
f 4789/4746/4564 4790/4747/4565 4786/4743/4561
f 4790/4747/4565 4784/4741/4559 4786/4743/4561
f 4784/4741/4559 4790/4747/4565 4791/4748/4566
f 4791/4748/4566 4782/4739/4557 4784/4741/4559
f 4782/4739/4557 4791/4748/4566 4787/4744/4562
f 4791/4748/4566 4733/4690/4519 4787/4744/4562
f 4733/4690/4519 4781/4738/4556 4787/4744/4562
f 4781/4738/4556 4733/4690/4519 4736/4693/4522
f 4745/4702/4531 4781/4738/4556 4736/4693/4522
f 4736/4693/4522 4737/4694/4523 4745/4702/4531
f 4733/4690/4519 4791/4748/4566 4792/4749/4567
f 4792/4749/4567 4791/4748/4566 4790/4747/4565
f 4790/4747/4565 4793/4750/4568 4792/4749/4567
f 4789/4746/4564 4793/4750/4568 4790/4747/4565
f 4786/4743/4561 4684/4643/4471 4788/4745/4563
f 4788/4745/4563 4684/4643/4471 4687/4646/4474
f 4789/4746/4564 4788/4745/4563 4687/4646/4474
f 4687/4646/4474 4794/4751/4569 4789/4746/4564
f 4793/4750/4568 4789/4746/4564 4794/4751/4569
f 4794/4751/4569 4795/4752/4570 4793/4750/4568
f 4793/4750/4568 4795/4752/4570 4792/4749/4567
f 4792/4749/4567 4795/4752/4570 4725/4682/4511
f 4725/4682/4511 4733/4690/4519 4792/4749/4567
f 4733/4690/4519 4725/4682/4511 4726/4683/4512
f 4795/4752/4570 4794/4751/4569 4796/4753/4571
f 4797/4754/4572 4798/4755/4573 4799/4756/4574
f 4799/4756/4574 4800/4757/4575 4797/4754/4572
f 4800/4757/4575 4799/4756/4574 4801/4758/4576
f 4800/4757/4575 4801/4758/4576 4691/4650/4478
f 4796/4753/4571 4691/4650/4478 4801/4758/4576
f 4691/4650/4478 4796/4753/4571 4696/4655/4483
f 4796/4753/4571 4794/4751/4569 4696/4655/4483
f 4692/4651/4479 4696/4655/4483 4794/4751/4569
f 4686/4645/4473 4692/4651/4479 4794/4751/4569
f 4687/4646/4474 4686/4645/4473 4794/4751/4569
f 4799/4756/4574 4796/4753/4571 4801/4758/4576
f 4799/4756/4574 4795/4752/4570 4796/4753/4571
f 4799/4756/4574 4798/4755/4573 4795/4752/4570
f 4798/4755/4573 4725/4682/4511 4795/4752/4570
f 4702/4661/4489 4725/4682/4511 4798/4755/4573
f 4702/4661/4489 4798/4755/4573 4797/4754/4572
f 4797/4754/4572 4699/4658/4486 4702/4661/4489
f 4699/4658/4486 4797/4754/4572 4800/4757/4575
f 4800/4757/4575 4690/4649/4477 4699/4658/4486
f 4690/4649/4477 4800/4757/4575 4691/4650/4478
f 4802/4759/4577 4803/4760/4578 4804/4761/4579
f 4803/4760/4578 4802/4759/4577 4805/4762/4580
f 4805/4762/4580 4806/4763/4581 4803/4760/4578
f 4803/4760/4578 4806/4763/4581 4807/4764/4582
f 4803/4760/4578 4807/4764/4582 4808/4765/4583
f 4809/4766/4584 4808/4765/4583 4807/4764/4582
f 4808/4765/4583 4809/4766/4584 4810/4767/4585
f 4811/4768/4586 4810/4767/4585 4809/4766/4584
f 4810/4767/4585 4804/4761/4579 4808/4765/4583
f 4808/4765/4583 4804/4761/4579 4803/4760/4578
f 4812/4769/4587 4806/4763/4581 4813/4770/4588
f 4814/4771/4589 4813/4770/4588 4806/4763/4581
f 4805/4762/4580 4814/4771/4589 4806/4763/4581
f 4814/4771/4589 4805/4762/4580 4815/4772/4590
f 4816/4773/4591 4815/4772/4590 4805/4762/4580
f 4802/4759/4577 4816/4773/4591 4805/4762/4580
f 4816/4773/4591 4802/4759/4577 4817/4774/4592
f 4817/4774/4592 4802/4759/4577 4818/4775/4593
f 4802/4759/4577 4819/4776/4594 4818/4775/4593
f 4819/4776/4594 4802/4759/4577 4804/4761/4579
f 4820/4777/4595 4815/4772/4590 4816/4773/4591
f 4816/4773/4591 4821/4778/4596 4820/4777/4595
f 4821/4778/4596 4816/4773/4591 4817/4774/4592
f 4822/4779/4597 4821/4778/4596 4817/4774/4592
f 4822/4779/4597 4817/4774/4592 4818/4775/4593
f 4818/4775/4593 4823/4780/4598 4822/4779/4597
f 4824/4781/4599 4823/4780/4598 4818/4775/4593
f 4818/4775/4593 4825/4782/4600 4824/4781/4599
f 4825/4782/4600 4818/4775/4593 4826/4783/4601
f 4819/4776/4594 4826/4783/4601 4818/4775/4593
f 4827/4784/4602 4819/4776/4594 4804/4761/4579
f 4804/4761/4579 4810/4767/4585 4827/4784/4602
f 4828/4785/4603 4827/4784/4602 4810/4767/4585
f 4810/4767/4585 4811/4768/4586 4828/4785/4603
f 4811/4768/4586 4829/4786/4604 4828/4785/4603
f 4828/4785/4603 4829/4786/4604 4830/4787/4605
f 4828/4785/4603 4830/4787/4605 4827/4784/4602
f 4826/4783/4601 4819/4776/4594 4831/4788/4606
f 4827/4784/4602 4831/4788/4606 4819/4776/4594
f 4827/4784/4602 4832/4789/4607 4831/4788/4606
f 4830/4787/4605 4832/4789/4607 4827/4784/4602
f 4832/4789/4607 4830/4787/4605 4833/4790/4608
f 4830/4787/4605 4834/4791/4609 4833/4790/4608
f 4834/4791/4609 4830/4787/4605 4829/4786/4604
f 4829/4786/4604 4835/4792/4610 4834/4791/4609
f 4836/4793/4611 4835/4792/4610 4829/4786/4604
f 4836/4793/4611 4837/4794/4612 4835/4792/4610
f 4838/4795/4613 4836/4793/4611 4839/4796/4614
f 4836/4793/4611 4829/4786/4604 4839/4796/4614
f 4840/4797/4615 4839/4796/4614 4829/4786/4604
f 4840/4797/4615 4829/4786/4604 4811/4768/4586
f 4841/4798/4616 4840/4797/4615 4811/4768/4586
f 4809/4766/4584 4841/4798/4616 4811/4768/4586
f 4841/4798/4616 4809/4766/4584 4842/4799/4617
f 4807/4764/4582 4842/4799/4617 4809/4766/4584
f 4842/4799/4617 4807/4764/4582 4812/4769/4587
f 4806/4763/4581 4812/4769/4587 4807/4764/4582
f 4813/4770/4588 4843/4800/4618 4812/4769/4587
f 4842/4799/4617 4844/4801/4619 4845/4802/4620
f 4842/4799/4617 4845/4802/4620 4841/4798/4616
f 4846/4803/4621 4841/4798/4616 4845/4802/4620
f 4841/4798/4616 4846/4803/4621 4840/4797/4615
f 4846/4803/4621 4847/4804/4622 4840/4797/4615
f 4839/4796/4614 4840/4797/4615 4847/4804/4622
f 4839/4796/4614 4847/4804/4622 4848/4805/4623
f 4847/4804/4622 4849/4806/4624 4848/4805/4623
f 4848/4805/4623 4849/4806/4624 4850/4807/4625
f 4849/4806/4624 4851/4808/4626 4850/4807/4625
f 4852/4809/4627 4853/4810/4628 4854/4811/4629
f 4852/4809/4627 4855/4812/4630 4853/4810/4628
f 4851/4808/4626 4853/4810/4628 4855/4812/4630
f 4855/4812/4630 4856/4813/4631 4851/4808/4626
f 4856/4813/4631 4850/4807/4625 4851/4808/4626
f 4850/4807/4625 4856/4813/4631 4857/4814/4632
f 4857/4814/4632 4858/4815/4633 4850/4807/4625
f 4848/4805/4623 4850/4807/4625 4858/4815/4633
f 4858/4815/4633 4838/4795/4613 4848/4805/4623
f 4839/4796/4614 4848/4805/4623 4838/4795/4613
f 4859/4816/4634 4860/4817/4635 4861/4818/4636
f 4860/4817/4635 4862/4819/4637 4861/4818/4636
f 4862/4819/4637 4860/4817/4635 4863/4820/4638
f 4852/4809/4627 4862/4819/4637 4863/4820/4638
f 4852/4809/4627 4863/4820/4638 4864/4821/4639
f 4855/4812/4630 4852/4809/4627 4864/4821/4639
f 4855/4812/4630 4864/4821/4639 4865/4822/4640
f 4865/4822/4640 4866/4823/4641 4855/4812/4630
f 4866/4823/4641 4856/4813/4631 4855/4812/4630
f 4867/4824/4642 4856/4813/4631 4866/4823/4641
f 4856/4813/4631 4867/4824/4642 4857/4814/4632
f 4868/4825/4643 4867/4824/4642 4866/4823/4641
f 4866/4823/4641 4865/4822/4640 4868/4825/4643
f 4869/4826/4644 4868/4825/4643 4865/4822/4640
f 4869/4826/4644 4870/4827/4645 4868/4825/4643
f 4871/4828/4646 4870/4827/4645 4869/4826/4644
f 4869/4826/4644 4872/4829/4647 4871/4828/4646
f 4872/4829/4647 4869/4826/4644 4865/4822/4640
f 4865/4822/4640 4873/4830/4648 4872/4829/4647
f 4873/4830/4648 4865/4822/4640 4864/4821/4639
f 4874/4831/4649 4873/4830/4648 4864/4821/4639
f 4874/4831/4649 4864/4821/4639 4863/4820/4638
f 4875/4832/4650 4874/4831/4649 4863/4820/4638
f 4863/4820/4638 4860/4817/4635 4875/4832/4650
f 4876/4833/4492 4872/4829/4647 4873/4830/4648
f 4877/4834/4651 4876/4833/4492 4873/4830/4648
f 4873/4830/4648 4874/4831/4649 4877/4834/4651
f 4878/4835/4652 4877/4834/4651 4874/4831/4649
f 4874/4831/4649 4875/4832/4650 4878/4835/4652
f 4878/4835/4652 4875/4832/4650 4879/4836/4653
f 4879/4836/4653 4875/4832/4650 4860/4817/4635
f 4859/4816/4634 4879/4836/4653 4860/4817/4635
f 4859/4816/4634 4880/4837/4654 4879/4836/4653
f 4880/4837/4654 4859/4816/4634 4881/4838/4655
f 4881/4838/4655 4859/4816/4634 4882/4839/4656
f 4859/4816/4634 4861/4818/4636 4882/4839/4656
f 4883/4840/4657 4882/4839/4656 4861/4818/4636
f 4883/4840/4657 4861/4818/4636 4862/4819/4637
f 4854/4811/4629 4883/4840/4657 4862/4819/4637
f 4862/4819/4637 4852/4809/4627 4854/4811/4629
f 4884/4841/4658 4885/4842/4659 4881/4838/4655
f 4882/4839/4656 4884/4841/4658 4881/4838/4655
f 4884/4841/4658 4882/4839/4656 4886/4843/4660
f 4882/4839/4656 4883/4840/4657 4886/4843/4660
f 4887/4844/4661 4886/4843/4660 4883/4840/4657
f 4883/4840/4657 4888/4845/4662 4887/4844/4661
f 4887/4844/4661 4888/4845/4662 4889/4846/4663
f 4890/4847/4664 4889/4846/4663 4888/4845/4662
f 4889/4846/4663 4890/4847/4664 4891/4848/4665
f 4890/4847/4664 4892/4849/4666 4891/4848/4665
f 4890/4847/4664 4888/4845/4662 4893/4850/4667
f 4893/4850/4667 4888/4845/4662 4894/4851/4668
f 4854/4811/4629 4894/4851/4668 4888/4845/4662
f 4883/4840/4657 4854/4811/4629 4888/4845/4662
f 4894/4851/4668 4854/4811/4629 4853/4810/4628
f 4894/4851/4668 4853/4810/4628 4895/4852/4669
f 4895/4852/4669 4893/4850/4667 4894/4851/4668
f 4896/4853/4670 4893/4850/4667 4895/4852/4669
f 4896/4853/4670 4890/4847/4664 4893/4850/4667
f 4892/4849/4666 4890/4847/4664 4896/4853/4670
f 4843/4800/4618 4892/4849/4666 4896/4853/4670
f 4843/4800/4618 4896/4853/4670 4844/4801/4619
f 4844/4801/4619 4812/4769/4587 4843/4800/4618
f 4812/4769/4587 4844/4801/4619 4842/4799/4617
f 4851/4808/4626 4849/4806/4624 4897/4854/4671
f 4853/4810/4628 4851/4808/4626 4897/4854/4671
f 4853/4810/4628 4897/4854/4671 4895/4852/4669
f 4898/4855/4672 4895/4852/4669 4897/4854/4671
f 4898/4855/4672 4896/4853/4670 4895/4852/4669
f 4844/4801/4619 4896/4853/4670 4898/4855/4672
f 4845/4802/4620 4844/4801/4619 4898/4855/4672
f 4845/4802/4620 4898/4855/4672 4846/4803/4621
f 4897/4854/4671 4846/4803/4621 4898/4855/4672
f 4897/4854/4671 4849/4806/4624 4846/4803/4621
f 4849/4806/4624 4847/4804/4622 4846/4803/4621
f 4899/4842/4673 4900/4837/4674 4901/4838/4675
f 4899/4842/4676 4902/4841/4677 4903/4856/4678
f 4899/4842/4676 4903/4856/4678 4904/4857/4679
f 4904/4857/4679 4905/4858/4680 4899/4842/4676
f 4905/4858/4680 4904/4857/4679 4906/4859/4681
f 4905/4858/4680 4907/4860/4682 4899/4842/4676
f 4908/4861/4683 4909/4862/4684 4910/4863/4685
f 4908/4861/4683 4910/4863/4685 4911/4864/4492
f 4911/4864/4492 4912/4865/4686 4908/4861/4683
f 4913/4866/4687 4908/4861/4683 4912/4865/4686
f 4912/4865/4686 4914/4867/4688 4913/4866/4687
f 4915/4868/4689 4913/4866/4687 4914/4867/4688
f 4913/4866/4687 4915/4868/4689 4916/4869/4690
f 4915/4868/4689 4917/4870/4691 4916/4869/4690
f 4918/4871/4692 4916/4869/4690 4917/4870/4691
f 4919/4872/4693 4917/4870/4691 4920/4873/4694
f 4921/4874/4695 4917/4870/4691 4919/4872/4693
f 4917/4870/4691 4921/4874/4695 4918/4871/4692
f 4918/4871/4692 4921/4874/4695 4889/4846/4663
f 4891/4848/4665 4918/4871/4692 4889/4846/4663
f 4916/4869/4690 4918/4871/4692 4891/4848/4665
f 4922/4875/4696 4916/4869/4690 4891/4848/4665
f 4916/4869/4690 4922/4875/4696 4913/4866/4687
f 4909/4862/4684 4913/4866/4687 4922/4875/4696
f 4913/4866/4687 4909/4862/4684 4908/4861/4683
f 4923/4876/4681 4921/4874/4695 4919/4872/4693
f 4917/4870/4691 4915/4868/4689 4920/4873/4694
f 4915/4868/4689 4924/4860/4697 4920/4873/4694
f 4924/4860/4697 4925/4858/4698 4920/4873/4694
f 4891/4848/4665 4892/4849/4666 4922/4875/4696
f 4892/4849/4666 4843/4800/4618 4922/4875/4696
f 4922/4875/4696 4843/4800/4618 4909/4862/4684
f 4843/4800/4618 4813/4770/4588 4909/4862/4684
f 4909/4862/4684 4813/4770/4588 4910/4863/4685
f 4813/4770/4588 4814/4771/4589 4910/4863/4685
f 4910/4863/4685 4814/4771/4589 4911/4864/4492
f 4926/4877/4699 4911/4864/4492 4814/4771/4589
f 4926/4877/4699 4814/4771/4589 4815/4772/4590
f 4815/4772/4590 4820/4777/4595 4926/4877/4699
f 4886/4843/4660 4927/4856/4700 4884/4841/4658
f 4886/4843/4660 4928/4878/4701 4927/4856/4700
f 4927/4856/4700 4928/4878/4701 4929/4857/4702
f 4929/4857/4702 4928/4878/4701 4923/4876/4703
f 4887/4844/4661 4889/4846/4663 4921/4874/4695
f 4921/4874/4695 4930/4879/4704 4887/4844/4661
f 4931/4880/4705 4887/4844/4661 4930/4879/4704
f 4931/4880/4705 4930/4879/4704 4932/4878/4706
f 4933/4881/1996 4934/4882/4707 4935/4883/4708
f 2538/2514/2478 2540/2516/2480 4935/4883/4708
f 2539/2515/2479 4935/4883/4708 2540/2516/2480
f 4935/4883/4708 2539/2515/2479 4933/4881/1996
f 2539/2515/2479 4936/4884/1995 4933/4881/1996
f 4936/4884/1995 2539/2515/2479 2685/2661/2619
f 2685/2661/2619 4937/4885/1997 4936/4884/1995
f 2685/2661/2619 4938/4886/2007 4937/4885/1997
f 4938/4886/2007 2685/2661/2619 2684/2660/2618
f 4938/4886/2007 2684/2660/2618 4939/4887/4709
f 4939/4887/4709 2684/2660/2618 2686/2662/2620
f 4939/4887/4709 2686/2662/2620 4940/4888/2010
f 2686/2662/2620 4941/4889/3892 4940/4888/2010
f 4942/4890/4710 4943/4891/4711 4944/4892/3888
f 4945/4893/4712 4946/4894/4713 4943/4891/4711
f 4945/4893/4712 4943/4891/4711 4942/4890/4710
f 4947/4895/4714 4945/4893/4712 4942/4890/4710
f 4945/4893/4712 4947/4895/4714 4948/4896/4715
f 4948/4896/4715 4947/4895/4714 4949/4897/4716
f 4949/4897/4716 4950/4898/4717 4948/4896/4715
f 4951/4899/2975 4948/4896/4715 4950/4898/4717
f 4948/4896/4715 4951/4899/2975 4945/4893/4712
f 4946/4894/4713 4945/4893/4712 4951/4899/2975
f 4949/4897/4716 4952/4900/4718 4953/4901/4719
f 4954/4902/4720 4949/4897/4716 4953/4901/4719
f 4950/4898/4717 4949/4897/4716 4954/4902/4720
f 4954/4902/4720 4955/4903/4721 4950/4898/4717
f 4950/4898/4717 4955/4903/4721 4951/4899/2975
f 4955/4903/4721 4956/4904/4722 4951/4899/2975
f 4951/4899/2975 4956/4904/4722 4946/4894/4713
f 4946/4894/4713 4956/4904/4722 4957/4905/911
f 4946/4894/4713 4957/4905/911 4958/4906/910
f 4946/4894/4713 4958/4906/910 4943/4891/4711
f 4959/4907/4723 2402/2378/2351 4955/4903/4721
f 4955/4903/4721 4954/4902/4720 4959/4907/4723
f 2394/2370/2343 4955/4903/4721 2402/2378/2351
f 4955/4903/4721 2394/2370/2343 4956/4904/4722
f 2394/2370/2343 2395/2371/2344 4956/4904/4722
f 4956/4904/4722 2395/2371/2344 4960/4908/912
f 4956/4904/4722 4960/4908/912 4957/4905/911
f 4953/4901/4719 4961/4909/4724 4954/4902/4720
f 4961/4909/4724 4959/4907/4723 4954/4902/4720
f 4959/4907/4723 4961/4909/4724 4962/4910/4725
f 4962/4910/4725 2402/2378/2351 4959/4907/4723
f 2402/2378/2351 4962/4910/4725 4963/4911/4726
f 4963/4911/4726 2401/2377/2350 2402/2378/2351
f 2401/2377/2350 4963/4911/4726 4964/4912/4727
f 2413/2389/2360 2401/2377/2350 2419/2395/2366
f 2419/2395/2366 2401/2377/2350 4964/4912/4727
f 4964/4912/4727 2424/2400/2371 2419/2395/2366
f 2424/2400/2371 4964/4912/4727 4963/4911/4726
f 2421/2397/2368 2424/2400/2371 4963/4911/4726
f 4962/4910/4725 2421/2397/2368 4963/4911/4726
f 2421/2397/2368 4962/4910/4725 2423/2399/2370
f 4962/4910/4725 4961/4909/4724 2423/2399/2370
f 4952/4900/4718 2423/2399/2370 4961/4909/4724
f 4961/4909/4724 4953/4901/4719 4952/4900/4718
f 4965/4913/4728 4966/4914/4729 4967/4915/4730
f 4966/4914/4729 4965/4913/4728 4968/4916/4731
f 4968/4916/4731 4969/4917/4732 4966/4914/4729
f 2423/2399/2370 4969/4917/4732 4968/4916/4731
f 4952/4900/4718 4969/4917/4732 2423/2399/2370
f 4970/4918/4733 4969/4917/4732 4952/4900/4718
f 4952/4900/4718 4949/4897/4716 4970/4918/4733
f 4971/4919/3720 4970/4918/4733 4949/4897/4716
f 4949/4897/4716 4972/4920/3719 4971/4919/3720
f 4947/4895/4714 4972/4920/3719 4949/4897/4716
f 4970/4918/4733 4971/4919/3720 4973/4921/3721
f 4970/4918/4733 4973/4921/3721 4974/4922/3722
f 4969/4917/4732 4970/4918/4733 4974/4922/3722
f 4966/4914/4729 4969/4917/4732 4974/4922/3722
f 4975/4923/4734 4966/4914/4729 4974/4922/3722
f 4967/4915/4730 4966/4914/4729 4975/4923/4734
f 4976/4924/3730 4967/4915/4730 4977/4925/3726
f 4967/4915/4730 4975/4923/4734 4977/4925/3726
f 4977/4925/3726 4975/4923/4734 4978/4926/3724
f 4975/4923/4734 4974/4922/3722 4978/4926/3724
f 4974/4922/3722 4979/4927/3723 4978/4926/3724
f 4980/4928/4735 4976/4924/3730 4977/4925/3726
f 2465/2441/2409 3609/3575/3491 2467/2443/2411
f 4981/4929/4736 2467/2443/2411 3609/3575/3491
f 2467/2443/2411 4981/4929/4736 3660/3626/3539
f 3660/3626/3539 4981/4929/4736 4982/4930/4737
f 4982/4930/4737 3657/3623/3536 3660/3626/3539
f 3657/3623/3536 4982/4930/4737 4983/4931/4738
f 3657/3623/3536 4983/4931/4738 3658/3624/3537
f 4984/4932/4739 3658/3624/3537 4983/4931/4738
f 4984/4932/4739 4976/4924/3730 3658/3624/3537
f 4967/4915/4730 4976/4924/3730 4984/4932/4739
f 4985/4933/4740 4986/4934/4741 4987/4935/4742
f 4987/4935/4742 4988/4936/4743 4985/4933/4740
f 4981/4929/4736 4985/4933/4740 4988/4936/4743
f 4988/4936/4743 4982/4930/4737 4981/4929/4736
f 4982/4930/4737 4988/4936/4743 4989/4937/4744
f 4982/4930/4737 4989/4937/4744 4983/4931/4738
f 4984/4932/4739 4983/4931/4738 4989/4937/4744
f 4990/4938/4745 4984/4932/4739 4989/4937/4744
f 4990/4938/4745 4967/4915/4730 4984/4932/4739
f 4965/4913/4728 4967/4915/4730 4990/4938/4745
f 4991/4939/4746 4992/4940/4747 4993/4941/4748
f 4994/4942/4749 4992/4940/4747 4991/4939/4746
f 4992/4940/4747 4994/4942/4749 4995/4943/4750
f 4987/4935/4742 4995/4943/4750 4994/4942/4749
f 4987/4935/4742 4994/4942/4749 4996/4944/4751
f 4988/4936/4743 4987/4935/4742 4996/4944/4751
f 4988/4936/4743 4996/4944/4751 4989/4937/4744
f 4990/4938/4745 4989/4937/4744 4996/4944/4751
f 2440/2416/2387 4990/4938/4745 4996/4944/4751
f 4990/4938/4745 2440/2416/2387 4965/4913/4728
f 4994/4942/4749 2440/2416/2387 4996/4944/4751
f 4991/4939/4746 2440/2416/2387 4994/4942/4749
f 4993/4941/4748 2440/2416/2387 4991/4939/4746
f 2438/2414/2385 2440/2416/2387 4993/4941/4748
f 2447/2423/2370 2438/2414/2385 4993/4941/4748
f 4997/4945/4752 2447/2423/2370 4993/4941/4748
f 4997/4945/4752 1155/1139/1146 2447/2423/2370
f 1155/1139/1146 4997/4945/4752 4992/4940/4747
f 4997/4945/4752 4993/4941/4748 4992/4940/4747
f 1146/1130/1137 1145/1129/1136 4998/4946/4753
f 1145/1129/1136 4999/4947/4754 4998/4946/4753
f 1145/1129/1136 1153/1137/1144 4999/4947/4754
f 4999/4947/4754 1153/1137/1144 5000/4948/4755
f 5000/4948/4755 1153/1137/1144 1155/1139/1146
f 4992/4940/4747 5000/4948/4755 1155/1139/1146
f 5001/4949/4756 5000/4948/4755 4992/4940/4747
f 4995/4943/4750 5001/4949/4756 4992/4940/4747
f 4986/4934/4741 5001/4949/4756 4995/4943/4750
f 4995/4943/4750 4987/4935/4742 4986/4934/4741
f 4998/4946/4753 4999/4947/4754 5002/4950/4757
f 5000/4948/4755 5002/4950/4757 4999/4947/4754
f 5003/4951/4758 5001/4949/4756 5004/4952/4759
f 5000/4948/4755 5001/4949/4756 5003/4951/4758
f 5003/4951/4758 5005/4953/4760 5000/4948/4755
f 5002/4950/4757 5000/4948/4755 5005/4953/4760
f 5005/4953/4760 5006/4954/4761 5002/4950/4757
f 4998/4946/4753 5002/4950/4757 5006/4954/4761
f 5006/4954/4761 5007/4955/4762 4998/4946/4753
f 1146/1130/1137 4998/4946/4753 5007/4955/4762
f 5007/4955/4762 1122/1106/1113 1146/1130/1137
f 1122/1106/1113 5007/4955/4762 5008/4956/4763
f 5006/4954/4761 5005/4953/4760 5009/4957/4764
f 5007/4955/4762 5006/4954/4761 5009/4957/4764
f 5008/4956/4763 5007/4955/4762 5009/4957/4764
f 5008/4956/4763 5009/4957/4764 5010/4958/4765
f 5008/4956/4763 5010/4958/4765 5011/4959/4766
f 5011/4959/4766 5010/4958/4765 5012/4960/4767
f 5013/4961/4768 5012/4960/4767 5010/4958/4765
f 5010/4958/4765 5014/4962/4769 5013/4961/4768
f 5015/4963/4770 5013/4961/4768 5014/4962/4769
f 5014/4962/4769 5016/4964/4771 5015/4963/4770
f 5008/4956/4763 1120/1104/1111 1122/1106/1113
f 1124/1108/1115 1120/1104/1111 5008/4956/4763
f 5011/4959/4766 1124/1108/1115 5008/4956/4763
f 1118/1102/1109 1124/1108/1115 5011/4959/4766
f 5012/4960/4767 1118/1102/1109 5011/4959/4766
f 1116/1100/1107 1118/1102/1109 5012/4960/4767
f 1116/1100/1107 5012/4960/4767 5013/4961/4768
f 1114/1098/1105 1116/1100/1107 5013/4961/4768
f 5013/4961/4768 5015/4963/4770 1114/1098/1105
f 1114/1098/1105 5015/4963/4770 1113/1097/1104
f 5015/4963/4770 5017/4965/4772 1113/1097/1104
f 1113/1097/1104 5017/4965/4772 1112/1096/1103
f 5017/4965/4772 5018/4966/4773 1112/1096/1103
f 1108/1092/1099 1112/1096/1103 5018/4966/4773
f 5018/4966/4773 5019/4967/4774 1108/1092/1099
f 1105/1089/1096 1108/1092/1099 5019/4967/4774
f 5019/4967/4774 5020/4968/4775 1105/1089/1096
f 1106/1090/1097 1105/1089/1096 5020/4968/4775
f 1106/1090/1097 5020/4968/4775 5021/4969/4776
f 5021/4969/4776 3606/3572/3488 1106/1090/1097
f 5017/4965/4772 5015/4963/4770 5016/4964/4771
f 5016/4964/4771 5022/4970/4777 5017/4965/4772
f 5018/4966/4773 5017/4965/4772 5022/4970/4777
f 5019/4967/4774 5018/4966/4773 5022/4970/4777
f 5022/4970/4777 5023/4971/4778 5019/4967/4774
f 5020/4968/4775 5019/4967/4774 5023/4971/4778
f 5023/4971/4778 5021/4969/4776 5020/4968/4775
f 5021/4969/4776 5023/4971/4778 5024/4972/4779
f 5023/4971/4778 5025/4973/4780 5024/4972/4779
f 5023/4971/4778 5022/4970/4777 5025/4973/4780
f 5022/4970/4777 5026/4974/4781 5025/4973/4780
f 5022/4970/4777 5016/4964/4771 5026/4974/4781
f 5016/4964/4771 5014/4962/4769 5026/4974/4781
f 5009/4957/4764 5026/4974/4781 5014/4962/4769
f 5014/4962/4769 5010/4958/4765 5009/4957/4764
f 3606/3572/3488 5021/4969/4776 5027/4975/4782
f 5021/4969/4776 5024/4972/4779 5027/4975/4782
f 5024/4972/4779 5028/4976/4783 5027/4975/4782
f 5029/4977/4784 5028/4976/4783 5024/4972/4779
f 5025/4973/4780 5029/4977/4784 5024/4972/4779
f 5004/4952/4759 5029/4977/4784 5025/4973/4780
f 5025/4973/4780 5026/4974/4781 5004/4952/4759
f 5004/4952/4759 5026/4974/4781 5003/4951/4758
f 5026/4974/4781 5005/4953/4760 5003/4951/4758
f 5026/4974/4781 5009/4957/4764 5005/4953/4760
f 3606/3572/3488 3608/3574/3490 3605/3571/3487
f 3608/3574/3490 3606/3572/3488 3609/3575/3491
f 3606/3572/3488 5027/4975/4782 3609/3575/3491
f 3609/3575/3491 5027/4975/4782 4981/4929/4736
f 5028/4976/4783 4981/4929/4736 5027/4975/4782
f 4981/4929/4736 5028/4976/4783 4985/4933/4740
f 5028/4976/4783 5029/4977/4784 4985/4933/4740
f 4986/4934/4741 4985/4933/4740 5029/4977/4784
f 5029/4977/4784 5004/4952/4759 4986/4934/4741
f 5001/4949/4756 4986/4934/4741 5004/4952/4759
f 5030/4978/4785 2752/2725/2682 5031/4979/4786
f 5031/4979/4786 5032/4980/4787 5030/4978/4785
f 5032/4980/4787 5031/4979/4786 5033/4981/4788
f 5032/4980/4787 5033/4981/4788 5034/4982/4789
f 5034/4982/4789 5035/4983/4790 5032/4980/4787
f 5032/4980/4787 5035/4983/4790 5036/4984/4791
f 5030/4978/4785 5032/4980/4787 5036/4984/4791
f 5035/4983/4790 3529/3495/245 5037/4985/246
f 5036/4984/4791 5035/4983/4790 5037/4985/246
f 5036/4984/4791 5037/4985/246 5038/4986/237
f 5036/4984/4791 5038/4986/237 5039/4987/238
f 5030/4978/4785 5036/4984/4791 5039/4987/238
f 5030/4978/4785 5039/4987/238 5040/4988/3391
f 5040/4988/3391 5041/4989/4792 5030/4978/4785
f 2752/2725/2682 5030/4978/4785 5041/4989/4792
f 2753/2726/529 2752/2725/2682 5041/4989/4792
f 2751/2724/2681 2752/2725/2682 2753/2726/529
f 3529/3495/245 5035/4983/4790 3527/3493/3414
f 3536/3502/3422 3527/3493/3414 5035/4983/4790
f 5034/4982/4789 3536/3502/3422 5035/4983/4790
f 3533/3499/3419 3536/3502/3422 5034/4982/4789
f 5034/4982/4789 5033/4981/4788 3533/3499/3419
f 3533/3499/3419 5033/4981/4788 3530/3496/3416
f 3530/3496/3416 5033/4981/4788 5031/4979/4786
f 5031/4979/4786 3604/3570/3486 3530/3496/3416
f 3604/3570/3486 5031/4979/4786 2752/2725/2682
f 2752/2725/2682 3600/3566/3482 3604/3570/3486
f 1206/1190/1197 1213/1197/1204 2253/2229/2213
f 1206/1190/1197 2253/2229/2213 1207/1191/1198
f 2253/2229/2213 2248/2224/2208 1207/1191/1198
f 1207/1191/1198 2248/2224/2208 2250/2226/2210
f 2250/2226/2210 1202/1186/1193 1207/1191/1198
f 1202/1186/1193 2250/2226/2210 2251/2227/2211
f 2251/2227/2211 5042/4990/4793 1202/1186/1193
f 1194/1178/1185 5042/4990/4793 2251/2227/2211
f 1196/1180/1187 5042/4990/4793 1194/1178/1185
f 1196/1180/1187 1202/1186/1193 5042/4990/4793
f 5043/4991/4794 5044/4992/4795 5045/4993/706
f 5045/4993/706 5044/4992/4795 5046/4994/2340
f 5046/4994/2340 5044/4992/4795 5047/4995/2336
f 5048/4996/4796 5045/4993/706 5046/4994/2340
f 923/907/918 925/909/920 5047/4995/2336
f 5044/4992/4795 923/907/918 5047/4995/2336
f 919/903/914 923/907/918 5044/4992/4795
f 5044/4992/4795 5043/4991/4794 919/903/914
f 5043/4991/4794 920/904/915 919/903/914
f 920/904/915 5043/4991/4794 5049/4997/4797
f 2227/2203/2191 967/951/962 936/920/931
f 945/929/940 2227/2203/2191 936/920/931
f 2227/2203/2191 945/929/940 2229/2205/2192
f 939/923/934 2229/2205/2192 945/929/940
f 2229/2205/2192 939/923/934 5050/4998/753
f 5050/4998/753 939/923/934 935/919/930
f 935/919/930 5051/4999/4798 5050/4998/753
f 5051/4999/4798 935/919/930 934/918/929
f 934/918/929 920/904/915 5051/4999/4798
f 920/904/915 934/918/929 921/905/916
f 5052/5000/4254 5053/5001/4256 5054/5002/4799
f 5053/5001/4256 5052/5000/4254 5055/5003/1716
f 5056/5004/4800 5057/5005/1714 5055/5003/1716
f 5052/5000/4254 5058/5006/2480 5059/5007/4801
f 5055/5003/1716 5052/5000/4254 5059/5007/4801
f 5059/5007/4801 5060/5008/4802 5055/5003/1716
f 5060/5008/4802 5056/5004/4800 5055/5003/1716
f 5060/5008/4802 5061/5009/4803 5056/5004/4800
f 5056/5004/4800 5061/5009/4803 5062/5010/1737
f 5061/5009/4803 5063/5011/4804 5062/5010/1737
f 5064/5012/4805 5062/5010/1737 5063/5011/4804
f 5065/5013/1745 5064/5012/4805 5063/5011/4804
f 5064/5012/4805 5065/5013/1745 5066/5014/1743
f 5067/5015/4806 5061/5009/4803 5060/5008/4802
f 4338/4301/1005 5058/5006/2480 5068/5016/1003
f 5058/5006/2480 4338/4301/1005 4339/4302/4160
f 5059/5007/4801 5058/5006/2480 4339/4302/4160
f 5059/5007/4801 4339/4302/4160 4340/4303/4161
f 4340/4303/4161 5060/5008/4802 5059/5007/4801
f 5060/5008/4802 4340/4303/4161 4326/4289/4152
f 5067/5015/4806 5060/5008/4802 4326/4289/4152
f 4325/4288/4151 5067/5015/4806 4326/4289/4152
f 5069/5017/4807 5067/5015/4806 4325/4288/4151
f 5069/5017/4807 4325/4288/4151 4323/4286/4149
f 5070/5018/1746 5071/5019/1744 5072/5020/4808
f 5072/5020/4808 5071/5019/1744 5073/5021/4809
f 5065/5013/1745 5073/5021/4809 5071/5019/1744
f 5073/5021/4809 5065/5013/1745 5074/5022/4810
f 5063/5011/4804 5074/5022/4810 5065/5013/1745
f 5075/5023/4811 5074/5022/4810 5063/5011/4804
f 5063/5011/4804 5061/5009/4803 5075/5023/4811
f 5061/5009/4803 5076/5024/4812 5075/5023/4811
f 5076/5024/4812 5061/5009/4803 5067/5015/4806
f 5069/5017/4807 5076/5024/4812 5067/5015/4806
f 5077/5025/4813 5076/5024/4812 5078/5026/4814
f 5076/5024/4812 5077/5025/4813 5075/5023/4811
f 5074/5022/4810 5075/5023/4811 5077/5025/4813
f 5078/5026/4814 5079/5027/4815 5080/5028/4816
f 5080/5028/4816 5077/5025/4813 5078/5026/4814
f 5077/5025/4813 5080/5028/4816 5081/5029/4817
f 5081/5029/4817 5074/5022/4810 5077/5025/4813
f 5074/5022/4810 5081/5029/4817 5073/5021/4809
f 5073/5021/4809 5081/5029/4817 5072/5020/4808
f 5082/5030/4818 5083/5031/4819 5084/5032/4820
f 5084/5032/4820 5083/5031/4819 5085/5033/4821
f 5084/5032/4820 5085/5033/4821 5079/5027/4815
f 5079/5027/4815 5085/5033/4821 5086/5034/4822
f 5086/5034/4822 5080/5028/4816 5079/5027/4815
f 5080/5028/4816 5086/5034/4822 5087/5035/4823
f 5087/5035/4823 5081/5029/4817 5080/5028/4816
f 5081/5029/4817 5087/5035/4823 5088/5036/4824
f 5088/5036/4824 5072/5020/4808 5081/5029/4817
f 5089/5037/4825 5072/5020/4808 5088/5036/4824
f 5088/5036/4824 5090/5038/4826 5089/5037/4825
f 5088/5036/4824 5091/5039/4827 5090/5038/4826
f 5087/5035/4823 5091/5039/4827 5088/5036/4824
f 5087/5035/4823 5092/5040/4828 5091/5039/4827
f 5092/5040/4828 5087/5035/4823 5093/5041/4829
f 5093/5041/4829 5083/5031/4819 5092/5040/4828
f 5093/5041/4829 5085/5033/4821 5083/5031/4819
f 5085/5033/4821 5093/5041/4829 5086/5034/4822
f 5093/5041/4829 5087/5035/4823 5086/5034/4822
f 5092/5040/4828 5094/5042/4830 5095/5043/4831
f 5091/5039/4827 5092/5040/4828 5095/5043/4831
f 5091/5039/4827 5095/5043/4831 5096/5044/828
f 5097/5045/4832 5091/5039/4827 5096/5044/828
f 5091/5039/4827 5097/5045/4832 5090/5038/4826
f 5097/5045/4832 5098/5046/4833 5090/5038/4826
f 5099/5047/1747 5090/5038/4826 5098/5046/4833
f 5090/5038/4826 5099/5047/1747 5089/5037/4825
f 5070/5018/1746 5089/5037/4825 5099/5047/1747
f 5089/5037/4825 5070/5018/1746 5072/5020/4808
f 5098/5046/4833 5097/5045/4832 5100/5048/4834
f 5101/5049/4835 5102/5050/4836 2406/2382/2354
f 1176/1160/1167 2433/2409/2380 2434/2410/2381
f 2433/2409/2380 1176/1160/1167 1186/1170/1177
f 2433/2409/2380 1186/1170/1177 2432/2408/2379
f 1186/1170/1177 5103/5051/4837 2432/2408/2379
f 5103/5051/4837 2430/2406/2377 2432/2408/2379
f 5103/5051/4837 5101/5049/4835 2430/2406/2377
f 2431/2407/2378 2430/2406/2377 5101/5049/4835
f 2406/2382/2354 2431/2407/2378 5101/5049/4835
f 2406/2382/2354 2409/2385/2356 2431/2407/2378
f 2409/2385/2356 2415/2391/2362 2431/2407/2378
f 5102/5050/4836 5104/5052/4838 5105/5053/4839
f 5104/5052/4838 5102/5050/4836 5101/5049/4835
f 5106/5054/4840 5104/5052/4838 5101/5049/4835
f 5103/5051/4837 5106/5054/4840 5101/5049/4835
f 5103/5051/4837 1195/1179/1186 5106/5054/4840
f 1195/1179/1186 5103/5051/4837 1186/1170/1177
f 1193/1177/1184 1195/1179/1186 1186/1170/1177
f 1193/1177/1184 1186/1170/1177 1185/1169/1176
f 1185/1169/1176 1188/1172/1179 1193/1177/1184
f 1188/1172/1179 1185/1169/1176 1184/1168/1175
f 1195/1179/1186 2245/2221/2205 5106/5054/4840
f 2245/2221/2205 2246/2222/2206 5106/5054/4840
f 5106/5054/4840 2246/2222/2206 5104/5052/4838
f 5104/5052/4838 2246/2222/2206 2234/2210/2195
f 5104/5052/4838 2234/2210/2195 5105/5053/4839
f 2233/2209/763 5105/5053/4839 2234/2210/2195
f 5105/5053/4839 2233/2209/763 5107/5055/762
f 5107/5055/762 5102/5050/4836 5105/5053/4839
f 2407/2383/2355 5102/5050/4836 5107/5055/762
f 2407/2383/2355 2406/2382/2354 5102/5050/4836
f 5076/5024/4812 5069/5017/4807 5108/5056/4841
f 5076/5024/4812 5108/5056/4841 5078/5026/4814
f 5078/5026/4814 5108/5056/4841 5109/5057/4842
f 5109/5057/4842 5079/5027/4815 5078/5026/4814
f 5079/5027/4815 5109/5057/4842 5110/5058/4843
f 5079/5027/4815 5110/5058/4843 5084/5032/4820
f 5110/5058/4843 5111/5059/4844 5084/5032/4820
f 5082/5030/4818 5084/5032/4820 5111/5059/4844
f 5111/5059/4844 1527/1511/1515 5082/5030/4818
f 1527/1511/1515 5111/5059/4844 1528/1512/1516
f 5108/5056/4841 5112/5060/4845 5109/5057/4842
f 5109/5057/4842 5112/5060/4845 5113/5061/4846
f 5109/5057/4842 5113/5061/4846 5110/5058/4843
f 5110/5058/4843 5113/5061/4846 5114/5062/4847
f 5111/5059/4844 5110/5058/4843 5114/5062/4847
f 5111/5059/4844 5114/5062/4847 1528/1512/1516
f 1528/1512/1516 5114/5062/4847 1529/1513/1517
f 5069/5017/4807 4323/4286/4149 5108/5056/4841
f 5108/5056/4841 4323/4286/4149 4324/4287/4150
f 5108/5056/4841 4324/4287/4150 5112/5060/4845
f 4318/4281/4144 5112/5060/4845 4324/4287/4150
f 4318/4281/4144 5113/5061/4846 5112/5060/4845
f 4318/4281/4144 1549/1533/1537 5113/5061/4846
f 1549/1533/1537 5114/5062/4847 5113/5061/4846
f 1549/1533/1537 1547/1531/1535 5114/5062/4847
f 5114/5062/4847 1547/1531/1535 1529/1513/1517
f 1537/1521/1525 1529/1513/1517 1547/1531/1535
f 416/414/417 469/467/470 463/461/464
f 463/461/464 5115/5063/4848 416/414/417
f 414/412/415 416/414/417 5115/5063/4848
f 5115/5063/4848 419/417/420 414/412/415
f 419/417/420 5115/5063/4848 5116/5064/4849
f 5116/5064/4849 420/418/421 419/417/420
f 5117/5065/4850 420/418/421 5116/5064/4849
f 420/418/421 5117/5065/4850 425/423/426
f 5117/5065/4850 426/424/427 425/423/426
f 426/424/427 5117/5065/4850 5118/5066/4851
f 5118/5066/4851 428/426/429 426/424/427
f 5118/5066/4851 430/428/431 428/426/429
f 430/428/431 5118/5066/4851 456/454/457
f 456/454/457 5118/5066/4851 5119/5067/4852
f 456/454/457 5119/5067/4852 463/461/464
f 5115/5063/4848 463/461/464 5119/5067/4852
f 5119/5067/4852 5116/5064/4849 5115/5063/4848
f 5118/5066/4851 5116/5064/4849 5119/5067/4852
f 5118/5066/4851 5117/5065/4850 5116/5064/4849
f 1520/1504/1508 1519/1503/1507 1523/1507/1511
f 1523/1507/1511 1527/1511/1515 1520/1504/1508
f 1527/1511/1515 1523/1507/1511 1522/1506/1510
f 1522/1506/1510 5082/5030/4818 1527/1511/1515
f 5082/5030/4818 1522/1506/1510 5120/5068/4853
f 5082/5030/4818 5120/5068/4853 5121/5069/4854
f 5083/5031/4819 5082/5030/4818 5121/5069/4854
f 5121/5069/4854 5122/5070/4855 5083/5031/4819
f 5083/5031/4819 5122/5070/4855 5094/5042/4830
f 5094/5042/4830 5092/5040/4828 5083/5031/4819
f 5123/5071/109 5124/5072/4856 5125/5073/4857
f 5124/5072/4856 5123/5071/109 5126/5074/4858
f 5123/5071/109 5127/5075/4859 5126/5074/4858
f 5127/5075/4859 5123/5071/109 5128/5076/108
f 5129/5077/4860 5130/5078/4861 5131/5079/4862
f 5125/5073/4857 5129/5077/4860 5131/5079/4862
f 5129/5077/4860 5125/5073/4857 5124/5072/4856
f 5124/5072/4856 5132/5080/4863 5129/5077/4860
f 5126/5074/4858 5132/5080/4863 5124/5072/4856
f 5132/5080/4863 5126/5074/4858 2607/2583/2547
f 5126/5074/4858 2608/2584/2548 2607/2583/2547
f 2608/2584/2548 5126/5074/4858 5127/5075/4859
f 5127/5075/4859 2609/2585/2549 2608/2584/2548
f 5128/5076/108 2609/2585/2549 5127/5075/4859
f 2609/2585/2549 5128/5076/108 2614/2590/77
f 2607/2583/2547 5133/5081/4864 5134/5082/4865
f 5134/5082/4865 5132/5080/4863 2607/2583/2547
f 5132/5080/4863 5134/5082/4865 5135/5083/4866
f 5135/5083/4866 5129/5077/4860 5132/5080/4863
f 5129/5077/4860 5135/5083/4866 5136/5084/4867
f 5130/5078/4861 5129/5077/4860 5136/5084/4867
f 5136/5084/4867 5137/5085/4868 5130/5078/4861
f 5137/5085/4868 5136/5084/4867 5138/5086/2292
f 5136/5084/4867 5135/5083/4866 5138/5086/2292
f 5138/5086/2292 5135/5083/4866 5139/5087/2300
f 5139/5087/2300 5135/5083/4866 5134/5082/4865
f 5134/5082/4865 5140/5088/4869 5139/5087/2300
f 5140/5088/4869 5134/5082/4865 5141/5089/4870
f 5134/5082/4865 5133/5081/4864 5141/5089/4870
f 5142/5090/4871 5141/5089/4870 5133/5081/4864
f 5141/5089/4870 5142/5090/4871 5143/5091/4872
f 5142/5090/4871 5144/5092/4610 5143/5091/4872
f 5144/5092/4610 5142/5090/4871 5145/5093/4873
f 5145/5093/4873 5146/5094/4609 5144/5092/4610
f 5146/5094/4609 5145/5093/4873 5147/5095/4874
f 5148/5096/4875 5149/5097/4876 5150/5098/4877
f 5147/5095/4874 5150/5098/4877 5149/5097/4876
f 5150/5098/4877 5147/5095/4874 5151/5099/4878
f 5145/5093/4873 5151/5099/4878 5147/5095/4874
f 5151/5099/4878 5145/5093/4873 5152/5100/4879
f 5152/5100/4879 5145/5093/4873 5142/5090/4871
f 5153/5101/4880 5152/5100/4879 5142/5090/4871
f 5133/5081/4864 5153/5101/4880 5142/5090/4871
f 5153/5101/4880 5133/5081/4864 5154/5102/4881
f 5133/5081/4864 2607/2583/2547 5154/5102/4881
f 5150/5098/4877 5155/5103/4882 5156/5104/4883
f 5151/5099/4878 5155/5103/4882 5150/5098/4877
f 5155/5103/4882 5151/5099/4878 5157/5105/4884
f 5152/5100/4879 5157/5105/4884 5151/5099/4878
f 5157/5105/4884 5152/5100/4879 5158/5106/4885
f 5158/5106/4885 5152/5100/4879 5153/5101/4880
f 5159/5107/4886 5158/5106/4885 5153/5101/4880
f 5154/5102/4881 5159/5107/4886 5153/5101/4880
f 2606/2582/2546 5159/5107/4886 5154/5102/4881
f 2606/2582/2546 5154/5102/4881 2607/2583/2547
f 5160/5108/4887 5155/5103/4882 5161/5109/4888
f 5157/5105/4884 5161/5109/4888 5155/5103/4882
f 5161/5109/4888 5157/5105/4884 5162/5110/4889
f 5158/5106/4885 5162/5110/4889 5157/5105/4884
f 5163/5111/4890 5160/5108/4887 5164/5112/4891
f 5161/5109/4888 5164/5112/4891 5160/5108/4887
f 5162/5110/4889 5164/5112/4891 5161/5109/4888
f 5165/5113/4892 5166/5114/4893 5167/5115/4894
f 5167/5115/4894 5168/5116/4895 5165/5113/4892
f 5169/5117/4896 5165/5113/4892 5168/5116/4895
f 5164/5112/4891 5169/5117/4896 5168/5116/4895
f 5168/5116/4895 5170/5118/4897 5164/5112/4891
f 5170/5118/4897 5163/5111/4890 5164/5112/4891
f 5163/5111/4890 5170/5118/4897 5171/5119/4898
f 5160/5108/4887 5163/5111/4890 5171/5119/4898
f 5171/5119/4898 5156/5104/4883 5160/5108/4887
f 5155/5103/4882 5160/5108/4887 5156/5104/4883
f 5168/5116/4895 5167/5115/4894 5170/5118/4897
f 5172/5120/2158 5173/5121/4899 5174/5122/4900
f 5172/5120/2158 5175/5123/4901 5173/5121/4899
f 5167/5115/4894 5173/5121/4899 5175/5123/4901
f 5175/5123/4901 5176/5124/571 5167/5115/4894
f 5167/5115/4894 5176/5124/571 5170/5118/4897
f 5176/5124/571 5177/5125/4902 5170/5118/4897
f 5177/5125/4902 5171/5119/4898 5170/5118/4897
f 5177/5125/4902 5148/5096/4875 5171/5119/4898
f 5171/5119/4898 5148/5096/4875 5156/5104/4883
f 5156/5104/4883 5148/5096/4875 5150/5098/4877
f 5178/5126/4903 5179/5127/4904 5180/5128/4905
f 5179/5127/4904 5178/5126/4903 5181/5129/4906
f 5182/5130/4907 5181/5129/4906 5178/5126/4903
f 5175/5123/4901 5181/5129/4906 5182/5130/4907
f 5175/5123/4901 5182/5130/4907 5176/5124/571
f 5182/5130/4907 5177/5125/4902 5176/5124/571
f 5177/5125/4902 5182/5130/4907 5183/5131/4908
f 5177/5125/4902 5183/5131/4908 5184/5132/4909
f 5177/5125/4902 5184/5132/4909 5148/5096/4875
f 5149/5097/4876 5148/5096/4875 5184/5132/4909
f 5146/5094/4609 5147/5095/4874 5185/5133/4910
f 5185/5133/4910 5147/5095/4874 5149/5097/4876
f 5149/5097/4876 5186/5134/4911 5185/5133/4910
f 5186/5134/4911 5149/5097/4876 5184/5132/4909
f 5187/5135/4912 5186/5134/4911 5184/5132/4909
f 5187/5135/4912 5184/5132/4909 5188/5136/4913
f 5188/5136/4913 5184/5132/4909 5189/5137/4914
f 5189/5137/4914 5184/5132/4909 5190/5131/4915
f 5189/5137/4914 5190/5131/4915 5191/5138/4916
f 5182/5130/4907 5191/5138/4916 5190/5131/4915
f 5186/5134/4911 5187/5135/4912 5192/5139/4917
f 5193/5140/2290 5186/5134/4911 5192/5139/4917
f 5186/5134/4911 5193/5140/2290 5194/5141/4918
f 5195/5142/4919 5186/5134/4911 5194/5141/4918
f 5185/5133/4910 5186/5134/4911 5195/5142/4919
f 5195/5142/4919 5194/5141/4918 5196/5143/2288
f 5182/5130/4907 5197/5144/4920 5191/5138/4916
f 5178/5126/4903 5197/5144/4920 5182/5130/4907
f 5197/5144/4920 5178/5126/4903 5198/5145/4921
f 5198/5145/4921 5178/5126/4903 5180/5128/4905
f 5198/5145/4921 5180/5128/4905 5199/5146/180
f 5200/5147/4922 5199/5146/180 5180/5128/4905
f 5201/5148/4923 5199/5146/180 5200/5147/4922
f 5200/5147/4922 5202/5149/4924 5201/5148/4923
f 5180/5128/4905 5202/5149/4924 5200/5147/4922
f 5202/5149/4924 5180/5128/4905 5179/5127/4904
f 5203/5150/2270 5204/5151/4925 5202/5149/4924
f 5201/5148/4923 5202/5149/4924 5204/5151/4925
f 5205/5152/4926 5201/5148/4923 5204/5151/4925
f 5199/5146/180 5201/5148/4923 5205/5152/4926
f 5206/5153/4927 5199/5146/180 5205/5152/4926
f 5179/5127/4904 5207/5154/4928 5202/5149/4924
f 5207/5154/4928 5179/5127/4904 5208/5155/4929
f 5181/5129/4906 5208/5155/4929 5179/5127/4904
f 5208/5155/4929 5181/5129/4906 5209/5156/4930
f 5209/5156/4930 5181/5129/4906 5172/5120/2158
f 5172/5120/2158 5181/5129/4906 5175/5123/4901
f 5210/5157/2174 5211/5158/4931 5212/5159/2264
f 5211/5158/4931 5210/5157/2174 5213/5160/4932
f 5210/5157/2174 5214/5161/4933 5213/5160/4932
f 5213/5160/4932 5214/5161/4933 5209/5156/4930
f 5214/5161/4933 5215/5162/4934 5209/5156/4930
f 5209/5156/4930 5215/5162/4934 5208/5155/4929
f 5215/5162/4934 5216/5163/4935 5208/5155/4929
f 5208/5155/4929 5216/5163/4935 5207/5154/4928
f 5207/5154/4928 5216/5163/4935 5203/5150/2270
f 5203/5150/2270 5202/5149/4924 5207/5154/4928
f 5214/5161/4933 5210/5157/2174 5217/5164/2265
f 5217/5164/2265 5215/5162/4934 5214/5161/4933
f 5217/5164/2265 5218/5165/2267 5215/5162/4934
f 5218/5165/2267 5216/5163/4935 5215/5162/4934
f 1622/1606/1610 1626/1610/1614 1633/1617/1621
f 1633/1617/1621 5219/5166/4936 1622/1606/1610
f 1623/1607/1611 1622/1606/1610 5219/5166/4936
f 4290/4253/4118 1623/1607/1611 5219/5166/4936
f 4288/4251/4116 4290/4253/4118 5219/5166/4936
f 5219/5166/4936 1633/1617/1621 4288/4251/4116
f 1633/1617/1621 1660/1642/1648 4288/4251/4116
f 1660/1642/1648 1633/1617/1621 1632/1616/1620
f 757/753/756 772/768/771 771/767/770
f 772/768/771 757/753/756 756/752/755
f 756/752/755 5220/5167/4937 772/768/771
f 5220/5167/4937 756/752/755 747/743/746
f 747/743/746 5221/5168/4938 5220/5167/4937
f 747/743/746 741/737/740 5221/5168/4938
f 742/738/741 5221/5168/4938 741/737/740
f 5221/5168/4938 742/738/741 745/741/744
f 745/741/744 5220/5167/4937 5221/5168/4938
f 745/741/744 772/768/771 5220/5167/4937
f 754/750/753 5222/5169/4939 5223/5170/4940
f 754/750/753 5223/5170/4940 752/748/751
f 5224/5171/4941 752/748/751 5223/5170/4940
f 752/748/751 5224/5171/4941 750/746/749
f 5225/5172/4942 750/746/749 5224/5171/4941
f 746/742/745 750/746/749 5225/5172/4942
f 5226/5173/4943 746/742/745 5225/5172/4942
f 746/742/745 5226/5173/4943 739/735/738
f 733/729/732 739/735/738 5226/5173/4943
f 739/735/738 733/729/732 734/730/733
f 5222/5169/4939 5227/5174/4944 5228/5175/700
f 5222/5169/4939 5228/5175/700 5223/5170/4940
f 5223/5170/4940 5228/5175/700 5229/5176/4945
f 5223/5170/4940 5229/5176/4945 5224/5171/4941
f 5224/5171/4941 5229/5176/4945 5230/5177/4946
f 5230/5177/4946 5225/5172/4942 5224/5171/4941
f 5231/5178/709 5225/5172/4942 5230/5177/4946
f 5225/5172/4942 5231/5178/709 5226/5173/4943
f 5226/5173/4943 5231/5178/709 732/728/731
f 5226/5173/4943 732/728/731 733/729/732
f 5232/5179/4947 5233/5180/1464 5234/5181/4948
f 5233/5180/1464 5235/5182/4949 5236/5183/1461
f 5235/5182/4949 5233/5180/1464 5237/5184/4950
f 5233/5180/1464 5232/5179/4947 5237/5184/4950
f 325/323/327 5237/5184/4950 5232/5179/4947
f 5232/5179/4947 324/322/326 325/323/327
f 324/322/326 5232/5179/4947 5238/5185/4951
f 5239/5186/4952 5235/5182/4949 5237/5184/4950
f 5237/5184/4950 325/323/327 313/311/315
f 313/311/315 312/310/314 5237/5184/4950
f 5239/5186/4952 5237/5184/4950 312/310/314
f 316/314/318 5239/5186/4952 312/310/314
f 5240/5187/1457 5239/5186/4952 316/314/318
f 5240/5187/1457 5241/5188/1456 5239/5186/4952
f 4934/4882/4707 4933/4881/1996 5242/5189/4953
f 5243/5190/4954 5242/5189/4953 4933/4881/1996
f 5242/5189/4953 5243/5190/4954 5244/5191/4955
f 5242/5189/4953 5244/5191/4955 5245/5192/4956
f 5245/5192/4956 5246/5193/4957 5242/5189/4953
f 5247/5194/4958 5242/5189/4953 5246/5193/4957
f 5247/5194/4958 2537/2513/2477 5242/5189/4953
f 2537/2513/2477 4934/4882/4707 5242/5189/4953
f 4934/4882/4707 2537/2513/2477 2538/2514/2478
f 4935/4883/4708 4934/4882/4707 2538/2514/2478
f 2522/2498/2462 2535/2511/2475 2537/2513/2477
f 2537/2513/2477 2520/2496/2460 2522/2498/2462
f 2520/2496/2460 2537/2513/2477 5247/5194/4958
f 5247/5194/4958 2518/2494/2458 2520/2496/2460
f 2518/2494/2458 5247/5194/4958 2782/2755/2708
f 5246/5193/4957 2782/2755/2708 5247/5194/4958
f 2780/2753/2706 2782/2755/2708 5246/5193/4957
f 5246/5193/4957 5245/5192/4956 2780/2753/2706
f 5245/5192/4956 2781/2754/2707 2780/2753/2706
f 2781/2754/2707 5245/5192/4956 5248/5195/4959
f 5248/5195/4959 5245/5192/4956 5244/5191/4955
f 5244/5191/4955 5249/5196/4960 5248/5195/4959
f 5250/5197/4961 5251/5198/4962 5252/5199/4963
f 5252/5199/4963 5253/5200/4964 5250/5197/4961
f 5253/5200/4964 5252/5199/4963 5254/5201/4965
f 5255/5202/4966 5250/5197/4961 5253/5200/4964
f 5256/5203/4967 5257/5204/4968 5258/5205/4969
f 5256/5203/4967 5259/5206/4970 5257/5204/4968
f 5256/5203/4967 5260/5207/4971 5259/5206/4970
f 5255/5202/4966 5259/5206/4970 5260/5207/4971
f 5250/5197/4961 5255/5202/4966 5260/5207/4971
f 5250/5197/4961 5260/5207/4971 5261/5208/4972
f 5251/5198/4962 5250/5197/4961 5261/5208/4972
f 5251/5198/4962 5261/5208/4972 5262/5209/4973
f 5263/5210/4974 5251/5198/4962 5262/5209/4973
f 5263/5210/4974 5262/5209/4973 5264/5211/4975
f 5265/5212/4976 5257/5204/4968 5259/5206/4970
f 5262/5209/4973 5266/5213/4977 5264/5211/4975
f 5266/5213/4977 5262/5209/4973 5261/5208/4972
f 5267/5214/4978 5266/5213/4977 5261/5208/4972
f 5267/5214/4978 5261/5208/4972 5260/5207/4971
f 5256/5203/4967 5267/5214/4978 5260/5207/4971
f 5267/5214/4978 5256/5203/4967 5258/5205/4969
f 5258/5205/4969 5268/5215/4979 5267/5214/4978
f 5269/5216/4980 5268/5215/4979 5258/5205/4969
f 5257/5204/4968 5269/5216/4980 5258/5205/4969
f 5270/5217/4981 5269/5216/4980 5257/5204/4968
f 5267/5214/4978 5268/5215/4979 5266/5213/4977
f 5257/5204/4968 5265/5212/4976 5270/5217/4981
f 5271/5218/4982 5270/5217/4981 5265/5212/4976
f 5270/5217/4981 5271/5218/4982 5272/5219/4983
f 5273/5220/4984 5272/5219/4983 5271/5218/4982
f 5272/5219/4983 5273/5220/4984 5274/5221/4985
f 5275/5222/4986 5274/5221/4985 5273/5220/4984
f 5274/5221/4985 5275/5222/4986 5276/5223/4987
f 5276/5223/4987 5272/5219/4983 5274/5221/4985
f 5272/5219/4983 5276/5223/4987 5277/5224/4988
f 5277/5224/4988 5270/5217/4981 5272/5219/4983
f 5277/5224/4988 5269/5216/4980 5270/5217/4981
f 5277/5224/4988 5278/5225/4989 5269/5216/4980
f 5278/5225/4989 5277/5224/4988 5276/5223/4987
f 5279/5226/4990 5275/5222/4986 5273/5220/4984
f 5280/5227/4991 5278/5225/4989 5281/5228/4992
f 5282/5229/4993 5281/5228/4992 5278/5225/4989
f 5276/5223/4987 5282/5229/4993 5278/5225/4989
f 5283/5230/4994 5282/5229/4993 5276/5223/4987
f 5275/5222/4986 5283/5230/4994 5276/5223/4987
f 5283/5230/4994 5275/5222/4986 5284/5231/4995
f 5275/5222/4986 5279/5226/4990 5284/5231/4995
f 5279/5226/4990 5285/5232/4996 5284/5231/4995
f 5279/5226/4990 5273/5220/4984 5285/5232/4996
f 5285/5232/4996 5273/5220/4984 5286/5233/4997
f 5287/5234/4998 5288/5235/4999 5289/5236/5000
f 5289/5236/5000 5288/5235/4999 5286/5233/4997
f 5290/5237/5001 5286/5233/4997 5288/5235/4999
f 5286/5233/4997 5290/5237/5001 5285/5232/4996
f 5291/5238/5002 5285/5232/4996 5290/5237/5001
f 5291/5238/5002 5284/5231/4995 5285/5232/4996
f 5291/5238/5002 5292/5239/5003 5284/5231/4995
f 5283/5230/4994 5284/5231/4995 5292/5239/5003
f 5293/5229/5004 5283/5230/4994 5292/5239/5003
f 5294/5240/5005 5293/5229/5004 5292/5239/5003
f 5291/5238/5002 5294/5240/5005 5292/5239/5003
f 5291/5238/5002 5295/5241/5006 5294/5240/5005
f 5295/5241/5006 5291/5238/5002 5290/5237/5001
f 5290/5237/5001 5296/5242/5007 5295/5241/5006
f 5296/5242/5007 5290/5237/5001 5288/5235/4999
f 5288/5235/4999 5297/5243/5008 5296/5242/5007
f 5296/5242/5007 5297/5243/5008 5298/5244/5009
f 5298/5244/5009 5297/5243/5008 5299/5245/5010
f 5298/5244/5009 5299/5245/5010 5300/5246/5011
f 5299/5245/5010 5301/5247/5012 5300/5246/5011
f 5298/5244/5009 5295/5241/5006 5296/5242/5007
f 5302/5248/5013 5303/5249/5014 5304/5250/5015
f 5303/5249/5014 5305/5251/5016 5304/5250/5015
f 5306/5252/5017 5304/5250/5015 5305/5251/5016
f 5305/5251/5016 5301/5247/5012 5306/5252/5017
f 5301/5247/5012 5307/5253/5018 5306/5252/5017
f 5307/5253/5018 5301/5247/5012 5299/5245/5010
f 5307/5253/5018 5299/5245/5010 5308/5254/5019
f 5297/5243/5008 5308/5254/5019 5299/5245/5010
f 5308/5254/5019 5297/5243/5008 5287/5234/4998
f 5288/5235/4999 5287/5234/4998 5297/5243/5008
f 5273/5220/4984 5309/5255/5020 5286/5233/4997
f 5286/5233/4997 5309/5255/5020 5289/5236/5000
f 5310/5256/5021 5289/5236/5000 5309/5255/5020
f 5289/5236/5000 5310/5256/5021 5287/5234/4998
f 5311/5257/5022 5287/5234/4998 5310/5256/5021
f 5287/5234/4998 5311/5257/5022 5308/5254/5019
f 5312/5258/5023 5308/5254/5019 5311/5257/5022
f 5308/5254/5019 5312/5258/5023 5307/5253/5018
f 5313/5259/4964 5307/5253/5018 5312/5258/5023
f 5307/5253/5018 5313/5259/4964 5306/5252/5017
f 5314/5260/4965 5306/5252/5017 5313/5259/4964
f 5315/5261/5024 5306/5252/5017 5314/5260/4965
f 5304/5250/5015 5306/5252/5017 5315/5261/5024
f 5316/5262/5025 5304/5250/5015 5315/5261/5024
f 5304/5250/5015 5316/5262/5025 5302/5248/5013
f 5317/5263/2333 5302/5248/5013 5316/5262/5025
f 5302/5248/5013 5317/5263/2333 5318/5264/5026
f 5318/5264/5026 5319/5265/5027 5302/5248/5013
f 5319/5265/5027 5318/5264/5026 5320/5266/5028
f 5319/5265/5027 5320/5266/5028 5321/5267/5029
f 5321/5267/5029 5320/5266/5028 5322/5268/5030
f 5322/5268/5030 5323/5269/5031 5321/5267/5029
f 5323/5269/5031 5322/5268/5030 5324/5270/2325
f 5316/5262/5025 5325/5271/5032 5317/5263/2333
f 5321/5267/5029 5323/5269/5031 5326/5272/5033
f 5327/5273/5034 5328/5274/5035 5329/5275/2571
f 5328/5274/5035 5327/5273/5034 5330/5276/5036
f 5330/5276/5036 5331/5277/5037 5328/5274/5035
f 5332/5278/5038 5331/5277/5037 5330/5276/5036
f 5331/5277/5037 5332/5278/5038 5326/5272/5033
f 5326/5272/5033 5332/5278/5038 5321/5267/5029
f 5332/5278/5038 5333/5279/5039 5321/5267/5029
f 5333/5279/5039 5319/5265/5027 5321/5267/5029
f 5319/5265/5027 5333/5279/5039 5303/5249/5014
f 5303/5249/5014 5302/5248/5013 5319/5265/5027
f 5333/5279/5039 5332/5278/5038 5334/5280/5040
f 5330/5276/5036 5334/5280/5040 5332/5278/5038
f 5335/5281/5041 5300/5246/5011 5301/5247/5012
f 5305/5251/5016 5335/5281/5041 5301/5247/5012
f 5305/5251/5016 5303/5249/5014 5335/5281/5041
f 5333/5279/5039 5335/5281/5041 5303/5249/5014
f 5335/5281/5041 5333/5279/5039 5336/5282/5042
f 5334/5280/5040 5336/5282/5042 5333/5279/5039
f 5337/5283/5043 5336/5282/5042 5334/5280/5040
f 5330/5276/5036 5337/5283/5043 5334/5280/5040
f 5337/5283/5043 5330/5276/5036 5338/5284/5044
f 5338/5284/5044 5330/5276/5036 5327/5273/5034
f 5339/5285/2569 5338/5284/5044 5327/5273/5034
f 5338/5284/5044 5340/5286/5045 5337/5283/5043
f 5336/5282/5042 5337/5283/5043 5340/5286/5045
f 5340/5286/5045 5341/5287/5046 5336/5282/5042
f 5341/5287/5046 5335/5281/5041 5336/5282/5042
f 5341/5287/5046 5300/5246/5011 5335/5281/5041
f 5300/5246/5011 5341/5287/5046 5342/5288/5047
f 5300/5246/5011 5342/5288/5047 5298/5244/5009
f 5342/5288/5047 5343/5289/5048 5298/5244/5009
f 5295/5241/5006 5298/5244/5009 5343/5289/5048
f 5343/5289/5048 5294/5240/5005 5295/5241/5006
f 5293/5229/5004 5294/5240/5005 5344/5228/5049
f 5294/5240/5005 5345/5290/5050 5344/5228/5049
f 5345/5290/5050 5294/5240/5005 5346/5291/5051
f 5346/5291/5051 5294/5240/5005 5343/5289/5048
f 5343/5289/5048 5347/5292/5052 5346/5291/5051
f 5347/5292/5052 5343/5289/5048 5342/5288/5047
f 5342/5288/5047 5348/5293/5053 5347/5292/5052
f 5342/5288/5047 5341/5287/5046 5348/5293/5053
f 5349/5294/5054 5348/5293/5053 5341/5287/5046
f 5341/5287/5046 5340/5286/5045 5349/5294/5054
f 5350/5295/5055 5351/5296/5056 5352/5297/5057
f 5353/5298/5058 5352/5297/5057 5351/5296/5056
f 5352/5297/5057 5353/5298/5058 5347/5292/5052
f 5353/5298/5058 5346/5291/5051 5347/5292/5052
f 5346/5291/5051 5353/5298/5058 5345/5290/5050
f 5354/5299/5059 5355/5300/5060 5350/5295/5055
f 5354/5299/5059 5350/5295/5055 5352/5297/5057
f 5354/5299/5059 5352/5297/5057 5349/5294/5054
f 5349/5294/5054 5352/5297/5057 5348/5293/5053
f 5352/5297/5057 5347/5292/5052 5348/5293/5053
f 5354/5299/5059 5349/5294/5054 5340/5286/5045
f 5340/5286/5045 5338/5284/5044 5354/5299/5059
f 5355/5300/5060 5354/5299/5059 5338/5284/5044
f 5338/5284/5044 5339/5285/2569 5355/5300/5060
f 5356/5301/5061 5355/5300/5060 5339/5285/2569
f 5357/5302/5062 5355/5300/5060 5358/5303/5063
f 5355/5300/5060 5356/5301/5061 5358/5303/5063
f 5356/5301/5061 5359/5304/5064 5358/5303/5063
f 5359/5304/5064 5356/5301/5061 5360/5305/5065
f 5361/5306/2559 5359/5304/5064 5360/5305/5065
f 5362/5307/5066 5359/5304/5064 5361/5306/2559
f 5362/5307/5066 5263/5210/4974 5359/5304/5064
f 5362/5307/5066 5363/5308/5067 5263/5210/4974
f 5251/5198/4962 5263/5210/4974 5363/5308/5067
f 5364/5309/5068 5251/5198/4962 5363/5308/5067
f 5359/5304/5064 5357/5302/5062 5358/5303/5063
f 5357/5302/5062 5359/5304/5064 5263/5210/4974
f 5365/5310/5069 5366/5311/5070 5367/5312/5071
f 5368/5313/5072 5366/5311/5070 5365/5310/5069
f 5366/5311/5070 5368/5313/5072 5361/5306/2559
f 5368/5313/5072 5362/5307/5066 5361/5306/2559
f 5364/5309/5068 5362/5307/5066 5368/5313/5072
f 5362/5307/5066 5364/5309/5068 5363/5308/5067
f 5368/5313/5072 5369/5314/5073 5364/5309/5068
f 5369/5314/5073 5368/5313/5072 5365/5310/5069
f 5364/5309/5068 5252/5199/4963 5251/5198/4962
f 5252/5199/4963 5364/5309/5068 5369/5314/5073
f 5252/5199/4963 5369/5314/5073 5254/5201/4965
f 5254/5201/4965 5369/5314/5073 5370/5315/5074
f 5369/5314/5073 5365/5310/5069 5370/5315/5074
f 5370/5315/5074 5365/5310/5069 5371/5316/5025
f 5367/5312/5071 5371/5316/5025 5365/5310/5069
f 5371/5316/5025 5367/5312/5071 5372/5317/5075
f 5373/5318/2263 5212/5159/2264 5374/5319/3025
f 5375/5320/1863 4069/4034/3915 4068/4033/3914
f 5375/5320/1863 5376/5321/5076 4069/4034/3915
f 5377/5322/5077 5376/5321/5076 5375/5320/1863
f 5376/5321/5076 5377/5322/5077 5378/5323/5078
f 5379/5324/5079 5378/5323/5078 5377/5322/5077
f 5379/5324/5079 5380/5325/5080 5378/5323/5078
f 5380/5325/5080 5379/5324/5079 5381/5326/3024
f 5374/5319/3025 5380/5325/5080 5381/5326/3024
f 5211/5158/4931 5380/5325/5080 5374/5319/3025
f 5374/5319/3025 5212/5159/2264 5211/5158/4931
f 4067/4032/3913 4051/4016/3898 4061/4026/3908
f 4069/4034/3915 4051/4016/3898 4067/4032/3913
f 4069/4034/3915 4049/4014/3896 4051/4016/3898
f 5376/5321/5076 4049/4014/3896 4069/4034/3915
f 5376/5321/5076 5382/5327/824 4049/4014/3896
f 5376/5321/5076 5378/5323/5078 5382/5327/824
f 5378/5323/5078 5383/5328/5081 5382/5327/824
f 5383/5328/5081 5378/5323/5078 5380/5325/5080
f 5380/5325/5080 5211/5158/4931 5383/5328/5081
f 5211/5158/4931 5384/5329/5082 5383/5328/5081
f 4054/4019/3901 4055/4020/3902 5385/5330/5083
f 4055/4020/3902 5386/5331/5084 5385/5330/5083
f 4055/4020/3902 4057/4022/3904 5386/5331/5084
f 4057/4022/3904 4050/4015/3897 5386/5331/5084
f 5386/5331/5084 4050/4015/3897 5387/5332/5085
f 4050/4015/3897 4049/4014/3896 5387/5332/5085
f 5387/5332/5085 4049/4014/3896 5382/5327/824
f 5388/5333/5086 5387/5332/5085 5382/5327/824
f 5388/5333/5086 5382/5327/824 5383/5328/5081
f 5383/5328/5081 5384/5329/5082 5388/5333/5086
f 5387/5332/5085 5388/5333/5086 5389/5334/5087
f 5387/5332/5085 5389/5334/5087 5386/5331/5084
f 5384/5329/5082 5390/5335/5088 5388/5333/5086
f 5391/5336/5089 5388/5333/5086 5390/5335/5088
f 5391/5336/5089 5389/5334/5087 5388/5333/5086
f 5389/5334/5087 5391/5336/5089 5392/5337/5090
f 5392/5337/5090 5386/5331/5084 5389/5334/5087
f 5386/5331/5084 5392/5337/5090 5393/5338/5091
f 5386/5331/5084 5393/5338/5091 5385/5330/5083
f 5385/5330/5083 5393/5338/5091 5394/5339/5092
f 4054/4019/3901 5385/5330/5083 5394/5339/5092
f 5394/5339/5092 4105/4070/3942 4054/4019/3901
f 5211/5158/4931 5213/5160/4932 5384/5329/5082
f 5213/5160/4932 5390/5335/5088 5384/5329/5082
f 5209/5156/4930 5390/5335/5088 5213/5160/4932
f 5209/5156/4930 5391/5336/5089 5390/5335/5088
f 5209/5156/4930 5172/5120/2158 5391/5336/5089
f 5172/5120/2158 5395/5340/5093 5391/5336/5089
f 5392/5337/5090 5391/5336/5089 5395/5340/5093
f 5395/5340/5093 5393/5338/5091 5392/5337/5090
f 5393/5338/5091 5395/5340/5093 5396/5341/5094
f 5396/5341/5094 5394/5339/5092 5393/5338/5091
f 5394/5339/5092 5396/5341/5094 4105/4070/3942
f 2826/2798/2752 5397/5342/5095 2847/2819/2773
f 5397/5342/5095 2826/2798/2752 4106/4071/3943
f 4106/4071/3943 5398/5343/5096 5397/5342/5095
f 4106/4071/3943 4105/4070/3942 5398/5343/5096
f 4105/4070/3942 5399/5344/5097 5398/5343/5096
f 5396/5341/5094 5399/5344/5097 4105/4070/3942
f 5399/5344/5097 5396/5341/5094 5400/5345/5098
f 5395/5340/5093 5400/5345/5098 5396/5341/5094
f 5400/5345/5098 5395/5340/5093 5174/5122/4900
f 5395/5340/5093 5172/5120/2158 5174/5122/4900
f 2883/2855/2809 5401/5346/5099 2882/2854/2808
f 2846/2818/2772 5401/5346/5099 2883/2855/2809
f 5401/5346/5099 2846/2818/2772 5402/5347/5100
f 5402/5347/5100 2846/2818/2772 2847/2819/2773
f 2847/2819/2773 5397/5342/5095 5402/5347/5100
f 5397/5342/5095 5403/5348/5101 5402/5347/5100
f 5397/5342/5095 5398/5343/5096 5403/5348/5101
f 5399/5344/5097 5403/5348/5101 5398/5343/5096
f 5403/5348/5101 5399/5344/5097 5404/5349/5102
f 5400/5345/5098 5404/5349/5102 5399/5344/5097
f 5405/5350/5103 2882/2854/2808 5406/5351/3282
f 5405/5350/5103 5406/5351/3282 5407/5352/5104
f 5406/5351/3282 5408/5353/5105 5407/5352/5104
f 5407/5352/5104 5408/5353/5105 5409/5354/5106
f 5408/5353/5105 5404/5349/5102 5409/5354/5106
f 5404/5349/5102 5408/5353/5105 5403/5348/5101
f 5408/5353/5105 5406/5351/3282 5403/5348/5101
f 5406/5351/3282 5402/5347/5100 5403/5348/5101
f 5402/5347/5100 5406/5351/3282 2882/2854/2808
f 2882/2854/2808 5401/5346/5099 5402/5347/5100
f 5404/5349/5102 5400/5345/5098 5174/5122/4900
f 5404/5349/5102 5174/5122/4900 5409/5354/5106
f 5174/5122/4900 5173/5121/4899 5409/5354/5106
f 5173/5121/4899 5167/5115/4894 5409/5354/5106
f 5409/5354/5106 5167/5115/4894 5407/5352/5104
f 5167/5115/4894 5166/5114/4893 5407/5352/5104
f 5405/5350/5103 5407/5352/5104 5166/5114/4893
f 5166/5114/4893 5165/5113/4892 5405/5350/5103
f 5165/5113/4892 2882/2854/2808 5405/5350/5103
f 2882/2854/2808 5165/5113/4892 5169/5117/4896
f 5169/5117/4896 2880/2852/2806 2882/2854/2808
f 2880/2852/2806 5169/5117/4896 2876/2848/2802
f 5164/5112/4891 2876/2848/2802 5169/5117/4896
f 2876/2848/2802 5164/5112/4891 2874/2846/2800
f 5164/5112/4891 5162/5110/4889 2874/2846/2800
f 2873/2845/2799 2874/2846/2800 5162/5110/4889
f 5162/5110/4889 5158/5106/4885 2873/2845/2799
f 5158/5106/4885 2870/2842/2796 2873/2845/2799
f 5159/5107/4886 2870/2842/2796 5158/5106/4885
f 5159/5107/4886 2606/2582/2546 2870/2842/2796
f 2870/2842/2796 2606/2582/2546 2869/2841/2795
f 2606/2582/2546 2868/2840/2794 2869/2841/2795
f 2593/2569/2533 2868/2840/2794 2606/2582/2546
f 5410/5355/5107 5411/5356/5108 5412/4086/5109
f 5411/5356/5108 5413/4087/5110 5412/4086/5109
f 5411/5356/5108 5414/5357/5111 5413/4087/5110
f 5413/4087/5110 5414/5357/5111 5415/5358/5112
f 5416/4088/5113 5413/4087/5110 5415/5358/5112
f 5417/2430/5114 5416/4088/5113 5415/5358/5112
f 5416/4088/5113 5417/2430/5114 5418/2429/5115
f 5419/5359/5116 2637/2613/2572 2636/2612/2571
f 2637/2613/2572 5419/5359/5116 5420/5360/5117
f 5420/5360/5117 5419/5359/5116 5421/5361/5037
f 2363/2339/2315 5420/5360/5117 5421/5361/5037
f 5421/5361/5037 5422/5362/5118 2363/2339/2315
f 5423/5363/5119 2363/2339/2315 5422/5362/5118
f 2361/2337/2313 2363/2339/2315 5423/5363/5119
f 2376/2352/2325 2361/2337/2313 5423/5363/5119
f 2376/2352/2325 2364/2340/2316 2361/2337/2313
f 2364/2340/2316 2376/2352/2325 2366/2342/2318
f 2362/2338/2314 5420/5360/5117 2363/2339/2315
f 5420/5360/5117 2362/2338/2314 5424/5364/5120
f 5424/5364/5120 5425/5365/5121 5420/5360/5117
f 5425/5365/5121 2637/2613/2572 5420/5360/5117
f 2637/2613/2572 5425/5365/5121 2638/2614/2573
f 2639/2615/2574 2638/2614/2573 5425/5365/5121
f 5425/5365/5121 5424/5364/5120 2639/2615/2574
f 5424/5364/5120 2647/2623/2582 2639/2615/2574
f 2647/2623/2582 5424/5364/5120 2362/2338/2314
f 2648/2624/2583 2647/2623/2582 2362/2338/2314
f 2648/2624/2583 2362/2338/2314 2354/2330/2306
f 3132/3102/3028 2648/2624/2583 2354/2330/2306
f 3132/3102/3028 2354/2330/2306 2350/2326/2302
f 3132/3102/3028 2350/2326/2302 2349/2325/2301
f 2625/2601/2560 5426/5366/5122 2622/2598/2557
f 5426/5366/5122 2625/2601/2560 2627/2603/2562
f 5427/5367/5123 5426/5366/5122 2627/2603/2562
f 2598/2574/2538 5427/5367/5123 2627/2603/2562
f 5427/5367/5123 2598/2574/2538 5428/5368/5124
f 2597/2573/2537 5428/5368/5124 2598/2574/2538
f 2597/2573/2537 2600/2576/2540 5428/5368/5124
f 5429/5369/5125 5428/5368/5124 2600/2576/2540
f 2600/2576/2540 2601/2577/2541 5429/5369/5125
f 5426/5366/5122 5429/5369/5125 2601/2577/2541
f 2601/2577/2541 2605/2581/2545 5426/5366/5122
f 5426/5366/5122 2605/2581/2545 2622/2598/2557
f 2605/2581/2545 2613/2589/2551 2622/2598/2557
f 5426/5366/5122 5427/5367/5123 5429/5369/5125
f 5428/5368/5124 5429/5369/5125 5427/5367/5123
f 5430/5356/5126 5431/5370/5127 5432/5357/5128
f 5432/5357/5128 5431/5370/5127 5433/5358/5129
f 5431/5370/5127 5434/5371/5130 5433/5358/5129
f 5435/5372/5131 5433/5358/5129 5434/5371/5130
f 5433/5358/5129 5435/5372/5131 5436/2430/5132
f 5437/5355/5133 5438/5373/2675 5430/5356/5126
f 5438/5373/2675 5431/5370/5127 5430/5356/5126
f 5439/5374/1939 5431/5370/5127 5438/5373/2675
f 5431/5370/5127 5439/5374/1939 5434/5371/5130
f 5439/5374/1939 5440/5375/5134 5434/5371/5130
f 5440/5375/5134 5435/5372/5131 5434/5371/5130
f 5441/5376/5135 5435/5372/5131 5440/5375/5134
f 5441/5376/5135 5442/5377/1932 5435/5372/5131
f 5442/5377/1932 5436/2430/5132 5435/5372/5131
f 5436/2430/5132 5442/5377/1932 5443/5378/5136
f 5444/2428/5137 5436/2430/5132 5443/5378/5136
f 5445/4089/5138 5444/2428/5137 5443/5378/5136
f 5445/4089/5138 5443/5378/5136 5446/5379/5139
f 5446/5379/5139 4108/4073/3945 5445/4089/5138
f 4108/4073/3945 5446/5379/5139 5447/5380/5140
f 4111/4076/3948 4108/4073/3945 5447/5380/5140
f 5447/5380/5140 5448/5381/5141 4111/4076/3948
f 5448/5381/5141 4102/4067/3939 4111/4076/3948
f 5448/5381/5141 4098/4063/3937 4102/4067/3939
f 4097/4062/3895 4098/4063/3937 5448/5381/5141
f 5449/5382/5142 5443/5378/5136 5442/5377/1932
f 5443/5378/5136 5449/5382/5142 5446/5379/5139
f 5446/5379/5139 5449/5382/5142 5447/5380/5140
f 5447/5380/5140 5449/5382/5142 5450/5383/5143
f 5451/5384/1934 5447/5380/5140 5450/5383/5143
f 5447/5380/5140 5451/5384/1934 5448/5381/5141
f 5451/5384/1934 4097/4062/3895 5448/5381/5141
f 5452/5385/5144 4835/4792/4610 4837/4794/4612
f 5453/5386/5145 5452/5385/5144 4837/4794/4612
f 4837/4794/4612 5454/5387/5146 5453/5386/5145
f 5455/5388/5147 5453/5386/5145 5454/5387/5146
f 5454/5387/5146 5456/5389/5148 5455/5388/5147
f 5456/5389/5148 5457/5390/5149 5455/5388/5147
f 5457/5390/5149 5456/5389/5148 5458/5391/5150
f 5459/5392/5151 5457/5390/5149 5458/5391/5150
f 5458/5391/5150 5460/5393/5152 5459/5392/5151
f 5461/5394/5153 5459/5392/5151 5460/5393/5152
f 5460/5393/5152 4870/4827/4645 5461/5394/5153
f 5462/5395/5154 5461/5394/5153 4870/4827/4645
f 4870/4827/4645 4871/4828/4646 5462/5395/5154
f 5461/5394/5153 5462/5395/5154 5463/5396/5155
f 5463/5396/5155 5464/5397/5156 5461/5394/5153
f 5459/5392/5151 5461/5394/5153 5464/5397/5156
f 5464/5397/5156 5465/5398/5157 5459/5392/5151
f 5457/5390/5149 5459/5392/5151 5465/5398/5157
f 5465/5398/5157 5466/5399/5158 5457/5390/5149
f 5466/5399/5158 5455/5388/5147 5457/5390/5149
f 5467/5400/2300 5455/5388/5147 5466/5399/5158
f 5455/5388/5147 5467/5400/2300 5468/5401/5159
f 5453/5386/5145 5455/5388/5147 5468/5401/5159
f 5463/5396/5155 5469/5402/5160 5464/5397/5156
f 5464/5397/5156 5469/5402/5160 5470/5403/5161
f 5465/5398/5157 5464/5397/5156 5470/5403/5161
f 5471/5404/2294 5465/5398/5157 5470/5403/5161
f 5467/5400/2300 5465/5398/5157 5471/5404/2294
f 5465/5398/5157 5467/5400/2300 5466/5399/5158
f 5470/5403/5161 5469/5402/5160 5472/5405/2285
f 5472/5405/2285 5473/5406/5162 5470/5403/5161
f 5470/5403/5161 5473/5406/5162 5471/5404/2294
f 5473/5406/5162 5472/5405/2285 5474/5407/5163
f 5475/5408/4191 5476/5409/4190 5477/5410/5164
f 4233/4196/4062 1842/1821/1822 1844/1823/1824
f 5478/5411/5165 4233/4196/4062 1844/1823/1824
f 1844/1823/1824 1849/1828/1829 5478/5411/5165
f 5478/5411/5165 1849/1828/1829 5476/5409/4190
f 5476/5409/4190 1849/1828/1829 1848/1827/1828
f 5476/5409/4190 1848/1827/1828 5477/5410/5164
f 1848/1827/1828 1850/1829/1830 5477/5410/5164
f 1850/1829/1830 1856/1835/333 5477/5410/5164
f 5477/5410/5164 1856/1835/333 5475/5408/4191
f 1856/1835/333 1858/1837/1837 5475/5408/4191
f 1858/1837/1837 5479/5412/5166 5475/5408/4191
f 5479/5412/5166 1858/1837/1837 5480/5413/5167
f 1858/1837/1837 5481/5414/5168 5480/5413/5167
f 5480/5413/5167 5481/5414/5168 5482/5415/4194
f 1858/1837/1837 1859/1838/1838 5481/5414/5168
f 1869/1848/1848 5481/5414/5168 1859/1838/1838
f 5482/5415/4194 5481/5414/5168 1869/1848/1848
f 1868/1847/1847 5482/5415/4194 1869/1848/1848
f 5482/5415/4194 1868/1847/1847 5483/5416/2646
f 5484/5417/5169 5485/5418/4197 5486/5419/5170
f 4231/4194/4060 5486/5419/5170 4229/4192/4058
f 5486/5419/5170 4231/4194/4060 5484/5417/5169
f 4233/4196/4062 5484/5417/5169 4231/4194/4060
f 5484/5417/5169 4233/4196/4062 5478/5411/5165
f 5485/5418/4197 5484/5417/5169 5478/5411/5165
f 5476/5409/4190 5485/5418/4197 5478/5411/5165
f 5487/5420/5171 5488/5421/5172 62/62/66
f 62/62/66 64/64/68 5487/5420/5171
f 5487/5420/5171 64/64/68 66/66/70
f 5487/5420/5171 66/66/70 74/74/78
f 74/74/78 5489/5422/5173 5487/5420/5171
f 5489/5422/5173 74/74/78 76/76/80
f 5490/5423/5174 5489/5422/5173 76/76/80
f 5490/5423/5174 76/76/80 78/78/82
f 78/78/82 80/80/84 5490/5423/5174
f 80/80/84 5491/5424/5175 5490/5423/5174
f 5491/5424/5175 80/80/84 5492/5425/5176
f 23/23/27 5492/5425/5176 80/80/84
f 5488/5421/5172 5487/5420/5171 5489/5422/5173
f 5493/5426/5177 5488/5421/5172 5489/5422/5173
f 5490/5423/5174 5493/5426/5177 5489/5422/5173
f 5493/5426/5177 5490/5423/5174 5491/5424/5175
f 25/25/29 32/32/36 23/23/27
f 5492/5425/5176 23/23/27 32/32/36
f 5492/5425/5176 32/32/36 35/35/39
f 37/37/41 5492/5425/5176 35/35/39
f 5492/5425/5176 37/37/41 5491/5424/5175
f 39/39/43 5491/5424/5175 37/37/41
f 5491/5424/5175 39/39/43 5493/5426/5177
f 59/59/63 5493/5426/5177 39/39/43
f 5493/5426/5177 59/59/63 5488/5421/5172
f 5488/5421/5172 59/59/63 62/62/66
f 4837/4794/4612 4836/4793/4611 4838/4795/4613
f 5454/5387/5146 4837/4794/4612 4838/4795/4613
f 4838/4795/4613 4858/4815/4633 5454/5387/5146
f 5456/5389/5148 5454/5387/5146 4858/4815/4633
f 4858/4815/4633 4857/4814/4632 5456/5389/5148
f 4857/4814/4632 5458/5391/5150 5456/5389/5148
f 5458/5391/5150 4857/4814/4632 4867/4824/4642
f 5460/5393/5152 5458/5391/5150 4867/4824/4642
f 4867/4824/4642 4868/4825/4643 5460/5393/5152
f 4870/4827/4645 5460/5393/5152 4868/4825/4643
f 5494/19/5178 5495/4/5179 5496/18/5180
f 5497/5427/5181 5496/18/5180 5495/4/5179
f 5495/4/5179 5498/6/5182 5497/5427/5181
f 27/27/5183 5497/5427/5181 5498/6/5182
f 5499/5428/5184 5500/5429/5185 5501/5430/5186
f 5501/5430/5186 5502/5431/5187 5499/5428/5184
f 5502/5431/5187 5501/5430/5186 5503/5432/5188
f 5503/5432/5188 5504/5433/5189 5502/5431/5187
f 5505/5434/5190 5506/5435/5191 5507/5436/5192
f 5507/5436/5192 5500/5429/5185 5505/5434/5190
f 5508/5437/5193 5505/5434/5190 5500/5429/5185
f 5500/5429/5185 5499/5428/5184 5508/5437/5193
f 5509/5438/5194 5508/5437/5193 5499/5428/5184
f 5499/5428/5184 5510/5439/5195 5509/5438/5194
f 5511/5440/5196 5509/5438/5194 5510/5439/5195
f 5510/5439/5195 5512/5441/5197 5511/5440/5196
f 5513/5442/5198 5511/5440/5196 5512/5441/5197
f 5513/5442/5198 5512/5441/5197 5514/5443/5199
f 5515/5444/5200 5511/5440/5196 5513/5442/5198
f 5516/5445/5201 5517/5446/2403 5518/5447/5202
f 5516/5445/5201 5518/5447/5202 5519/5448/5203
f 5520/5449/5204 5516/5445/5201 5519/5448/5203
f 5516/5445/5201 5520/5449/5204 5521/5450/5205
f 5521/5450/5205 5520/5449/5204 5505/5434/5190
f 5521/5450/5205 5505/5434/5190 5508/5437/5193
f 5521/5450/5205 5508/5437/5193 5509/5438/5194
f 5511/5440/5196 5521/5450/5205 5509/5438/5194
f 5516/5445/5201 5521/5450/5205 5511/5440/5196
f 5511/5440/5196 5515/5444/5200 5516/5445/5201
f 5522/5451/5206 5516/5445/5201 5515/5444/5200
f 5516/5445/5201 5522/5451/5206 5523/5452/5207
f 5516/5445/5201 5523/5452/5207 5517/5446/2403
f 5524/5453/5208 5513/5442/5198 5514/5443/5199
f 5513/5442/5198 5524/5453/5208 5515/5444/5200
f 5525/5454/5209 5515/5444/5200 5524/5453/5208
f 5515/5444/5200 5525/5454/5209 5522/5451/5206
f 5526/5455/5210 5522/5451/5206 5525/5454/5209
f 5522/5451/5206 5526/5455/5210 5527/5456/5211
f 5527/5456/5211 5523/5452/5207 5522/5451/5206
f 5528/5457/5212 5523/5452/5207 5527/5456/5211
f 5528/5457/5212 5529/5458/5213 5523/5452/5207
f 5530/5459/5214 5523/5452/5207 5529/5458/5213
f 5527/5456/5211 5531/5460/5215 5528/5457/5212
f 5526/5455/5210 5525/5454/5209 5532/5461/5216
f 5525/5454/5209 5524/5453/5208 5533/5462/5217
f 5523/5452/5207 5530/5459/5214 5517/5446/2403
f 5530/5459/5214 5534/5463/5218 5517/5446/2403
f 5517/5446/2403 5534/5463/5218 5518/5447/5202
f 5534/5463/5218 5535/5464/5219 5518/5447/5202
f 5518/5447/5202 5535/5464/5219 5519/5448/5203
f 5519/5448/5203 5535/5464/5219 5536/5465/5220
f 5519/5448/5203 5536/5465/5220 5520/5449/5204
f 5537/5466/5221 5520/5449/5204 5536/5465/5220
f 5520/5449/5204 5537/5466/5221 5505/5434/5190
f 5537/5466/5221 5506/5435/5191 5505/5434/5190
f 5537/5466/5221 5538/5467/5222 5506/5435/5191
f 5537/5466/5221 5539/5468/5223 5538/5467/5222
f 5536/5465/5220 5539/5468/5223 5537/5466/5221
f 5539/5468/5223 5536/5465/5220 5540/5469/5224
f 5535/5464/5219 5540/5469/5224 5536/5465/5220
f 5540/5469/5224 5535/5464/5219 5541/5470/5225
f 5534/5463/5218 5541/5470/5225 5535/5464/5219
f 5540/5469/5224 5542/5471/5226 5539/5468/5223
f 5543/5472/5227 5544/5473/5228 5545/5474/5229
f 5545/5474/5229 5542/5471/5226 5543/5472/5227
f 5542/5471/5226 5545/5474/5229 5546/5475/5230
f 5546/5475/5230 5539/5468/5223 5542/5471/5226
f 5547/5476/5231 5539/5468/5223 5546/5475/5230
f 5539/5468/5223 5547/5476/5231 5538/5467/5222
f 5548/5477/5232 5538/5467/5222 5547/5476/5231
f 5538/5467/5222 5548/5477/5232 5549/5478/5233
f 5549/5478/5233 5506/5435/5191 5538/5467/5222
f 5506/5435/5191 5549/5478/5233 5507/5436/5192
f 5550/5479/5234 5551/5480/5235 5552/5481/5236
f 5553/5482/5237 5552/5481/5236 5551/5480/5235
f 5551/5480/5235 5554/5483/5238 5553/5482/5237
f 5555/5484/5239 5553/5482/5237 5554/5483/5238
f 5554/5483/5238 5556/5485/5240 5555/5484/5239
f 5557/5486/5241 5555/5484/5239 5556/5485/5240
f 5556/5485/5240 5547/5476/5231 5557/5486/5241
f 5546/5475/5230 5557/5486/5241 5547/5476/5231
f 5557/5486/5241 5546/5475/5230 5545/5474/5229
f 5545/5474/5229 5544/5473/5228 5557/5486/5241
f 5551/5480/5235 5550/5479/5234 5558/5487/5242
f 5558/5487/5242 5554/5483/5238 5551/5480/5235
f 5554/5483/5238 5558/5487/5242 5559/5488/5243
f 5559/5488/5243 5556/5485/5240 5554/5483/5238
f 5556/5485/5240 5559/5488/5243 5560/5489/5244
f 5560/5489/5244 5548/5477/5232 5556/5485/5240
f 5547/5476/5231 5556/5485/5240 5548/5477/5232
f 5555/5484/5239 5557/5486/5241 5544/5473/5228
f 5544/5473/5228 5553/5482/5237 5555/5484/5239
f 5544/5473/5228 5561/5490/5245 5553/5482/5237
f 5561/5490/5245 5562/5491/5246 5553/5482/5237
f 5561/5490/5245 5563/5492/5247 5562/5491/5246
f 5563/5492/5247 5564/5493/5248 5562/5491/5246
f 5564/5493/5248 5563/5492/5247 5565/5494/5249
f 5565/5494/5249 5566/5495/5250 5564/5493/5248
f 5566/5495/5250 5565/5494/5249 5567/5496/5251
f 5567/5496/5251 5568/5497/5252 5566/5495/5250
f 5552/5481/5236 5553/5482/5237 5562/5491/5246
f 5562/5491/5246 5564/5493/5248 5552/5481/5236
f 5569/5498/5253 5552/5481/5236 5564/5493/5248
f 5564/5493/5248 5566/5495/5250 5569/5498/5253
f 5570/5499/5254 5569/5498/5253 5566/5495/5250
f 5566/5495/5250 5571/5500/5255 5570/5499/5254
f 5571/5500/5255 5566/5495/5250 5568/5497/5252
f 5568/5497/5252 5572/5501/5256 5571/5500/5255
f 5572/5501/5256 5568/5497/5252 5573/5502/5257
f 5573/5502/5257 5574/5503/5258 5572/5501/5256
f 5573/5502/5257 5575/5504/5259 5574/5503/5258
f 5576/5505/5260 5572/5501/5256 5574/5503/5258
f 5572/5501/5256 5576/5505/5260 5577/5506/5261
f 5577/5506/5261 5571/5500/5255 5572/5501/5256
f 5571/5500/5255 5577/5506/5261 5578/5507/5262
f 5578/5507/5262 5570/5499/5254 5571/5500/5255
f 5579/5508/5263 5577/5506/5261 5576/5505/5260
f 5577/5506/5261 5579/5508/5263 5580/5509/5264
f 5580/5509/5264 5578/5507/5262 5577/5506/5261
f 5578/5507/5262 5580/5509/5264 5581/5510/5265
f 5581/5510/5265 5582/5511/5266 5578/5507/5262
f 5570/5499/5254 5578/5507/5262 5582/5511/5266
f 5582/5511/5266 5583/5512/5267 5570/5499/5254
f 5569/5498/5253 5570/5499/5254 5583/5512/5267
f 5583/5512/5267 5550/5479/5234 5569/5498/5253
f 5552/5481/5236 5569/5498/5253 5550/5479/5234
f 5584/5513/5268 5585/5514/5269 5586/5515/5270
f 5586/5515/5270 5579/5508/5263 5584/5513/5268
f 5579/5508/5263 5586/5515/5270 5587/5516/5271
f 5587/5516/5271 5580/5509/5264 5579/5508/5263
f 5588/5517/5272 5589/5518/5273 5590/5519/5274
f 5589/5518/5273 5588/5517/5272 5591/5520/5275
f 5592/5521/5276 5591/5520/5275 5588/5517/5272
f 5591/5520/5275 5592/5521/5276 5575/5504/5259
f 5592/5521/5276 5593/5522/5277 5575/5504/5259
f 5575/5504/5259 5593/5522/5277 5574/5503/5258
f 5594/5523/5278 5574/5503/5258 5593/5522/5277
f 5574/5503/5258 5594/5523/5278 5576/5505/5260
f 5595/5524/5268 5576/5505/5260 5594/5523/5278
f 5576/5505/5260 5595/5524/5268 5579/5508/5263
f 5592/5521/5276 5596/5525/5279 5593/5522/5277
f 5593/5522/5277 5596/5525/5279 5597/5526/5280
f 5593/5522/5277 5597/5526/5280 5594/5523/5278
f 5598/5527/5281 5594/5523/5278 5597/5526/5280
f 5598/5527/5281 5597/5526/5280 5599/5528/5282
f 5597/5526/5280 5596/5525/5279 5600/5529/5282
f 5594/5523/5278 5601/5530/5283 5595/5524/5268
f 5601/5530/5283 5594/5523/5278 5602/5531/5284
f 5601/5530/5283 5602/5531/5284 5603/5532/5282
f 5604/5533/5285 5588/5517/5272 5590/5519/5274
f 5605/5534/5286 5606/5535/5287 5607/5536/5288
f 5605/5534/5286 5588/5517/5272 5606/5535/5287
f 5588/5517/5272 5605/5534/5286 5592/5521/5276
f 5608/2944/5289 5609/5537/5290 5610/5538/5291
f 5609/5537/5290 5611/5539/5292 5610/5538/5291
f 5612/5540/5293 5611/5539/5292 5609/5537/5290
f 5611/5539/5292 5612/5540/5293 5613/5541/336
f 5613/5541/336 5612/5540/5293 5614/5542/5294
f 5613/5541/336 5614/5542/5294 5615/5543/5295
f 5614/5542/5294 5616/5544/5296 5615/5543/5295
f 2971/2943/2895 5608/2944/5289 2970/2942/2894
f 5609/5537/5290 5608/2944/5289 2971/2943/2895
f 2971/2943/2895 2928/2900/2853 5609/5537/5290
f 2928/2900/2853 5612/5540/5293 5609/5537/5290
f 5612/5540/5293 2928/2900/2853 2929/2901/2854
f 5612/5540/5293 2929/2901/2854 5614/5542/5294
f 5614/5542/5294 2929/2901/2854 2930/2902/2855
f 2930/2902/2855 2931/2903/2856 5614/5542/5294
f 5616/5544/5296 5614/5542/5294 2931/2903/2856
f 5616/5544/5296 2931/2903/2856 2936/2908/2861
f 5617/5545/5297 5618/5546/5298 4495/4458/4290
f 5618/5546/5298 5617/5545/5297 5619/5547/5299
f 5620/5548/5300 5618/5546/5298 5619/5547/5299
f 5621/5549/5301 5620/5548/5300 5619/5547/5299
f 5619/5547/5299 5622/5550/5302 5621/5549/5301
f 5621/5549/5301 5622/5550/5302 5623/5551/5303
f 5622/5550/5302 5624/5552/5304 5623/5551/5303
f 5623/5551/5303 5624/5552/5304 5625/5553/5305
f 5626/5554/5306 5625/5553/5305 5624/5552/5304
f 5624/5552/5304 3356/3324/3247 5626/5554/5306
f 3360/3327/3251 5626/5554/5306 3356/3324/3247
f 5627/5555/5307 5619/5547/5299 5617/5545/5297
f 5619/5547/5299 5627/5555/5307 5622/5550/5302
f 5624/5552/5304 5622/5550/5302 5627/5555/5307
f 5628/5556/5308 5624/5552/5304 5627/5555/5307
f 5628/5556/5308 5629/5557/5309 5624/5552/5304
f 3356/3324/3247 5624/5552/5304 5629/5557/5309
f 4499/4462/4294 4495/4458/4290 4494/4457/4289
f 4495/4458/4290 4499/4462/4294 5617/5545/5297
f 4496/4459/4291 5617/5545/5297 4499/4462/4294
f 5617/5545/5297 4496/4459/4291 5627/5555/5307
f 4498/4461/4293 5627/5555/5307 4496/4459/4291
f 4498/4461/4293 5628/5556/5308 5627/5555/5307
f 5628/5556/5308 4498/4461/4293 4504/4467/4299
f 5629/5557/5309 5628/5556/5308 4504/4467/4299
f 4504/4467/4299 3357/3325/3248 5629/5557/5309
f 3357/3325/3248 3356/3324/3247 5629/5557/5309
f 4486/4449/4283 4481/4444/4278 4483/4446/4280
f 4493/4456/4288 4486/4449/4283 4483/4446/4280
f 4485/4448/4282 4486/4449/4283 4493/4456/4288
f 4493/4456/4288 4495/4458/4290 4485/4448/4282
f 4478/4441/4275 4485/4448/4282 4495/4458/4290
f 5618/5546/5298 4478/4441/4275 4495/4458/4290
f 5618/5546/5298 4477/4440/4274 4478/4441/4275
f 4477/4440/4274 5618/5546/5298 4476/4439/4273
f 5618/5546/5298 5620/5548/5300 4476/4439/4273
f 5630/5558/5310 4476/4439/4273 5620/5548/5300
f 3426/3392/3317 3425/3391/3316 3438/3404/3329
f 3438/3404/3329 3442/3408/3333 3426/3392/3317
f 3442/3408/3333 5631/5559/5311 3426/3392/3317
f 5631/5559/5311 3442/3408/3333 3439/3405/3330
f 3439/3405/3330 5632/5560/5312 5631/5559/5311
f 3439/3405/3330 3441/3407/3332 5632/5560/5312
f 5632/5560/5312 3441/3407/3332 5630/5558/5310
f 4475/4438/4272 5630/5558/5310 3441/3407/3332
f 5630/5558/5310 4475/4438/4272 4476/4439/4273
f 4473/4436/4270 4476/4439/4273 4475/4438/4272
f 5633/5561/5313 3363/3330/3254 3364/3331/3255
f 3364/3331/3255 3370/3337/3261 5633/5561/5313
f 5634/5562/5314 5633/5561/5313 3370/3337/3261
f 3369/3336/3260 5634/5562/5314 3370/3337/3261
f 5634/5562/5314 3369/3336/3260 5635/5563/5315
f 3368/3335/3259 5635/5563/5315 3369/3336/3260
f 5631/5559/5311 5635/5563/5315 3368/3335/3259
f 3393/3360/3284 5631/5559/5311 3368/3335/3259
f 3426/3392/3317 5631/5559/5311 3393/3360/3284
f 3393/3360/3284 3394/3361/3285 3426/3392/3317
f 3361/3328/3252 3362/3329/3253 5636/5564/5316
f 3362/3329/3253 3363/3330/3254 5636/5564/5316
f 5636/5564/5316 3363/3330/3254 5637/5565/5317
f 5633/5561/5313 5637/5565/5317 3363/3330/3254
f 5637/5565/5317 5633/5561/5313 5638/5566/5318
f 5633/5561/5313 5634/5562/5314 5638/5566/5318
f 5639/5567/5319 5638/5566/5318 5634/5562/5314
f 5635/5563/5315 5639/5567/5319 5634/5562/5314
f 5635/5563/5315 5640/5568/5320 5639/5567/5319
f 5630/5558/5310 5640/5568/5320 5635/5563/5315
f 5632/5560/5312 5630/5558/5310 5635/5563/5315
f 5632/5560/5312 5635/5563/5315 5631/5559/5311
f 5640/5568/5320 5641/5569/5321 5639/5567/5319
f 5638/5566/5318 5639/5567/5319 5641/5569/5321
f 5637/5565/5317 5638/5566/5318 5641/5569/5321
f 5620/5548/5300 5621/5549/5301 5630/5558/5310
f 5640/5568/5320 5630/5558/5310 5621/5549/5301
f 5621/5549/5301 5623/5551/5303 5640/5568/5320
f 5641/5569/5321 5640/5568/5320 5623/5551/5303
f 5625/5553/5305 5641/5569/5321 5623/5551/5303
f 5641/5569/5321 5625/5553/5305 5637/5565/5317
f 5625/5553/5305 5626/5554/5306 5637/5565/5317
f 5636/5564/5316 5637/5565/5317 5626/5554/5306
f 5626/5554/5306 3360/3327/3251 5636/5564/5316
f 3360/3327/3251 3361/3328/3252 5636/5564/5316
f 5642/5570/5322 4638/4598/4427 4641/4601/4430
f 5642/5570/5322 4641/4601/4430 5643/5571/5323
f 5644/5572/5324 5642/5570/5322 5643/5571/5323
f 5642/5570/5322 5644/5572/5324 5645/5573/5325
f 5645/5573/5325 5644/5572/5324 4605/4565/4395
f 4605/4565/4395 5646/5574/5326 5645/5573/5325
f 5646/5574/5326 4605/4565/4395 4604/4564/4394
f 4604/4564/4394 4640/4600/4429 5646/5574/5326
f 4640/4600/4429 5645/5573/5325 5646/5574/5326
f 5645/5573/5325 4640/4600/4429 4639/4599/4428
f 5645/5573/5325 4639/4599/4428 5642/5570/5322
f 4639/4599/4428 4638/4598/4427 5642/5570/5322
f 4606/4566/4396 4605/4565/4395 5644/5572/5324
f 5644/5572/5324 5647/5575/5327 4606/4566/4396
f 5647/5575/5327 5644/5572/5324 5643/5571/5323
f 5647/5575/5327 5643/5571/5323 5648/5576/5328
f 5643/5571/5323 5649/5577/5329 5648/5576/5328
f 5649/5577/5329 5643/5571/5323 5650/5578/5330
f 5643/5571/5323 5651/5579/5331 5650/5578/5330
f 5651/5579/5331 5643/5571/5323 5652/5580/5332
f 5643/5571/5323 4641/4601/4430 5652/5580/5332
f 4641/4601/4430 4642/4602/4431 5652/5580/5332
f 3469/3435/3360 3465/3431/3356 3475/3441/3365
f 3469/3435/3360 3475/3441/3365 5653/5581/5333
f 5653/5581/5333 3462/3428/3353 3469/3435/3360
f 3462/3428/3353 5653/5581/5333 5654/5582/3182
f 5654/5582/3182 4466/4429/4263 3462/3428/3353
f 3462/3428/3353 4466/4429/4263 3463/3429/3354
f 3463/3429/3354 4466/4429/4263 4465/4428/4262
f 4465/4428/4262 4474/4437/4271 3463/3429/3354
f 4474/4437/4271 3458/3424/3349 3463/3429/3354
f 3458/3424/3349 4474/4437/4271 3440/3406/3331
f 5655/5583/5334 5656/5584/5271 5657/5585/5270
f 5657/5585/5270 5658/5586/5335 5655/5583/5334
f 5659/5587/5336 5655/5583/5334 5658/5586/5335
f 5659/5587/5336 5658/5586/5335 5660/5588/5288
f 5661/5589/5337 5656/5584/5271 5662/5590/5338
f 5656/5584/5271 5663/5591/5339 5662/5590/5338
f 5656/5584/5271 5655/5583/5334 5663/5591/5339
f 5663/5591/5339 5655/5583/5334 5664/5592/5340
f 5664/5592/5340 5655/5583/5334 5665/5593/5341
f 5664/5592/5340 5665/5593/5341 5666/5594/5342
f 5667/5595/5343 5668/5596/5344 5669/5597/5345
f 5669/5597/5345 5670/5598/5346 5667/5595/5343
f 5669/5597/5345 5671/5599/5347 5670/5598/5346
f 5671/5599/5347 5672/5600/5348 5670/5598/5346
f 5671/5599/5347 5662/5590/5338 5672/5600/5348
f 5662/5590/5338 5663/5591/5339 5672/5600/5348
f 5672/5600/5348 5663/5591/5339 5664/5592/5340
f 5672/5600/5348 5664/5592/5340 5673/5601/5349
f 5666/5594/5342 5673/5601/5349 5664/5592/5340
f 5673/5601/5349 5666/5594/5342 5674/5602/5350
f 5675/5603/5242 5676/5604/5351 5677/5605/5352
f 5676/5604/5351 5675/5603/5242 5678/5606/5234
f 5678/5606/5234 5668/5596/5344 5676/5604/5351
f 5668/5596/5344 5678/5606/5234 5679/5607/5353
f 5679/5607/5353 5669/5597/5345 5668/5596/5344
f 5669/5597/5345 5679/5607/5353 5680/5608/5266
f 5680/5608/5266 5671/5599/5347 5669/5597/5345
f 5671/5599/5347 5680/5608/5266 5681/5609/5354
f 5681/5609/5354 5661/5589/5337 5671/5599/5347
f 5661/5589/5337 5662/5590/5338 5671/5599/5347
f 5682/5610/5355 5683/5611/5356 5684/5612/5357
f 5685/5613/5358 5684/5612/5357 5683/5611/5356
f 5686/5614/5359 5685/5613/5358 5683/5611/5356
f 5686/5614/5359 5687/5615/5360 5685/5613/5358
f 5687/5615/5360 5686/5614/5359 5677/5605/5352
f 5677/5605/5352 5688/5616/5361 5687/5615/5360
f 5688/5616/5361 5677/5605/5352 5676/5604/5351
f 5676/5604/5351 5689/5617/5362 5688/5616/5361
f 5689/5617/5362 5676/5604/5351 5668/5596/5344
f 5668/5596/5344 5667/5595/5343 5689/5617/5362
f 5673/5601/5349 5670/5598/5346 5672/5600/5348
f 5670/5598/5346 5673/5601/5349 5690/5618/5363
f 5690/5618/5363 5667/5595/5343 5670/5598/5346
f 5667/5595/5343 5690/5618/5363 5691/5619/5364
f 5692/5620/5365 5667/5595/5343 5691/5619/5364
f 5689/5617/5362 5667/5595/5343 5692/5620/5365
f 5693/5621/5366 5689/5617/5362 5692/5620/5365
f 5688/5616/5361 5689/5617/5362 5693/5621/5366
f 5687/5615/5360 5688/5616/5361 5693/5621/5366
f 5687/5615/5360 5693/5621/5366 5685/5613/5358
f 5693/5621/5366 5694/5622/5367 5685/5613/5358
f 5695/5623/5368 5685/5613/5358 5694/5622/5367
f 5684/5612/5357 5685/5613/5358 5695/5623/5368
f 5692/5620/5365 5696/5624/5369 5693/5621/5366
f 5694/5622/5367 5693/5621/5366 5696/5624/5369
f 5674/5602/5350 5690/5618/5363 5673/5601/5349
f 5690/5618/5363 5674/5602/5350 5697/5625/5370
f 5691/5619/5364 5690/5618/5363 5697/5625/5370
f 5691/5619/5364 5697/5625/5370 5698/5626/5371
f 5692/5620/5365 5691/5619/5364 5698/5626/5371
f 5692/5620/5365 5698/5626/5371 5699/5627/5372
f 5699/5627/5372 5696/5624/5369 5692/5620/5365
f 5696/5624/5369 5699/5627/5372 5700/5628/5373
f 5700/5628/5373 5694/5622/5367 5696/5624/5369
f 5694/5622/5367 5700/5628/5373 5701/5629/5374
f 5698/5626/5371 5702/5630/5375 5703/5631/5376
f 5703/5631/5376 5699/5627/5372 5698/5626/5371
f 5699/5627/5372 5703/5631/5376 5704/5632/5377
f 5704/5632/5377 5700/5628/5373 5699/5627/5372
f 5700/5628/5373 5704/5632/5377 5705/5633/5378
f 5701/5629/5374 5700/5628/5373 5705/5633/5378
f 5701/5629/5374 5705/5633/5378 5706/5634/5379
f 5707/5635/5380 5701/5629/5374 5706/5634/5379
f 5707/5635/5380 5706/5634/5379 5544/5473/5228
f 5544/5473/5228 5543/5472/5227 5707/5635/5380
f 5544/5473/5228 5706/5634/5379 5561/5490/5245
f 5706/5634/5379 5563/5492/5247 5561/5490/5245
f 5706/5634/5379 5705/5633/5378 5563/5492/5247
f 5705/5633/5378 5704/5632/5377 5563/5492/5247
f 5563/5492/5247 5704/5632/5377 5565/5494/5249
f 5704/5632/5377 5567/5496/5251 5565/5494/5249
f 5704/5632/5377 5703/5631/5376 5567/5496/5251
f 5703/5631/5376 5708/5636/5381 5567/5496/5251
f 5702/5630/5375 5708/5636/5381 5703/5631/5376
f 5702/5630/5375 5709/5637/5382 5708/5636/5381
f 5709/5637/5382 5702/5630/5375 5710/5638/5383
f 5568/5497/5252 5567/5496/5251 5708/5636/5381
f 5708/5636/5381 5573/5502/5257 5568/5497/5252
f 5708/5636/5381 5709/5637/5382 5573/5502/5257
f 5709/5637/5382 5575/5504/5259 5573/5502/5257
f 5591/5520/5275 5575/5504/5259 5709/5637/5382
f 5710/5638/5383 5591/5520/5275 5709/5637/5382
f 5591/5520/5275 5710/5638/5383 5589/5518/5273
f 5711/5639/5384 5712/5640/5385 5713/5641/5288
f 5711/5639/5384 5665/5593/5341 5712/5640/5385
f 5665/5593/5341 5711/5639/5384 5714/5642/5386
f 5714/5642/5386 5666/5594/5342 5665/5593/5341
f 5666/5594/5342 5714/5642/5386 5589/5518/5273
f 5589/5518/5273 5674/5602/5350 5666/5594/5342
f 5674/5602/5350 5589/5518/5273 5710/5638/5383
f 5710/5638/5383 5697/5625/5370 5674/5602/5350
f 5697/5625/5370 5710/5638/5383 5702/5630/5375
f 5702/5630/5375 5698/5626/5371 5697/5625/5370
f 5715/5643/5387 5665/5593/5341 5716/5644/5388
f 5655/5583/5334 5716/5644/5388 5665/5593/5341
f 5717/5645/5389 5716/5644/5388 5655/5583/5334
f 5716/5644/5388 5717/5645/5389 5718/5646/5390
f 5715/5643/5387 5716/5644/5388 5719/5647/5288
f 5720/5648/5391 5721/5649/5192 5722/5650/5392
f 5723/5651/5393 5722/5650/5392 5721/5649/5192
f 5721/5649/5192 5724/5652/5394 5723/5651/5393
f 5721/5649/5192 5725/5653/5233 5724/5652/5394
f 5726/5654/5395 5722/5650/5392 5723/5651/5393
f 5727/5655/5396 5728/5656/5397 5729/5657/5398
f 5728/5656/5397 5730/5658/5399 5729/5657/5398
f 5731/5659/5400 5730/5658/5399 5728/5656/5397
f 5728/5656/5397 5732/5660/5401 5731/5659/5400
f 5731/5659/5400 5732/5660/5401 5726/5654/5395
f 5733/5661/5402 5726/5654/5395 5732/5660/5401
f 5726/5654/5395 5733/5661/5402 5722/5650/5392
f 5734/5662/5403 5722/5650/5392 5733/5661/5402
f 5722/5650/5392 5734/5662/5403 5735/5663/5404
f 5722/5650/5392 5735/5663/5404 5720/5648/5391
f 5733/5661/5402 5736/5664/5405 5734/5662/5403
f 5732/5660/5401 5728/5656/5397 5727/5655/5396
f 5737/5665/5406 5732/5660/5401 5727/5655/5396
f 5732/5660/5401 5737/5665/5406 5733/5661/5402
f 5738/5666/5407 5733/5661/5402 5737/5665/5406
f 5736/5664/5405 5733/5661/5402 5738/5666/5407
f 5736/5664/5405 5738/5666/5407 5739/5667/5398
f 5738/5666/5407 5737/5665/5406 5740/5668/5408
f 5737/5665/5406 5727/5655/5396 5740/5668/5408
f 5741/5669/5409 5742/5670/5410 5743/5671/5411
f 540/538/540 5744/5672/628 538/536/538
f 5744/5672/628 540/538/540 618/615/619
f 618/615/619 5745/5673/5412 5744/5672/628
f 5745/5673/5412 618/615/619 620/617/621
f 5745/5673/5412 620/617/621 5746/5674/2688
f 5746/5674/2688 620/617/621 622/619/623
f 622/619/623 5741/5669/5409 5746/5674/2688
f 5741/5669/5409 622/619/623 624/621/625
f 5742/5670/5410 5741/5669/5409 624/621/625
f 625/622/626 5742/5670/5410 624/621/625
f 5747/5433/5413 5748/5432/5414 5749/5675/5405
f 5747/5433/5413 5749/5675/5405 5750/5676/5216
f 5751/5677/5415 5677/5605/5352 5686/5614/5359
f 5752/5678/5416 5751/5677/5415 5686/5614/5359
f 5752/5678/5416 5686/5614/5359 5683/5611/5356
f 5752/5678/5416 5683/5611/5356 5753/5679/5417
f 5754/5680/5418 5752/5678/5416 5753/5679/5417
f 5754/5680/5418 5753/5679/5417 5755/5681/5419
f 5756/5682/5420 5754/5680/5418 5755/5681/5419
f 5756/5682/5420 5755/5681/5419 5757/5683/5421
f 5758/5684/5422 5756/5682/5420 5757/5683/5421
f 5758/5684/5422 5757/5683/5421 5759/5685/5423
f 5760/5686/5424 5751/5677/5415 5752/5678/5416
f 5754/5680/5418 5760/5686/5424 5752/5678/5416
f 5761/5687/5425 5760/5686/5424 5754/5680/5418
f 5762/5688/5426 5761/5687/5425 5754/5680/5418
f 5762/5688/5426 5754/5680/5418 5756/5682/5420
f 5762/5688/5426 5756/5682/5420 5758/5684/5422
f 5724/5652/5394 5762/5688/5426 5758/5684/5422
f 5762/5688/5426 5724/5652/5394 5725/5653/5233
f 5725/5653/5233 5761/5687/5425 5762/5688/5426
f 5761/5687/5425 5725/5653/5233 5763/5689/5427
f 5763/5689/5427 5760/5686/5424 5761/5687/5425
f 5760/5686/5424 5763/5689/5427 5764/5690/5244
f 5764/5690/5244 5751/5677/5415 5760/5686/5424
f 5751/5677/5415 5764/5690/5244 5765/5691/5428
f 5765/5691/5428 5677/5605/5352 5751/5677/5415
f 5677/5605/5352 5765/5691/5428 5675/5603/5242
f 5730/5658/5399 5766/5692/5429 5767/5693/5430
f 5730/5658/5399 5768/5694/5212 5766/5692/5429
f 5768/5694/5212 5730/5658/5399 5731/5659/5400
f 5768/5694/5212 5731/5659/5400 5769/5695/5431
f 5731/5659/5400 5770/5696/5432 5769/5695/5431
f 5731/5659/5400 5726/5654/5395 5770/5696/5432
f 5726/5654/5395 5759/5685/5423 5770/5696/5432
f 5759/5685/5423 5726/5654/5395 5723/5651/5393
f 5723/5651/5393 5758/5684/5422 5759/5685/5423
f 5723/5651/5393 5724/5652/5394 5758/5684/5422
f 5771/5459/5433 5769/5695/5431 5770/5696/5432
f 5772/5697/5434 5771/5459/5433 5770/5696/5432
f 5759/5685/5423 5772/5697/5434 5770/5696/5432
f 5759/5685/5423 5757/5683/5421 5772/5697/5434
f 5757/5683/5421 5773/5698/5435 5772/5697/5434
f 5757/5683/5421 5755/5681/5419 5773/5698/5435
f 5755/5681/5419 5774/5470/5436 5773/5698/5435
f 5753/5679/5417 5774/5470/5436 5755/5681/5419
f 5774/5470/5436 5753/5679/5417 5682/5610/5355
f 5683/5611/5356 5682/5610/5355 5753/5679/5417
f 5771/5459/5433 5772/5697/5434 5775/5463/5437
f 5772/5697/5434 5773/5698/5435 5775/5463/5437
f 5775/5463/5437 5773/5698/5435 5774/5470/5436
f 5776/5699/5438 5777/5700/5439 5778/5612/5440
f 5778/5612/5440 5779/5623/5441 5776/5699/5438
f 5776/5699/5438 5779/5623/5441 5780/5701/5442
f 5779/5623/5441 5694/5622/5367 5780/5701/5442
f 5780/5701/5442 5694/5622/5367 5701/5629/5374
f 5780/5701/5442 5701/5629/5374 5707/5635/5380
f 5543/5472/5227 5780/5701/5442 5707/5635/5380
f 5776/5699/5438 5780/5701/5442 5543/5472/5227
f 5543/5472/5227 5542/5471/5226 5776/5699/5438
f 5777/5700/5439 5776/5699/5438 5542/5471/5226
f 5542/5471/5226 5540/5469/5224 5777/5700/5439
f 5541/5470/5225 5777/5700/5439 5540/5469/5224
f 5777/5700/5439 5541/5470/5225 5781/5610/5443
f 5781/5610/5443 5778/5612/5440 5777/5700/5439
f 5782/5702/5444 5783/5703/2448 5784/5704/2449
f 1494/1478/1482 5785/5705/5445 5786/5706/5446
f 5785/5705/5445 1494/1478/1482 1495/1479/1483
f 1495/1479/1483 5787/5707/5447 5785/5705/5445
f 1495/1479/1483 1498/1482/1486 5787/5707/5447
f 5782/5702/5444 5787/5707/5447 1498/1482/1486
f 1498/1482/1486 1503/1487/1491 5782/5702/5444
f 5783/5703/2448 5782/5702/5444 1503/1487/1491
f 5783/5703/2448 1503/1487/1491 1501/1485/1489
f 1501/1485/1489 1505/1489/1493 5783/5703/2448
f 1501/1485/1489 1502/1486/1490 1505/1489/1493
f 5784/5704/2449 5788/5708/5448 5782/5702/5444
f 5787/5707/5447 5782/5702/5444 5788/5708/5448
f 5788/5708/5448 5789/5709/5449 5787/5707/5447
f 5785/5705/5445 5787/5707/5447 5789/5709/5449
f 5785/5705/5445 5789/5709/5449 5790/5710/5450
f 5790/5710/5450 5786/5706/5446 5785/5705/5445
f 5786/5706/5446 5790/5710/5450 5791/5711/5451
f 5791/5711/5451 5792/5712/5452 5786/5706/5446
f 5789/5709/5449 5788/5708/5448 5793/5713/5453
f 5789/5709/5449 5793/5713/5453 5794/5714/5454
f 5789/5709/5449 5794/5714/5454 5790/5710/5450
f 5795/5715/5455 5790/5710/5450 5794/5714/5454
f 5790/5710/5450 5795/5715/5455 5791/5711/5451
f 5792/5712/5452 5796/5716/5456 5797/5717/5457
f 5791/5711/5451 5796/5716/5456 5792/5712/5452
f 5791/5711/5451 5798/5718/5458 5796/5716/5456
f 5798/5718/5458 5791/5711/5451 5795/5715/5455
f 5795/5715/5455 5799/5719/5459 5798/5718/5458
f 5794/5714/5454 5799/5719/5459 5795/5715/5455
f 5800/5720/2441 5799/5719/5459 5794/5714/5454
f 5793/5713/5453 5800/5720/2441 5794/5714/5454
f 5800/5720/2441 5793/5713/5453 5784/5704/2449
f 5784/5704/2449 5793/5713/5453 5788/5708/5448
f 5796/5716/5456 5798/5718/5458 5797/5717/5457
f 5799/5719/5459 5801/5721/5460 5798/5718/5458
f 5801/5721/5460 5802/5722/3511 5798/5718/5458
f 5798/5718/5458 5802/5722/3511 5797/5717/5457
f 5802/5722/3511 5801/5721/5460 5803/5723/3505
f 5804/5724/5461 5805/5725/3510 5806/5726/3512
f 5804/5724/5461 5802/5722/3511 5805/5725/3510
f 5802/5722/3511 5804/5724/5461 5797/5717/5457
f 5797/5717/5457 5804/5724/5461 5807/5727/5462
f 1480/1464/1468 5797/5717/5457 5807/5727/5462
f 5797/5717/5457 1480/1464/1468 1493/1477/1481
f 5792/5712/5452 5797/5717/5457 1493/1477/1481
f 1493/1477/1481 1492/1476/1480 5792/5712/5452
f 1492/1476/1480 5786/5706/5446 5792/5712/5452
f 5786/5706/5446 1492/1476/1480 1494/1478/1482
f 5808/5728/5463 5809/5729/693 5810/5730/694
f 5808/5728/5463 5811/5731/5464 5809/5729/693
f 5811/5731/5464 5808/5728/5463 5812/5732/5465
f 5812/5732/5465 5806/5726/3512 5811/5731/5464
f 5812/5732/5465 5804/5724/5461 5806/5726/3512
f 5813/5733/358 5804/5724/5461 5812/5732/5465
f 5804/5724/5461 5813/5733/358 5807/5727/5462
f 5813/5733/358 5814/5734/350 5807/5727/5462
f 5814/5734/350 1480/1464/1468 5807/5727/5462
f 1480/1464/1468 5814/5734/350 1478/1462/351
f 5813/5733/358 5808/5728/5463 5815/5735/5466
f 5808/5728/5463 5813/5733/358 5812/5732/5465
f 5816/5736/5467 5817/5737/5468 5818/5738/5469
f 5818/5738/5469 5819/5739/5470 5816/5736/5467
f 5819/5739/5470 5818/5738/5469 1924/1903/1901
f 5818/5738/5469 2492/2468/2436 1924/1903/1901
f 2492/2468/2436 5818/5738/5469 5817/5737/5468
f 5817/5737/5468 2489/2465/2433 2492/2468/2436
f 1083/1067/1074 2483/2459/2427 2489/2465/2433
f 5817/5737/5468 1083/1067/1074 2489/2465/2433
f 5817/5737/5468 1086/1070/1077 1083/1067/1074
f 5817/5737/5468 1088/1072/1079 1086/1070/1077
f 1088/1072/1079 5817/5737/5468 5816/5736/5467
f 5816/5736/5467 1081/1065/1072 1088/1072/1079
f 1081/1065/1072 5816/5736/5467 5819/5739/5470
f 1082/1066/1073 1081/1065/1072 5819/5739/5470
f 1924/1903/1901 1082/1066/1073 5819/5739/5470
f 1082/1066/1073 1924/1903/1901 1921/1900/1899
f 1797/1776/1777 1810/1789/1790 1798/1777/1778
f 1810/1789/1790 1797/1776/1777 1813/1792/1793
f 4305/4268/4131 1813/1792/1793 1797/1776/1777
f 1813/1792/1793 4305/4268/4131 1313/1297/1304
f 1313/1297/1304 4305/4268/4131 4300/4263/4127
f 1313/1297/1304 4300/4263/4127 1309/1293/1300
f 4300/4263/4127 4302/4265/4129 1309/1293/1300
f 1309/1293/1300 4302/4265/4129 1308/1292/1299
f 1316/1300/1307 1308/1292/1299 4302/4265/4129
f 1310/1294/1301 1308/1292/1299 1316/1300/1307
f 1349/1333/1340 1337/1321/1328 1335/1319/1326
f 1335/1319/1326 5820/5740/5471 1349/1333/1340
f 5820/5740/5471 1335/1319/1326 4256/4219/4085
f 4256/4219/4085 5821/5741/5472 5820/5740/5471
f 5821/5741/5472 1366/1350/1357 5820/5740/5471
f 5820/5740/5471 1366/1350/1357 1349/1333/1340
f 1366/1350/1357 1367/1351/1358 1349/1333/1340
f 1349/1333/1340 1367/1351/1358 1351/1335/1342
f 1367/1351/1358 1353/1337/1344 1351/1335/1342
f 1351/1335/1342 1353/1337/1344 1352/1336/1343
f 1364/1348/1355 1368/1352/1359 1363/1347/1354
f 4264/4227/4093 1368/1352/1359 1364/1348/1355
f 1366/1350/1357 4264/4227/4093 1364/1348/1355
f 4264/4227/4093 1366/1350/1357 4262/4225/4091
f 5821/5741/5472 4262/4225/4091 1366/1350/1357
f 5821/5741/5472 4260/4223/4089 4262/4225/4091
f 4256/4219/4085 4260/4223/4089 5821/5741/5472
f 4259/4222/4088 4260/4223/4089 4256/4219/4085
f 4248/4211/4077 4259/4222/4088 4256/4219/4085
f 4250/4213/4079 4259/4222/4088 4248/4211/4077
f 3636/3602/3517 3643/3609/3524 3637/3603/3518
f 5822/5742/5473 3637/3603/3518 3643/3609/3524
f 3637/3603/3518 5822/5742/5473 5823/5743/5474
f 5823/5743/5474 5824/5744/5475 3637/3603/3518
f 5824/5744/5475 5823/5743/5474 5825/5745/5476
f 5825/5745/5476 5826/5746/5477 5824/5744/5475
f 5826/5746/5477 5825/5745/5476 5827/5747/696
f 5827/5747/696 5828/5748/691 5826/5746/5477
f 5828/5748/691 5827/5747/696 5829/5749/5478
f 5830/5750/690 5828/5748/691 5829/5749/5478
f 5831/5751/693 5832/5752/5464 5833/5753/5479
f 5832/5752/5464 5834/5754/5480 5833/5753/5479
f 5834/5754/5480 5828/5748/691 5833/5753/5479
f 5835/5755/5481 5828/5748/691 5834/5754/5480
f 5828/5748/691 5835/5755/5481 5826/5746/5477
f 5835/5755/5481 5836/5756/5482 5826/5746/5477
f 5836/5756/5482 5824/5744/5475 5826/5746/5477
f 5824/5744/5475 5836/5756/5482 5837/5757/5483
f 5837/5757/5483 3637/3603/3518 5824/5744/5475
f 3619/3585/3273 3637/3603/3518 5837/5757/5483
f 3632/3598/3513 5832/5752/5464 3631/3597/3512
f 5832/5752/5464 3632/3598/3513 5834/5754/5480
f 3632/3598/3513 5838/5758/5484 5834/5754/5480
f 5838/5758/5484 5835/5755/5481 5834/5754/5480
f 5838/5758/5484 5836/5756/5482 5835/5755/5481
f 5838/5758/5484 5839/5759/5485 5836/5756/5482
f 5839/5759/5485 5837/5757/5483 5836/5756/5482
f 5837/5757/5483 5839/5759/5485 3619/3585/3273
f 3619/3585/3273 5839/5759/5485 3623/3589/3504
f 3618/3584/3500 3619/3585/3273 3623/3589/3504
f 3623/3589/3504 5839/5759/5485 5838/5758/5484
f 3622/3588/3503 3623/3589/3504 5838/5758/5484
f 3632/3598/3513 3622/3588/3503 5838/5758/5484
f 3622/3588/3503 3632/3598/3513 3624/3590/3505
f 1325/1309/1316 1340/1324/1331 1347/1331/1338
f 1324/1308/1315 1325/1309/1316 1347/1331/1338
f 1324/1308/1315 1347/1331/1338 1350/1334/1341
f 1414/1398/1405 1324/1308/1315 1350/1334/1341
f 1344/1328/1335 1414/1398/1405 1350/1334/1341
f 1414/1398/1405 1344/1328/1335 1410/1394/1401
f 1344/1328/1335 5840/5760/5486 1410/1394/1401
f 5840/5760/5486 1358/1342/1349 1410/1394/1401
f 1343/1327/1334 1358/1342/1349 5840/5760/5486
f 5840/5760/5486 1344/1328/1335 1343/1327/1334
f 3472/3438/3363 3481/3447/3371 5841/5761/3151
f 5841/5761/3151 3481/3447/3371 5842/5762/5487
f 5842/5762/5487 3481/3447/3371 3482/3448/3372
f 5842/5762/5487 3482/3448/3372 5843/5763/3149
f 3495/3461/3385 5843/5763/3149 3482/3448/3372
f 5843/5763/3149 3495/3461/3385 5844/5764/5488
f 3491/3457/3381 5844/5764/5488 3495/3461/3385
f 5844/5764/5488 3491/3457/3381 5845/5765/3132
f 3493/3459/3383 5845/5765/3132 3491/3457/3381
f 5845/5765/3132 3493/3459/3383 3502/3468/3392
f 4968/4916/4731 5846/5766/5489 2423/2399/2370
f 5846/5766/5489 4968/4916/4731 4965/4913/4728
f 4965/4913/4728 5847/5767/5490 5846/5766/5489
f 5846/5766/5489 5847/5767/5490 5848/5768/5491
f 5848/5768/5491 5847/5767/5490 5849/5769/5492
f 5849/5769/5492 5847/5767/5490 5850/5770/5493
f 4965/4913/4728 2440/2416/2387 2441/2417/2388
f 4965/4913/4728 2441/2417/2388 5847/5767/5490
f 5847/5767/5490 2441/2417/2388 2437/2413/2384
f 2437/2413/2384 5850/5770/5493 5847/5767/5490
f 2437/2413/2384 2429/2405/2376 5850/5770/5493
f 5849/5769/5492 5850/5770/5493 2429/2405/2376
f 2429/2405/2376 2422/2398/2369 5849/5769/5492
f 5849/5769/5492 2422/2398/2369 5848/5768/5491
f 2423/2399/2370 5848/5768/5491 2422/2398/2369
f 5848/5768/5491 2423/2399/2370 5846/5766/5489
f 5851/5771/5494 133/133/136 138/138/141
f 133/133/136 5851/5771/5494 5852/5772/5495
f 123/123/126 133/133/136 5852/5772/5495
f 5852/5772/5495 124/124/127 123/123/126
f 5852/5772/5495 5853/5773/5496 124/124/127
f 5853/5773/5496 126/126/129 124/124/127
f 5854/5774/5497 126/126/129 5853/5773/5496
f 126/126/129 5854/5774/5497 203/203/206
f 5854/5774/5497 205/205/208 203/203/206
f 205/205/208 201/201/204 203/203/206
f 151/151/154 148/148/151 137/137/140
f 137/137/140 148/148/151 5855/5775/5498
f 145/145/148 5855/5775/5498 148/148/151
f 5855/5775/5498 145/145/148 144/144/147
f 5856/204/5499 5855/5775/5498 144/144/147
f 137/137/140 5855/5775/5498 5856/204/5499
f 5856/204/5499 5857/205/5500 137/137/140
f 137/137/140 5857/205/5500 138/138/141
f 138/138/141 5857/205/5500 5854/5774/5497
f 138/138/141 5854/5774/5497 5851/5771/5494
f 5851/5771/5494 5854/5774/5497 5853/5773/5496
f 5851/5771/5494 5853/5773/5496 5852/5772/5495
f 3643/3609/3524 3648/3614/3529 3653/3619/3532
f 3653/3619/3532 5822/5742/5473 3643/3609/3524
f 5822/5742/5473 3653/3619/3532 5858/5776/5501
f 5858/5776/5501 5823/5743/5474 5822/5742/5473
f 5858/5776/5501 5859/5777/2083 5823/5743/5474
f 5859/5777/2083 5825/5745/5476 5823/5743/5474
f 5825/5745/5476 5859/5777/2083 5860/5778/5502
f 5860/5778/5502 5827/5747/696 5825/5745/5476
f 5827/5747/696 5860/5778/5502 5861/5779/695
f 5861/5779/695 5860/5778/5502 5862/5780/2085
f 4052/4017/3899 4054/4019/3901 4105/4070/3942
f 4105/4070/3942 4103/4068/3940 4052/4017/3899
f 4079/4044/3923 4052/4017/3899 4103/4068/3940
f 4052/4017/3899 4079/4044/3923 4082/4047/3926
f 4053/4018/3900 4052/4017/3899 4082/4047/3926
f 4082/4047/3926 4084/4049/3928 4053/4018/3900
f 4084/4049/3928 4056/4021/3903 4053/4018/3900
f 4056/4021/3903 4084/4049/3928 4075/4040/3920
f 4075/4040/3920 4058/4023/3905 4056/4021/3903
f 4058/4023/3905 4075/4040/3920 4062/4027/3909
f 2536/2512/2476 5863/5781/5503 2546/2522/2486
f 2528/2504/2468 5863/5781/5503 2536/2512/2476
f 2528/2504/2468 5864/5782/5504 5863/5781/5503
f 5864/5782/5504 2528/2504/2468 2530/2506/2470
f 2530/2506/2470 2836/2808/2762 5864/5782/5504
f 2805/2777/2731 2836/2808/2762 2530/2506/2470
f 2823/2795/2749 2836/2808/2762 2805/2777/2731
f 2805/2777/2731 2804/2776/2730 2823/2795/2749
f 2823/2795/2749 2804/2776/2730 2817/2789/2743
f 2804/2776/2730 2811/2783/2737 2817/2789/2743
f 2546/2522/2486 2556/2532/2496 2552/2528/2492
f 2556/2532/2496 2546/2522/2486 5863/5781/5503
f 2557/2533/2497 2556/2532/2496 5863/5781/5503
f 5863/5781/5503 5864/5782/5504 2557/2533/2497
f 2848/2820/2774 2557/2533/2497 5864/5782/5504
f 2848/2820/2774 5864/5782/5504 2836/2808/2762
f 2850/2822/2776 2848/2820/2774 2836/2808/2762
f 2836/2808/2762 2837/2809/2763 2850/2822/2776
f 2843/2815/2769 2850/2822/2776 2837/2809/2763
f 2843/2815/2769 2837/2809/2763 2839/2811/2765
f 3792/3757/3658 3793/3758/3659 3791/3756/3657
f 3880/3845/3739 3793/3758/3659 3792/3757/3658
f 3794/3759/3660 3793/3758/3659 3880/3845/3739
f 3880/3845/3739 3857/3822/3718 3794/3759/3660
f 4030/3995/3882 3794/3759/3660 3857/3822/3718
f 3856/3821/3717 4030/3995/3882 3857/3822/3718
f 4030/3995/3882 3856/3821/3717 4031/3996/3883
f 4031/3996/3883 3856/3821/3717 3855/3820/3716
f 3855/3820/3716 4037/4002/3889 4031/3996/3883
f 4037/4002/3889 3855/3820/3716 3858/3823/3719
f 3903/3868/3762 3894/3859/3753 3889/3854/3748
f 4402/4365/4212 3903/3868/3762 3889/3854/3748
f 3893/3858/3752 4402/4365/4212 3889/3854/3748
f 3893/3858/3752 4400/4363/4210 4402/4365/4212
f 4400/4363/4210 3893/3858/3752 3892/3857/3751
f 3892/3857/3751 4398/4361/4208 4400/4363/4210
f 4398/4361/4208 3892/3857/3751 3919/3884/3778
f 3919/3884/3778 4004/3969/3857 4398/4361/4208
f 3913/3878/3772 4004/3969/3857 3919/3884/3778
f 4004/3969/3857 3913/3878/3772 3916/3881/3775
f 5865/5290/5505 5280/5227/4991 5281/5228/4992
f 5280/5227/4991 5865/5290/5505 5866/5783/5506
f 5865/5290/5505 5867/5784/5507 5866/5783/5506
f 5867/5784/5507 5865/5290/5505 5868/5298/5508
f 5868/5298/5508 5351/5296/5056 5867/5784/5507
f 5351/5296/5056 5869/5785/5509 5867/5784/5507
f 5350/5295/5055 5869/5785/5509 5351/5296/5056
f 5869/5785/5509 5350/5295/5055 5870/5786/5510
f 5357/5302/5062 5870/5786/5510 5350/5295/5055
f 5355/5300/5060 5357/5302/5062 5350/5295/5055
f 5264/5211/4975 5357/5302/5062 5263/5210/4974
f 5357/5302/5062 5264/5211/4975 5871/5786/5511
f 5872/5785/4985 5871/5786/5511 5264/5211/4975
f 5872/5785/4985 5264/5211/4975 5266/5213/4977
f 5872/5785/4985 5266/5213/4977 5867/5784/5507
f 5268/5215/4979 5867/5784/5507 5266/5213/4977
f 5867/5784/5507 5268/5215/4979 5866/5783/5506
f 5269/5216/4980 5866/5783/5506 5268/5215/4979
f 5866/5783/5506 5269/5216/4980 5280/5227/4991
f 5280/5227/4991 5269/5216/4980 5278/5225/4989
f 3730/3695/3602 3719/3684/3593 3720/3685/3594
f 3730/3695/3602 3720/3685/3594 5873/5787/5512
f 3716/3681/3590 5873/5787/5512 3720/3685/3594
f 5874/5788/1308 5873/5787/5512 3716/3681/3590
f 5874/5788/1308 3716/3681/3590 3717/3682/3591
f 3717/3682/3591 5875/5789/5513 5874/5788/1308
f 5875/5789/5513 3717/3682/3591 3709/3674/3583
f 5875/5789/5513 3709/3674/3583 5876/5790/5514
f 3678/3643/3555 5876/5790/5514 3709/3674/3583
f 3678/3643/3555 3677/3642/3554 5876/5790/5514
